Workbook

Sheet 00_README
A1: Audit Manual Dashboard PHK (empdash)
A5: TUJUAN
A6: 1 | B6: Hitung ulang secara manual dan bandingkan dengan dashboard
A7: 2 | B7: Periksa perhitungan SHOCK-nya, bukan hanya hasil ke tenaga kerja
A8: 3 | B8: Periksa apakah kode mengambil data terkini
A9: 4 | B9: Kerjakan langsung seluruh matriks 52x34, bukan per sektor
A11: VINTAGE DATA YANG DIBANDINGKAN
A12: Theme 1 (harga komoditas) | B12: 2026M05
A13: Theme 2 (mitra dagang) | B13: WEO April 2026 - WEO April 2025
A14: Theme 3 (permintaan domestik) | B14: 2026-05
A15: Elastisitas | B15: PLACEHOLDER (sintetis) - bukan hasil IndoTERM
A17: RANTAI PERHITUNGAN
A18: Langkah 1-2 | B18: Data mentah -> shock x_j (38 angka, satuan percentage point)
A19: Langkah 3 | B19: E[s,p] = share[s,p] x JUMLAH_j ( x_j x intensity_j[s] )
A20: Langkah 4 | B20: dL[s,p] = E[s,p] / 100 x L0[s,p]
A22: PENYEDERHANAAN PENTING
B23: Semua 38 matriks elastisitas berbentuk eta_j[s,p] = intensity_j[s] x share[s,p].
B24: Terverifikasi persis untuk seluruh 38 x 52 pasangan, sehingga matriks 52x34
B25: cukup dihitung dari SATU tabel intensitas 38x52 - tidak perlu 38 matriks.
A27: DAFTAR SHEET
A28: 01_shock_T1 | B28: Harga komoditas -> YoY -> tren 48 -> x_j (7 shock)
A29: 02_shock_T2 | B29: Revisi WEO x bobot ekspor -> x_k (23 shock)
A30: 03_shock_T3 | B30: Indeks ritel BI -> YoY -> tren 48 -> x_i (8 shock)
A31: 04_L0 | B31: Tenaga kerja awal 52x34
A32: 05_shares | B32: Pangsa provinsi per sektor 52x34 (rumus dari 04)
A33: 06_intensity | B33: Tabel intensitas 38x52 + vektor w[s]
A34: 07_E_manual | B34: Hasil hitung manual E (%) 52x34 (rumus)
A35: 08_dL_manual | B35: Hasil hitung manual dL (orang) 52x34 (rumus)
A36: 09_dash_E | B36: E dari dashboard - pembanding
A37: 10_dash_dL | B37: dL dari dashboard - pembanding
A38: 11_selisih | B38: Perbandingan sel per sel + ringkasan
A39: 12_catatan | B39: Temuan
A41: CATATAN | B41: Semua sel matriks berupa RUMUS, bukan angka tempelan.
B42: Klik sel manapun untuk menelusuri asal perhitungannya.

Sheet 01_shock_T1
A1: Theme 1 — Shock Harga Komoditas
A2: x_j = YoY%(t) − rata-rata 48 periode YoY% (lag 1). Sumber: World Bank Pink Sheet + FRED IY3344
A4: period | B4: cpo: harga | C4: cpo: YoY% | D4: cpo: tren48 | E4: cpo: x_j | F4: coal: harga | G4: coal: YoY% | H4: coal: tren48 | I4: coal: x_j | J4: nickel: harga | K4: nickel: YoY% | L4: nickel: tren48 | M4: nickel: x_j | N4: copper: harga | O4: copper: YoY% | P4: copper: tren48 | Q4: copper: x_j | R4: rubber: harga | S4: rubber: YoY% | T4: rubber: tren48 | U4: rubber: x_j | V4: oilgas: harga | W4: oilgas: YoY% | X4: oilgas: tren48 | Y4: oilgas: x_j | Z4: electronics: harga | AA4: electronics: YoY% | AB4: electronics: tren48 | AC4: electronics: x_j
A5: 1960M01 | B5: 233 | J5: 1631 | N5: 715.4 | V5: 1.63
A6: 1960M02 | B6: 229 | J6: 1631 | N6: 728.19 | V6: 1.63
A7: 1960M03 | B7: 225 | J7: 1631 | N7: 684.94 | V7: 1.63
A8: 1960M04 | B8: 225 | J8: 1631 | N8: 723.11 | V8: 1.63
A9: 1960M05 | B9: 225 | J9: 1631 | N9: 684.75 | V9: 1.63
A10: 1960M06 | B10: 219 | J10: 1631 | N10: 691.59 | V10: 1.63
A11: 1960M07 | B11: 221 | J11: 1631 | N11: 702.39 | V11: 1.63
A12: 1960M08 | B12: 225 | J12: 1631 | N12: 675.94 | V12: 1.63
A13: 1960M09 | B13: 224 | J13: 1631 | N13: 647.06 | V13: 1.63
A14: 1960M10 | B14: 222 | J14: 1631 | N14: 612.66 | V14: 1.63
A15: 1960M11 | B15: 222 | J15: 1631 | N15: 642.13 | V15: 1.63
A16: 1960M12 | B16: 223 | J16: 1631 | N16: 636.91 | V16: 1.63
A17: 1961M01 | B17: 223 | C17: =IF(OR(B17="",B5=""),"",(B17/B5-1)*100) -> -4.2918455 | G17: =IF(OR(F17="",F5=""),"",(F17/F5-1)*100) | J17: 1711 | K17: =IF(OR(J17="",J5=""),"",(J17/J5-1)*100) -> 4.9049663 | N17: 606.71 | O17: =IF(OR(N17="",N5=""),"",(N17/N5-1)*100) -> -15.192899 | S17: =IF(OR(R17="",R5=""),"",(R17/R5-1)*100) | V17: 1.57 | W17: =IF(OR(V17="",V5=""),"",(V17/V5-1)*100) -> -3.6809816 | AA17: =IF(OR(Z17="",Z5=""),"",(Z17/Z5-1)*100)
A18: 1961M02 | B18: 228 | C18: =IF(OR(B18="",B6=""),"",(B18/B6-1)*100) -> -0.43668122 | G18: =IF(OR(F18="",F6=""),"",(F18/F6-1)*100) | J18: 1711 | K18: =IF(OR(J18="",J6=""),"",(J18/J6-1)*100) -> 4.9049663 | N18: 616.63 | O18: =IF(OR(N18="",N6=""),"",(N18/N6-1)*100) -> -15.320177 | S18: =IF(OR(R18="",R6=""),"",(R18/R6-1)*100) | V18: 1.57 | W18: =IF(OR(V18="",V6=""),"",(V18/V6-1)*100) -> -3.6809816 | AA18: =IF(OR(Z18="",Z6=""),"",(Z18/Z6-1)*100)
A19: 1961M03 | B19: 231 | C19: =IF(OR(B19="",B7=""),"",(B19/B7-1)*100) -> 2.6666667 | G19: =IF(OR(F19="",F7=""),"",(F19/F7-1)*100) | J19: 1711 | K19: =IF(OR(J19="",J7=""),"",(J19/J7-1)*100) -> 4.9049663 | N19: 621.26 | O19: =IF(OR(N19="",N7=""),"",(N19/N7-1)*100) -> -9.2971647 | S19: =IF(OR(R19="",R7=""),"",(R19/R7-1)*100) | V19: 1.57 | W19: =IF(OR(V19="",V7=""),"",(V19/V7-1)*100) -> -3.6809816 | AA19: =IF(OR(Z19="",Z7=""),"",(Z19/Z7-1)*100)
A20: 1961M04 | B20: 233 | C20: =IF(OR(B20="",B8=""),"",(B20/B8-1)*100) -> 3.5555556 | G20: =IF(OR(F20="",F8=""),"",(F20/F8-1)*100) | J20: 1711 | K20: =IF(OR(J20="",J8=""),"",(J20/J8-1)*100) -> 4.9049663 | N20: 631.84 | O20: =IF(OR(N20="",N8=""),"",(N20/N8-1)*100) -> -12.621869 | S20: =IF(OR(R20="",R8=""),"",(R20/R8-1)*100) | V20: 1.57 | W20: =IF(OR(V20="",V8=""),"",(V20/V8-1)*100) -> -3.6809816 | AA20: =IF(OR(Z20="",Z8=""),"",(Z20/Z8-1)*100)
A21: 1961M05 | B21: 234 | C21: =IF(OR(B21="",B9=""),"",(B21/B9-1)*100) -> 4 | G21: =IF(OR(F21="",F9=""),"",(F21/F9-1)*100) | J21: 1711 | K21: =IF(OR(J21="",J9=""),"",(J21/J9-1)*100) -> 4.9049663 | N21: 668.44 | O21: =IF(OR(N21="",N9=""),"",(N21/N9-1)*100) -> -2.3818912 | S21: =IF(OR(R21="",R9=""),"",(R21/R9-1)*100) | V21: 1.57 | W21: =IF(OR(V21="",V9=""),"",(V21/V9-1)*100) -> -3.6809816 | AA21: =IF(OR(Z21="",Z9=""),"",(Z21/Z9-1)*100)
A22: 1961M06 | B22: 233 | C22: =IF(OR(B22="",B10=""),"",(B22/B10-1)*100) -> 6.3926941 | G22: =IF(OR(F22="",F10=""),"",(F22/F10-1)*100) | J22: 1711 | K22: =IF(OR(J22="",J10=""),"",(J22/J10-1)*100) -> 4.9049663 | N22: 652.12 | O22: =IF(OR(N22="",N10=""),"",(N22/N10-1)*100) -> -5.7071386 | S22: =IF(OR(R22="",R10=""),"",(R22/R10-1)*100) | V22: 1.57 | W22: =IF(OR(V22="",V10=""),"",(V22/V10-1)*100) -> -3.6809816 | AA22: =IF(OR(Z22="",Z10=""),"",(Z22/Z10-1)*100)
A23: 1961M07 | B23: 229 | C23: =IF(OR(B23="",B11=""),"",(B23/B11-1)*100) -> 3.6199095 | G23: =IF(OR(F23="",F11=""),"",(F23/F11-1)*100) | J23: 1711 | K23: =IF(OR(J23="",J11=""),"",(J23/J11-1)*100) -> 4.9049663 | N23: 633.39 | O23: =IF(OR(N23="",N11=""),"",(N23/N11-1)*100) -> -9.8236023 | S23: =IF(OR(R23="",R11=""),"",(R23/R11-1)*100) | V23: 1.57 | W23: =IF(OR(V23="",V11=""),"",(V23/V11-1)*100) -> -3.6809816 | AA23: =IF(OR(Z23="",Z11=""),"",(Z23/Z11-1)*100)
A24: 1961M08 | B24: 226 | C24: =IF(OR(B24="",B12=""),"",(B24/B12-1)*100) -> 0.44444444 | G24: =IF(OR(F24="",F12=""),"",(F24/F12-1)*100) | J24: 1711 | K24: =IF(OR(J24="",J12=""),"",(J24/J12-1)*100) -> 4.9049663 | N24: 636.47 | O24: =IF(OR(N24="",N12=""),"",(N24/N12-1)*100) -> -5.8392757 | S24: =IF(OR(R24="",R12=""),"",(R24/R12-1)*100) | V24: 1.57 | W24: =IF(OR(V24="",V12=""),"",(V24/V12-1)*100) -> -3.6809816 | AA24: =IF(OR(Z24="",Z12=""),"",(Z24/Z12-1)*100)
A25: 1961M09 | B25: 226 | C25: =IF(OR(B25="",B13=""),"",(B25/B13-1)*100) -> 0.89285714 | G25: =IF(OR(F25="",F13=""),"",(F25/F13-1)*100) | J25: 1711 | K25: =IF(OR(J25="",J13=""),"",(J25/J13-1)*100) -> 4.9049663 | N25: 632.72 | O25: =IF(OR(N25="",N13=""),"",(N25/N13-1)*100) -> -2.2161778 | S25: =IF(OR(R25="",R13=""),"",(R25/R13-1)*100) | V25: 1.57 | W25: =IF(OR(V25="",V13=""),"",(V25/V13-1)*100) -> -3.6809816 | AA25: =IF(OR(Z25="",Z13=""),"",(Z25/Z13-1)*100)
A26: 1961M10 | B26: 226 | C26: =IF(OR(B26="",B14=""),"",(B26/B14-1)*100) -> 1.8018018 | G26: =IF(OR(F26="",F14=""),"",(F26/F14-1)*100) | J26: 1711 | K26: =IF(OR(J26="",J14=""),"",(J26/J14-1)*100) -> 4.9049663 | N26: 630.3 | O26: =IF(OR(N26="",N14=""),"",(N26/N14-1)*100) -> 2.8792479 | S26: =IF(OR(R26="",R14=""),"",(R26/R14-1)*100) | V26: 1.57 | W26: =IF(OR(V26="",V14=""),"",(V26/V14-1)*100) -> -3.6809816 | AA26: =IF(OR(Z26="",Z14=""),"",(Z26/Z14-1)*100)
A27: 1961M11 | B27: 226 | C27: =IF(OR(B27="",B15=""),"",(B27/B15-1)*100) -> 1.8018018 | G27: =IF(OR(F27="",F15=""),"",(F27/F15-1)*100) | J27: 1711 | K27: =IF(OR(J27="",J15=""),"",(J27/J15-1)*100) -> 4.9049663 | N27: 632.28 | O27: =IF(OR(N27="",N15=""),"",(N27/N15-1)*100) -> -1.5339573 | S27: =IF(OR(R27="",R15=""),"",(R27/R15-1)*100) | V27: 1.57 | W27: =IF(OR(V27="",V15=""),"",(V27/V15-1)*100) -> -3.6809816 | AA27: =IF(OR(Z27="",Z15=""),"",(Z27/Z15-1)*100)
A28: 1961M12 | B28: 226 | C28: =IF(OR(B28="",B16=""),"",(B28/B16-1)*100) -> 1.3452915 | G28: =IF(OR(F28="",F16=""),"",(F28/F16-1)*100) | J28: 1711 | K28: =IF(OR(J28="",J16=""),"",(J28/J16-1)*100) -> 4.9049663 | N28: 634.85 | O28: =IF(OR(N28="",N16=""),"",(N28/N16-1)*100) -> -0.32343659 | S28: =IF(OR(R28="",R16=""),"",(R28/R16-1)*100) | V28: 1.57 | W28: =IF(OR(V28="",V16=""),"",(V28/V16-1)*100) -> -3.6809816 | AA28: =IF(OR(Z28="",Z16=""),"",(Z28/Z16-1)*100)
... A64: 1964M12 | B64: 261.25 | C64: =IF(OR(B64="",B52=""),"",(B64/B52-1)*100) -> 12.72437 | G64: =IF(OR(F64="",F52=""),"",(F64/F52-1)*100) | J64: 1742 | K64: =IF(OR(J64="",J52=""),"",(J64/J52-1)*100) -> 0 | N64: 1269.2 | O64: =IF(OR(N64="",N52=""),"",(N64/N52-1)*100) -> 95.219491 | S64: =IF(OR(R64="",R52=""),"",(R64/R52-1)*100) | V64: 1.45 | W64: =IF(OR(V64="",V52=""),"",(V64/V52-1)*100) -> -3.3333333 | AA64: =IF(OR(Z64="",Z52=""),"",(Z64/Z52-1)*100)
A65: 1965M01 | B65: 266.21 | C65: =IF(OR(B65="",B53=""),"",(B65/B53-1)*100) -> 14.32191 | D65: =IF(COUNT(C17:C64)<48,"",AVERAGE(C17:C64)) -> 1.8366703 | E65: =IF(OR(C65="",D65=""),"",C65-D65) -> 12.48524 | G65: =IF(OR(F65="",F53=""),"",(F65/F53-1)*100) | H65: =IF(COUNT(G17:G64)<48,"",AVERAGE(G17:G64)) | I65: =IF(OR(G65="",H65=""),"",G65-H65) | J65: 1735 | K65: =IF(OR(J65="",J53=""),"",(J65/J53-1)*100) -> -0.34462952 | L65: =IF(COUNT(K17:K64)<48,"",AVERAGE(K17:K64)) -> 1.6823432 | M65: =IF(OR(K65="",L65=""),"",K65-L65) -> -2.0269727 | N65: 1000.68 | O65: =IF(OR(N65="",N53=""),"",(N65/N53-1)*100) -> 52.624113 | P65: =IF(COUNT(O17:O64)<48,"",AVERAGE(O17:O64)) -> 11.434296 | Q65: =IF(OR(O65="",P65=""),"",O65-P65) -> 41.189817 | S65: =IF(OR(R65="",R53=""),"",(R65/R53-1)*100) | T65: =IF(COUNT(S17:S64)<48,"",AVERAGE(S17:S64)) | U65: =IF(OR(S65="",T65=""),"",S65-T65) | V65: 1.42 | W65: =IF(OR(V65="",V53=""),"",(V65/V53-1)*100) -> -2.0689655 | X65: =IF(COUNT(W17:W64)<48,"",AVERAGE(W17:W64)) -> -2.8787044 | Y65: =IF(OR(W65="",X65=""),"",W65-X65) -> 0.80973893 | AA65: =IF(OR(Z65="",Z53=""),"",(Z65/Z53-1)*100) | AB65: =IF(COUNT(AA17:AA64)<48,"",AVERAGE(AA17:AA64)) | AC65: =IF(OR(AA65="",AB65=""),"",AA65-AB65)
A66: 1965M02 | B66: 283.02 | C66: =IF(OR(B66="",B54=""),"",(B66/B54-1)*100) -> 21.68193 | D66: =IF(COUNT(C18:C65)<48,"",AVERAGE(C18:C65)) -> 2.2244569 | E66: =IF(OR(C66="",D66=""),"",C66-D66) -> 19.457473 | G66: =IF(OR(F66="",F54=""),"",(F66/F54-1)*100) | H66: =IF(COUNT(G18:G65)<48,"",AVERAGE(G18:G65)) | I66: =IF(OR(G66="",H66=""),"",G66-H66) | J66: 1735 | K66: =IF(OR(J66="",J54=""),"",(J66/J54-1)*100) -> -0.40183697 | L66: =IF(COUNT(K18:K65)<48,"",AVERAGE(K18:K65)) -> 1.5729766 | M66: =IF(OR(K66="",L66=""),"",K66-L66) -> -1.9748136 | N66: 1179.91 | O66: =IF(OR(N66="",N54=""),"",(N66/N54-1)*100) -> 70.067311 | P66: =IF(COUNT(O18:O65)<48,"",AVERAGE(O18:O65)) -> 12.847151 | Q66: =IF(OR(O66="",P66=""),"",O66-P66) -> 57.220161 | S66: =IF(OR(R66="",R54=""),"",(R66/R54-1)*100) | T66: =IF(COUNT(S18:S65)<48,"",AVERAGE(S18:S65)) | U66: =IF(OR(S66="",T66=""),"",S66-T66) | V66: 1.42 | W66: =IF(OR(V66="",V54=""),"",(V66/V54-1)*100) -> -2.0689655 | X66: =IF(COUNT(W18:W65)<48,"",AVERAGE(W18:W65)) -> -2.8451208 | Y66: =IF(OR(W66="",X66=""),"",W66-X66) -> 0.77615526 | AA66: =IF(OR(Z66="",Z54=""),"",(Z66/Z54-1)*100) | AB66: =IF(COUNT(AA18:AA65)<48,"",AVERAGE(AA18:AA65)) | AC66: =IF(OR(AA66="",AB66=""),"",AA66-AB66)
A67: 1965M03 | B67: 292.11 | C67: =IF(OR(B67="",B55=""),"",(B67/B55-1)*100) -> 25.444473 | D67: =IF(COUNT(C19:C66)<48,"",AVERAGE(C19:C66)) -> 2.6852613 | E67: =IF(OR(C67="",D67=""),"",C67-D67) -> 22.759212 | G67: =IF(OR(F67="",F55=""),"",(F67/F55-1)*100) | H67: =IF(COUNT(G19:G66)<48,"",AVERAGE(G19:G66)) | I67: =IF(OR(G67="",H67=""),"",G67-H67) | J67: 1735 | K67: =IF(OR(J67="",J55=""),"",(J67/J55-1)*100) -> -0.40183697 | L67: =IF(COUNT(K19:K66)<48,"",AVERAGE(K19:K66)) -> 1.4624182 | M67: =IF(OR(K67="",L67=""),"",K67-L67) -> -1.8642552 | N67: 1237.23 | O67: =IF(OR(N67="",N55=""),"",(N67/N55-1)*100) -> 66.035482 | P67: =IF(COUNT(O19:O66)<48,"",AVERAGE(O19:O66)) -> 14.626057 | Q67: =IF(OR(O67="",P67=""),"",O67-P67) -> 51.409426 | S67: =IF(OR(R67="",R55=""),"",(R67/R55-1)*100) | T67: =IF(COUNT(S19:S66)<48,"",AVERAGE(S19:S66)) | U67: =IF(OR(S67="",T67=""),"",S67-T67) | V67: 1.42 | W67: =IF(OR(V67="",V55=""),"",(V67/V55-1)*100) -> -2.0689655 | X67: =IF(COUNT(W19:W66)<48,"",AVERAGE(W19:W66)) -> -2.8115371 | Y67: =IF(OR(W67="",X67=""),"",W67-X67) -> 0.74257159 | AA67: =IF(OR(Z67="",Z55=""),"",(Z67/Z55-1)*100) | AB67: =IF(COUNT(AA19:AA66)<48,"",AVERAGE(AA19:AA66)) | AC67: =IF(OR(AA67="",AB67=""),"",AA67-AB67)
A68: 1965M04 | B68: 297.62 | C68: =IF(OR(B68="",B56=""),"",(B68/B56-1)*100) -> 27.810702 | D68: =IF(COUNT(C20:C67)<48,"",AVERAGE(C20:C67)) -> 3.1597989 | E68: =IF(OR(C68="",D68=""),"",C68-D68) -> 24.650903 | G68: =IF(OR(F68="",F56=""),"",(F68/F56-1)*100) | H68: =IF(COUNT(G20:G67)<48,"",AVERAGE(G20:G67)) | I68: =IF(OR(G68="",H68=""),"",G68-H68) | J68: 1735 | K68: =IF(OR(J68="",J56=""),"",(J68/J56-1)*100) -> -0.34462952 | L68: =IF(COUNT(K20:K67)<48,"",AVERAGE(K20:K67)) -> 1.3518598 | M68: =IF(OR(K68="",L68=""),"",K68-L68) -> -1.6964894 | N68: 1348.34 | O68: =IF(OR(N68="",N56=""),"",(N68/N56-1)*100) -> 56.499838 | P68: =IF(COUNT(O20:O67)<48,"",AVERAGE(O20:O67)) -> 16.195487 | Q68: =IF(OR(O68="",P68=""),"",O68-P68) -> 40.304351 | S68: =IF(OR(R68="",R56=""),"",(R68/R56-1)*100) | T68: =IF(COUNT(S20:S67)<48,"",AVERAGE(S20:S67)) | U68: =IF(OR(S68="",T68=""),"",S68-T68) | V68: 1.42 | W68: =IF(OR(V68="",V56=""),"",(V68/V56-1)*100) -> -2.0689655 | X68: =IF(COUNT(W20:W67)<48,"",AVERAGE(W20:W67)) -> -2.7779534 | Y68: =IF(OR(W68="",X68=""),"",W68-X68) -> 0.70898792 | AA68: =IF(OR(Z68="",Z56=""),"",(Z68/Z56-1)*100) | AB68: =IF(COUNT(AA20:AA67)<48,"",AVERAGE(AA20:AA67)) | AC68: =IF(OR(AA68="",AB68=""),"",AA68-AB68)
A69: 1965M05 | B69: 303.13 | C69: =IF(OR(B69="",B57=""),"",(B69/B57-1)*100) -> 30.17693 | D69: =IF(COUNT(C21:C68)<48,"",AVERAGE(C21:C68)) -> 3.6651144 | E69: =IF(OR(C69="",D69=""),"",C69-D69) -> 26.511816 | G69: =IF(OR(F69="",F57=""),"",(F69/F57-1)*100) | H69: =IF(COUNT(G21:G68)<48,"",AVERAGE(G21:G68)) | I69: =IF(OR(G69="",H69=""),"",G69-H69) | J69: 1735 | K69: =IF(OR(J69="",J57=""),"",(J69/J57-1)*100) -> -0.40183697 | L69: =IF(COUNT(K21:K68)<48,"",AVERAGE(K21:K68)) -> 1.2424933 | M69: =IF(OR(K69="",L69=""),"",K69-L69) -> -1.6443302 | N69: 1378.55 | O69: =IF(OR(N69="",N57=""),"",(N69/N57-1)*100) -> 66.435263 | P69: =IF(COUNT(O21:O68)<48,"",AVERAGE(O21:O68)) -> 17.635522 | Q69: =IF(OR(O69="",P69=""),"",O69-P69) -> 48.799741 | S69: =IF(OR(R69="",R57=""),"",(R69/R57-1)*100) | T69: =IF(COUNT(S21:S68)<48,"",AVERAGE(S21:S68)) | U69: =IF(OR(S69="",T69=""),"",S69-T69) | V69: 1.42 | W69: =IF(OR(V69="",V57=""),"",(V69/V57-1)*100) -> -2.0689655 | X69: =IF(COUNT(W21:W68)<48,"",AVERAGE(W21:W68)) -> -2.7443698 | Y69: =IF(OR(W69="",X69=""),"",W69-X69) -> 0.67540425 | AA69: =IF(OR(Z69="",Z57=""),"",(Z69/Z57-1)*100) | AB69: =IF(COUNT(AA21:AA68)<48,"",AVERAGE(AA21:AA68)) | AC69: =IF(OR(AA69="",AB69=""),"",AA69-AB69)
A70: 1965M06 | B70: 294.87 | C70: =IF(OR(B70="",B58=""),"",(B70/B58-1)*100) -> 26.034365 | D70: =IF(COUNT(C22:C69)<48,"",AVERAGE(C22:C69)) -> 4.2104672 | E70: =IF(OR(C70="",D70=""),"",C70-D70) -> 21.823898 | G70: =IF(OR(F70="",F58=""),"",(F70/F58-1)*100) | H70: =IF(COUNT(G22:G69)<48,"",AVERAGE(G22:G69)) | I70: =IF(OR(G70="",H70=""),"",G70-H70) | J70: 1735 | K70: =IF(OR(J70="",J58=""),"",(J70/J58-1)*100) -> -0.40183697 | L70: =IF(COUNT(K22:K69)<48,"",AVERAGE(K22:K69)) -> 1.1319349 | M70: =IF(OR(K70="",L70=""),"",K70-L70) -> -1.5337718 | N70: 1308.88 | O70: =IF(OR(N70="",N58=""),"",(N70/N58-1)*100) -> 61.903937 | P70: =IF(COUNT(O22:O69)<48,"",AVERAGE(O22:O69)) -> 19.069213 | Q70: =IF(OR(O70="",P70=""),"",O70-P70) -> 42.834724 | S70: =IF(OR(R70="",R58=""),"",(R70/R58-1)*100) | T70: =IF(COUNT(S22:S69)<48,"",AVERAGE(S22:S69)) | U70: =IF(OR(S70="",T70=""),"",S70-T70) | V70: 1.42 | W70: =IF(OR(V70="",V58=""),"",(V70/V58-1)*100) -> -2.0689655 | X70: =IF(COUNT(W22:W69)<48,"",AVERAGE(W22:W69)) -> -2.7107861 | Y70: =IF(OR(W70="",X70=""),"",W70-X70) -> 0.64182059 | AA70: =IF(OR(Z70="",Z58=""),"",(Z70/Z58-1)*100) | AB70: =IF(COUNT(AA22:AA69)<48,"",AVERAGE(AA22:AA69)) | AC70: =IF(OR(AA70="",AB70=""),"",AA70-AB70)
A71: 1965M07 | B71: 279.99 | C71: =IF(OR(B71="",B59=""),"",(B71/B59-1)*100) -> 18.97255 | D71: =IF(COUNT(C23:C70)<48,"",AVERAGE(C23:C70)) -> 4.6196686 | E71: =IF(OR(C71="",D71=""),"",C71-D71) -> 14.352882 | G71: =IF(OR(F71="",F59=""),"",(F71/F59-1)*100) | H71: =IF(COUNT(G23:G70)<48,"",AVERAGE(G23:G70)) | I71: =IF(OR(G71="",H71=""),"",G71-H71) | J71: 1735 | K71: =IF(OR(J71="",J59=""),"",(J71/J59-1)*100) -> -0.34462952 | L71: =IF(COUNT(K23:K70)<48,"",AVERAGE(K23:K70)) -> 1.0213765 | M71: =IF(OR(K71="",L71=""),"",K71-L71) -> -1.366006 | N71: 1134.06 | O71: =IF(OR(N71="",N59=""),"",(N71/N59-1)*100) -> 32.646354 | P71: =IF(COUNT(O23:O70)<48,"",AVERAGE(O23:O70)) -> 20.477777 | Q71: =IF(OR(O71="",P71=""),"",O71-P71) -> 12.168576 | S71: =IF(OR(R71="",R59=""),"",(R71/R59-1)*100) | T71: =IF(COUNT(S23:S70)<48,"",AVERAGE(S23:S70)) | U71: =IF(OR(S71="",T71=""),"",S71-T71) | V71: 1.42 | W71: =IF(OR(V71="",V59=""),"",(V71/V59-1)*100) -> -2.0689655 | X71: =IF(COUNT(W23:W70)<48,"",AVERAGE(W23:W70)) -> -2.6772024 | Y71: =IF(OR(W71="",X71=""),"",W71-X71) -> 0.60823692 | AA71: =IF(OR(Z71="",Z59=""),"",(Z71/Z59-1)*100) | AB71: =IF(COUNT(AA23:AA70)<48,"",AVERAGE(AA23:AA70)) | AC71: =IF(OR(AA71="",AB71=""),"",AA71-AB71)
A72: 1965M08 | B72: 257.66 | C72: =IF(OR(B72="",B60=""),"",(B72/B60-1)*100) -> 9.3540446 | D72: =IF(COUNT(C24:C71)<48,"",AVERAGE(C24:C71)) -> 4.9395153 | E72: =IF(OR(C72="",D72=""),"",C72-D72) -> 4.4145293 | G72: =IF(OR(F72="",F60=""),"",(F72/F60-1)*100) | H72: =IF(COUNT(G24:G71)<48,"",AVERAGE(G24:G71)) | I72: =IF(OR(G72="",H72=""),"",G72-H72) | J72: 1735 | K72: =IF(OR(J72="",J60=""),"",(J72/J60-1)*100) -> -0.40183697 | L72: =IF(COUNT(K24:K71)<48,"",AVERAGE(K24:K71)) -> 0.91200988 | M72: =IF(OR(K72="",L72=""),"",K72-L72) -> -1.3138469 | N72: 1209.9 | O72: =IF(OR(N72="",N60=""),"",(N72/N60-1)*100) -> 21.071118 | P72: =IF(COUNT(O24:O71)<48,"",AVERAGE(O24:O71)) -> 21.362568 | Q72: =IF(OR(O72="",P72=""),"",O72-P72) -> -0.29145036 | S72: =IF(OR(R72="",R60=""),"",(R72/R60-1)*100) | T72: =IF(COUNT(S24:S71)<48,"",AVERAGE(S24:S71)) | U72: =IF(OR(S72="",T72=""),"",S72-T72) | V72: 1.42 | W72: =IF(OR(V72="",V60=""),"",(V72/V60-1)*100) -> -2.0689655 | X72: =IF(COUNT(W24:W71)<48,"",AVERAGE(W24:W71)) -> -2.6436188 | Y72: =IF(OR(W72="",X72=""),"",W72-X72) -> 0.57465325 | AA72: =IF(OR(Z72="",Z60=""),"",(Z72/Z60-1)*100) | AB72: =IF(COUNT(AA24:AA71)<48,"",AVERAGE(AA24:AA71)) | AC72: =IF(OR(AA72="",AB72=""),"",AA72-AB72)
A73: 1965M09 | B73: 246.64 | C73: =IF(OR(B73="",B61=""),"",(B73/B61-1)*100) -> 3.8265628 | D73: =IF(COUNT(C25:C72)<48,"",AVERAGE(C25:C72)) -> 5.125132 | E73: =IF(OR(C73="",D73=""),"",C73-D73) -> -1.2985692 | G73: =IF(OR(F73="",F61=""),"",(F73/F61-1)*100) | H73: =IF(COUNT(G25:G72)<48,"",AVERAGE(G25:G72)) | I73: =IF(OR(G73="",H73=""),"",G73-H73) | J73: 1735 | K73: =IF(OR(J73="",J61=""),"",(J73/J61-1)*100) -> -0.40183697 | L73: =IF(COUNT(K25:K72)<48,"",AVERAGE(K25:K72)) -> 0.80145148 | M73: =IF(OR(K73="",L73=""),"",K73-L73) -> -1.2032885 | N73: 1327.84 | O73: =IF(OR(N73="",N61=""),"",(N73/N61-1)*100) -> 14.267028 | P73: =IF(COUNT(O25:O72)<48,"",AVERAGE(O25:O72)) -> 21.923201 | Q73: =IF(OR(O73="",P73=""),"",O73-P73) -> -7.6561731 | S73: =IF(OR(R73="",R61=""),"",(R73/R61-1)*100) | T73: =IF(COUNT(S25:S72)<48,"",AVERAGE(S25:S72)) | U73: =IF(OR(S73="",T73=""),"",S73-T73) | V73: 1.42 | W73: =IF(OR(V73="",V61=""),"",(V73/V61-1)*100) -> -2.0689655 | X73: =IF(COUNT(W25:W72)<48,"",AVERAGE(W25:W72)) -> -2.6100351 | Y73: =IF(OR(W73="",X73=""),"",W73-X73) -> 0.54106958 | AA73: =IF(OR(Z73="",Z61=""),"",(Z73/Z61-1)*100) | AB73: =IF(COUNT(AA25:AA72)<48,"",AVERAGE(AA25:AA72)) | AC73: =IF(OR(AA73="",AB73=""),"",AA73-AB73)
A74: 1965M10 | B74: 250.22 | C74: =IF(OR(B74="",B62=""),"",(B74/B62-1)*100) -> -0.21932448 | D74: =IF(COUNT(C26:C73)<48,"",AVERAGE(C26:C73)) -> 5.1862509 | E74: =IF(OR(C74="",D74=""),"",C74-D74) -> -5.4055753 | G74: =IF(OR(F74="",F62=""),"",(F74/F62-1)*100) | H74: =IF(COUNT(G26:G73)<48,"",AVERAGE(G26:G73)) | I74: =IF(OR(G74="",H74=""),"",G74-H74) | J74: 1735 | K74: =IF(OR(J74="",J62=""),"",(J74/J62-1)*100) -> -0.34462952 | L74: =IF(COUNT(K26:K73)<48,"",AVERAGE(K26:K73)) -> 0.69089308 | M74: =IF(OR(K74="",L74=""),"",K74-L74) -> -1.0355226 | N74: 1401.92 | O74: =IF(OR(N74="",N62=""),"",(N74/N62-1)*100) -> 3.2136468 | P74: =IF(COUNT(O26:O73)<48,"",AVERAGE(O26:O73)) -> 22.266601 | Q74: =IF(OR(O74="",P74=""),"",O74-P74) -> -19.052955 | S74: =IF(OR(R74="",R62=""),"",(R74/R62-1)*100) | T74: =IF(COUNT(S26:S73)<48,"",AVERAGE(S26:S73)) | U74: =IF(OR(S74="",T74=""),"",S74-T74) | V74: 1.42 | W74: =IF(OR(V74="",V62=""),"",(V74/V62-1)*100) -> -2.0689655 | X74: =IF(COUNT(W26:W73)<48,"",AVERAGE(W26:W73)) -> -2.5764514 | Y74: =IF(OR(W74="",X74=""),"",W74-X74) -> 0.50748591 | AA74: =IF(OR(Z74="",Z62=""),"",(Z74/Z62-1)*100) | AB74: =IF(COUNT(AA26:AA73)<48,"",AVERAGE(AA26:AA73)) | AC74: =IF(OR(AA74="",AB74=""),"",AA74-AB74)
A75: 1965M11 | B75: 250.22 | C75: =IF(OR(B75="",B63=""),"",(B75/B63-1)*100) -> -1.8398651 | D75: =IF(COUNT(C27:C74)<48,"",AVERAGE(C27:C74)) -> 5.1441441 | E75: =IF(OR(C75="",D75=""),"",C75-D75) -> -6.9840091 | G75: =IF(OR(F75="",F63=""),"",(F75/F63-1)*100) | H75: =IF(COUNT(G27:G74)<48,"",AVERAGE(G27:G74)) | I75: =IF(OR(G75="",H75=""),"",G75-H75) | J75: 1735 | K75: =IF(OR(J75="",J63=""),"",(J75/J63-1)*100) -> -0.40183697 | L75: =IF(COUNT(K27:K74)<48,"",AVERAGE(K27:K74)) -> 0.5815265 | M75: =IF(OR(K75="",L75=""),"",K75-L75) -> -0.98336347 | N75: 1469.16 | O75: =IF(OR(N75="",N63=""),"",(N75/N63-1)*100) -> 4.9122732 | P75: =IF(COUNT(O27:O74)<48,"",AVERAGE(O27:O74)) -> 22.273568 | Q75: =IF(OR(O75="",P75=""),"",O75-P75) -> -17.361295 | S75: =IF(OR(R75="",R63=""),"",(R75/R63-1)*100) | T75: =IF(COUNT(S27:S74)<48,"",AVERAGE(S27:S74)) | U75: =IF(OR(S75="",T75=""),"",S75-T75) | V75: 1.42 | W75: =IF(OR(V75="",V63=""),"",(V75/V63-1)*100) -> -2.0689655 | X75: =IF(COUNT(W27:W74)<48,"",AVERAGE(W27:W74)) -> -2.5428678 | Y75: =IF(OR(W75="",X75=""),"",W75-X75) -> 0.47390224 | AA75: =IF(OR(Z75="",Z63=""),"",(Z75/Z63-1)*100) | AB75: =IF(COUNT(AA27:AA74)<48,"",AVERAGE(AA27:AA74)) | AC75: =IF(OR(AA75="",AB75=""),"",AA75-AB75)
A76: 1965M12 | B76: 248.57 | C76: =IF(OR(B76="",B64=""),"",(B76/B64-1)*100) -> -4.8535885 | D76: =IF(COUNT(C28:C75)<48,"",AVERAGE(C28:C75)) -> 5.068276 | E76: =IF(OR(C76="",D76=""),"",C76-D76) -> -9.9218645 | G76: =IF(OR(F76="",F64=""),"",(F76/F64-1)*100) | H76: =IF(COUNT(G28:G75)<48,"",AVERAGE(G28:G75)) | I76: =IF(OR(G76="",H76=""),"",G76-H76) | J76: 1735 | K76: =IF(OR(J76="",J64=""),"",(J76/J64-1)*100) -> -0.40183697 | L76: =IF(COUNT(K28:K75)<48,"",AVERAGE(K28:K75)) -> 0.4709681 | M76: =IF(OR(K76="",L76=""),"",K76-L76) -> -0.87280507 | N76: 1517.66 | O76: =IF(OR(N76="",N64=""),"",(N76/N64-1)*100) -> 19.576111 | P76: =IF(COUNT(O28:O75)<48,"",AVERAGE(O28:O75)) -> 22.407864 | Q76: =IF(OR(O76="",P76=""),"",O76-P76) -> -2.8317535 | S76: =IF(OR(R76="",R64=""),"",(R76/R64-1)*100) | T76: =IF(COUNT(S28:S75)<48,"",AVERAGE(S28:S75)) | U76: =IF(OR(S76="",T76=""),"",S76-T76) | V76: 1.42 | W76: =IF(OR(V76="",V64=""),"",(V76/V64-1)*100) -> -2.0689655 | X76: =IF(COUNT(W28:W75)<48,"",AVERAGE(W28:W75)) -> -2.5092841 | Y76: =IF(OR(W76="",X76=""),"",W76-X76) -> 0.44031858 | AA76: =IF(OR(Z76="",Z64=""),"",(Z76/Z64-1)*100) | AB76: =IF(COUNT(AA28:AA75)<48,"",AVERAGE(AA28:AA75)) | AC76: =IF(OR(AA76="",AB76=""),"",AA76-AB76)
... A124: 1969M12 | B124: 255.11 | C124: =IF(OR(B124="",B112=""),"",(B124/B112-1)*100) -> 66.924033 | D124: =IF(COUNT(C76:C123)<48,"",AVERAGE(C76:C123)) -> -9.627741 | E124: =IF(OR(C124="",D124=""),"",C124-D124) -> 76.551774 | G124: =IF(OR(F124="",F112=""),"",(F124/F112-1)*100) | H124: =IF(COUNT(G76:G123)<48,"",AVERAGE(G76:G123)) | I124: =IF(OR(G124="",H124=""),"",G124-H124) | J124: 2363.4 | K124: =IF(OR(J124="",J112=""),"",(J124/J112-1)*100) -> 13.926247 | L124: =IF(COUNT(K76:K123)<48,"",AVERAGE(K76:K123)) -> 7.8611047 | M124: =IF(OR(K124="",L124=""),"",K124-L124) -> 6.0651426 | N124: 1699.76 | O124: =IF(OR(N124="",N112=""),"",(N124/N112-1)*100) -> 43.442083 | P124: =IF(COUNT(O76:O123)<48,"",AVERAGE(O76:O123)) -> 7.3750246 | Q124: =IF(OR(O124="",P124=""),"",O124-P124) -> 36.067059 | S124: =IF(OR(R124="",R112=""),"",(R124/R112-1)*100) | T124: =IF(COUNT(S76:S123)<48,"",AVERAGE(S76:S123)) | U124: =IF(OR(S124="",T124=""),"",S124-T124) | V124: 1.27 | W124: =IF(OR(V124="",V112=""),"",(V124/V112-1)*100) -> -3.7878788 | X124: =IF(COUNT(W76:W123)<48,"",AVERAGE(W76:W123)) -> -2.7069375 | Y124: =IF(OR(W124="",X124=""),"",W124-X124) -> -1.0809412 | AA124: =IF(OR(Z124="",Z112=""),"",(Z124/Z112-1)*100) | AB124: =IF(COUNT(AA76:AA123)<48,"",AVERAGE(AA76:AA123)) | AC124: =IF(OR(AA124="",AB124=""),"",AA124-AB124)
A125: 1970M01 | B125: 255.34 | C125: =IF(OR(B125="",B113=""),"",(B125/B113-1)*100) -> 61.342095 | D125: =IF(COUNT(C77:C124)<48,"",AVERAGE(C77:C124)) -> -8.1323739 | E125: =IF(OR(C125="",D125=""),"",C125-D125) -> 69.474469 | F125: 7.8 | G125: =IF(OR(F125="",F113=""),"",(F125/F113-1)*100) | H125: =IF(COUNT(G77:G124)<48,"",AVERAGE(G77:G124)) | I125: =IF(OR(G125="",H125=""),"",G125-H125) | J125: 2846.2 | K125: =IF(OR(J125="",J113=""),"",(J125/J113-1)*100) -> 20.428197 | L125: =IF(COUNT(K77:K124)<48,"",AVERAGE(K77:K124)) -> 8.1596064 | M125: =IF(OR(K125="",L125=""),"",K125-L125) -> 12.26859 | N125: 1626.3 | O125: =IF(OR(N125="",N113=""),"",(N125/N113-1)*100) -> 29.530955 | P125: =IF(COUNT(O77:O124)<48,"",AVERAGE(O77:O124)) -> 7.8722324 | Q125: =IF(OR(O125="",P125=""),"",O125-P125) -> 21.658723 | S125: =IF(OR(R125="",R113=""),"",(R125/R113-1)*100) | T125: =IF(COUNT(S77:S124)<48,"",AVERAGE(S77:S124)) | U125: =IF(OR(S125="",T125=""),"",S125-T125) | V125: 1.21 | W125: =IF(OR(V125="",V113=""),"",(V125/V113-1)*100) -> -4.7244094 | X125: =IF(COUNT(W77:W124)<48,"",AVERAGE(W77:W124)) -> -2.7427482 | Y125: =IF(OR(W125="",X125=""),"",W125-X125) -> -1.9816612 | AA125: =IF(OR(Z125="",Z113=""),"",(Z125/Z113-1)*100) | AB125: =IF(COUNT(AA77:AA124)<48,"",AVERAGE(AA77:AA124)) | AC125: =IF(OR(AA125="",AB125=""),"",AA125-AB125)
A126: 1970M02 | B126: 256.29 | C126: =IF(OR(B126="",B114=""),"",(B126/B114-1)*100) -> 61.942373 | D126: =IF(COUNT(C78:C125)<48,"",AVERAGE(C78:C125)) -> -6.7034519 | E126: =IF(OR(C126="",D126=""),"",C126-D126) -> 68.645825 | F126: 7.8 | G126: =IF(OR(F126="",F114=""),"",(F126/F114-1)*100) | H126: =IF(COUNT(G78:G125)<48,"",AVERAGE(G78:G125)) | I126: =IF(OR(G126="",H126=""),"",G126-H126) | J126: 2846.2 | K126: =IF(OR(J126="",J114=""),"",(J126/J114-1)*100) -> 20.428197 | L126: =IF(COUNT(K78:K125)<48,"",AVERAGE(K78:K125)) -> 8.5803908 | M126: =IF(OR(K126="",L126=""),"",K126-L126) -> 11.847806 | N126: 1657.2 | O126: =IF(OR(N126="",N114=""),"",(N126/N114-1)*100) -> 28.935882 | P126: =IF(COUNT(O78:O125)<48,"",AVERAGE(O78:O125)) -> 7.075171 | Q126: =IF(OR(O126="",P126=""),"",O126-P126) -> 21.860711 | S126: =IF(OR(R126="",R114=""),"",(R126/R114-1)*100) | T126: =IF(COUNT(S78:S125)<48,"",AVERAGE(S78:S125)) | U126: =IF(OR(S126="",T126=""),"",S126-T126) | V126: 1.21 | W126: =IF(OR(V126="",V114=""),"",(V126/V114-1)*100) -> -4.7244094 | X126: =IF(COUNT(W78:W125)<48,"",AVERAGE(W78:W125)) -> -2.7531453 | Y126: =IF(OR(W126="",X126=""),"",W126-X126) -> -1.9712642 | AA126: =IF(OR(Z126="",Z114=""),"",(Z126/Z114-1)*100) | AB126: =IF(COUNT(AA78:AA125)<48,"",AVERAGE(AA78:AA125)) | AC126: =IF(OR(AA126="",AB126=""),"",AA126-AB126)
A127: 1970M03 | B127: 258.88 | C127: =IF(OR(B127="",B115=""),"",(B127/B115-1)*100) -> 44.206774 | D127: =IF(COUNT(C79:C126)<48,"",AVERAGE(C79:C126)) -> -5.1553479 | E127: =IF(OR(C127="",D127=""),"",C127-D127) -> 49.362122 | F127: 7.8 | G127: =IF(OR(F127="",F115=""),"",(F127/F115-1)*100) | H127: =IF(COUNT(G79:G126)<48,"",AVERAGE(G79:G126)) | I127: =IF(OR(G127="",H127=""),"",G127-H127) | J127: 2846.2 | K127: =IF(OR(J127="",J115=""),"",(J127/J115-1)*100) -> 20.428197 | L127: =IF(COUNT(K79:K126)<48,"",AVERAGE(K79:K126)) -> 9.0011752 | M127: =IF(OR(K127="",L127=""),"",K127-L127) -> 11.427022 | N127: 1754 | O127: =IF(OR(N127="",N115=""),"",(N127/N115-1)*100) -> 37.196314 | P127: =IF(COUNT(O79:O126)<48,"",AVERAGE(O79:O126)) -> 6.4518137 | Q127: =IF(OR(O127="",P127=""),"",O127-P127) -> 30.744501 | S127: =IF(OR(R127="",R115=""),"",(R127/R115-1)*100) | T127: =IF(COUNT(S79:S126)<48,"",AVERAGE(S79:S126)) | U127: =IF(OR(S127="",T127=""),"",S127-T127) | V127: 1.21 | W127: =IF(OR(V127="",V115=""),"",(V127/V115-1)*100) -> -4.7244094 | X127: =IF(COUNT(W79:W126)<48,"",AVERAGE(W79:W126)) -> -2.7635423 | Y127: =IF(OR(W127="",X127=""),"",W127-X127) -> -1.9608672 | AA127: =IF(OR(Z127="",Z115=""),"",(Z127/Z115-1)*100) | AB127: =IF(COUNT(AA79:AA126)<48,"",AVERAGE(AA79:AA126)) | AC127: =IF(OR(AA127="",AB127=""),"",AA127-AB127)
A128: 1970M04 | B128: 267.62 | C128: =IF(OR(B128="",B116=""),"",(B128/B116-1)*100) -> 57.358735 | D128: =IF(COUNT(C80:C127)<48,"",AVERAGE(C80:C127)) -> -3.9002385 | E128: =IF(OR(C128="",D128=""),"",C128-D128) -> 61.258973 | F128: 7.8 | G128: =IF(OR(F128="",F116=""),"",(F128/F116-1)*100) | H128: =IF(COUNT(G80:G127)<48,"",AVERAGE(G80:G127)) | I128: =IF(OR(G128="",H128=""),"",G128-H128) | J128: 2846.2 | K128: =IF(OR(J128="",J116=""),"",(J128/J116-1)*100) -> 20.428197 | L128: =IF(COUNT(K80:K127)<48,"",AVERAGE(K80:K127)) -> 9.4219595 | M128: =IF(OR(K128="",L128=""),"",K128-L128) -> 11.006237 | N128: 1741.6 | O128: =IF(OR(N128="",N116=""),"",(N128/N116-1)*100) -> 25.472792 | P128: =IF(COUNT(O80:O127)<48,"",AVERAGE(O80:O127)) -> 6.1531356 | Q128: =IF(OR(O128="",P128=""),"",O128-P128) -> 19.319657 | S128: =IF(OR(R128="",R116=""),"",(R128/R116-1)*100) | T128: =IF(COUNT(S80:S127)<48,"",AVERAGE(S80:S127)) | U128: =IF(OR(S128="",T128=""),"",S128-T128) | V128: 1.21 | W128: =IF(OR(V128="",V116=""),"",(V128/V116-1)*100) -> -4.7244094 | X128: =IF(COUNT(W80:W127)<48,"",AVERAGE(W80:W127)) -> -2.7739393 | Y128: =IF(OR(W128="",X128=""),"",W128-X128) -> -1.9504701 | AA128: =IF(OR(Z128="",Z116=""),"",(Z128/Z116-1)*100) | AB128: =IF(COUNT(AA80:AA127)<48,"",AVERAGE(AA80:AA127)) | AC128: =IF(OR(AA128="",AB128=""),"",AA128-AB128)
A129: 1970M05 | B129: 278.73 | C129: =IF(OR(B129="",B117=""),"",(B129/B117-1)*100) -> 67.616814 | D129: =IF(COUNT(C81:C128)<48,"",AVERAGE(C81:C128)) -> -2.2577563 | E129: =IF(OR(C129="",D129=""),"",C129-D129) -> 69.87457 | F129: 7.8 | G129: =IF(OR(F129="",F117=""),"",(F129/F117-1)*100) | H129: =IF(COUNT(G81:G128)<48,"",AVERAGE(G81:G128)) | I129: =IF(OR(G129="",H129=""),"",G129-H129) | J129: 2846.2 | K129: =IF(OR(J129="",J117=""),"",(J129/J117-1)*100) -> 20.428197 | L129: =IF(COUNT(K81:K128)<48,"",AVERAGE(K81:K128)) -> 9.8427439 | M129: =IF(OR(K129="",L129=""),"",K129-L129) -> 10.585453 | N129: 1597.9 | O129: =IF(OR(N129="",N117=""),"",(N129/N117-1)*100) -> 14.755393 | P129: =IF(COUNT(O81:O128)<48,"",AVERAGE(O81:O128)) -> 5.8199479 | Q129: =IF(OR(O129="",P129=""),"",O129-P129) -> 8.9354455 | S129: =IF(OR(R129="",R117=""),"",(R129/R117-1)*100) | T129: =IF(COUNT(S81:S128)<48,"",AVERAGE(S81:S128)) | U129: =IF(OR(S129="",T129=""),"",S129-T129) | V129: 1.21 | W129: =IF(OR(V129="",V117=""),"",(V129/V117-1)*100) -> -4.7244094 | X129: =IF(COUNT(W81:W128)<48,"",AVERAGE(W81:W128)) -> -2.7843363 | Y129: =IF(OR(W129="",X129=""),"",W129-X129) -> -1.9400731 | AA129: =IF(OR(Z129="",Z117=""),"",(Z129/Z117-1)*100) | AB129: =IF(COUNT(AA81:AA128)<48,"",AVERAGE(AA81:AA128)) | AC129: =IF(OR(AA129="",AB129=""),"",AA129-AB129)
A130: 1970M06 | B130: 277.07 | C130: =IF(OR(B130="",B118=""),"",(B130/B118-1)*100) -> 67.56577 | D130: =IF(COUNT(C82:C129)<48,"",AVERAGE(C82:C129)) -> -0.31691651 | E130: =IF(OR(C130="",D130=""),"",C130-D130) -> 67.882686 | F130: 7.8 | G130: =IF(OR(F130="",F118=""),"",(F130/F118-1)*100) | H130: =IF(COUNT(G82:G129)<48,"",AVERAGE(G82:G129)) | I130: =IF(OR(G130="",H130=""),"",G130-H130) | J130: 2846.2 | K130: =IF(OR(J130="",J118=""),"",(J130/J118-1)*100) -> 20.428197 | L130: =IF(COUNT(K82:K129)<48,"",AVERAGE(K82:K129)) -> 10.263528 | M130: =IF(OR(K130="",L130=""),"",K130-L130) -> 10.164668 | N130: 1458 | O130: =IF(OR(N130="",N118=""),"",(N130/N118-1)*100) -> -1.6884238 | P130: =IF(COUNT(O82:O129)<48,"",AVERAGE(O82:O129)) -> 5.6965551 | Q130: =IF(OR(O130="",P130=""),"",O130-P130) -> -7.3849789 | S130: =IF(OR(R130="",R118=""),"",(R130/R118-1)*100) | T130: =IF(COUNT(S82:S129)<48,"",AVERAGE(S82:S129)) | U130: =IF(OR(S130="",T130=""),"",S130-T130) | V130: 1.21 | W130: =IF(OR(V130="",V118=""),"",(V130/V118-1)*100) -> -4.7244094 | X130: =IF(COUNT(W82:W129)<48,"",AVERAGE(W82:W129)) -> -2.7947334 | Y130: =IF(OR(W130="",X130=""),"",W130-X130) -> -1.9296761 | AA130: =IF(OR(Z130="",Z118=""),"",(Z130/Z118-1)*100) | AB130: =IF(COUNT(AA82:AA129)<48,"",AVERAGE(AA82:AA129)) | AC130: =IF(OR(AA130="",AB130=""),"",AA130-AB130)
A131: 1970M07 | B131: 261.01 | C131: =IF(OR(B131="",B119=""),"",(B131/B119-1)*100) -> 61.31644 | D131: =IF(COUNT(C83:C130)<48,"",AVERAGE(C83:C130)) -> 1.581386 | E131: =IF(OR(C131="",D131=""),"",C131-D131) -> 59.735054 | F131: 7.8 | G131: =IF(OR(F131="",F119=""),"",(F131/F119-1)*100) | H131: =IF(COUNT(G83:G130)<48,"",AVERAGE(G83:G130)) | I131: =IF(OR(G131="",H131=""),"",G131-H131) | J131: 2846.2 | K131: =IF(OR(J131="",J119=""),"",(J131/J119-1)*100) -> 20.428197 | L131: =IF(COUNT(K83:K130)<48,"",AVERAGE(K83:K130)) -> 10.684313 | M131: =IF(OR(K131="",L131=""),"",K131-L131) -> 9.7438841 | N131: 1366.6 | O131: =IF(OR(N131="",N119=""),"",(N131/N119-1)*100) -> -6.0077719 | P131: =IF(COUNT(O83:O130)<48,"",AVERAGE(O83:O130)) -> 5.0455382 | Q131: =IF(OR(O131="",P131=""),"",O131-P131) -> -11.05331 | S131: =IF(OR(R131="",R119=""),"",(R131/R119-1)*100) | T131: =IF(COUNT(S83:S130)<48,"",AVERAGE(S83:S130)) | U131: =IF(OR(S131="",T131=""),"",S131-T131) | V131: 1.21 | W131: =IF(OR(V131="",V119=""),"",(V131/V119-1)*100) -> -4.7244094 | X131: =IF(COUNT(W83:W130)<48,"",AVERAGE(W83:W130)) -> -2.8051304 | Y131: =IF(OR(W131="",X131=""),"",W131-X131) -> -1.919279 | AA131: =IF(OR(Z131="",Z119=""),"",(Z131/Z119-1)*100) | AB131: =IF(COUNT(AA83:AA130)<48,"",AVERAGE(AA83:AA130)) | AC131: =IF(OR(AA131="",AB131=""),"",AA131-AB131)
A132: 1970M08 | B132: 240.22 | C132: =IF(OR(B132="",B120=""),"",(B132/B120-1)*100) -> 40.078139 | D132: =IF(COUNT(C84:C131)<48,"",AVERAGE(C84:C131)) -> 3.191041 | E132: =IF(OR(C132="",D132=""),"",C132-D132) -> 36.887098 | F132: 7.8 | G132: =IF(OR(F132="",F120=""),"",(F132/F120-1)*100) | H132: =IF(COUNT(G84:G131)<48,"",AVERAGE(G84:G131)) | I132: =IF(OR(G132="",H132=""),"",G132-H132) | J132: 2846.2 | K132: =IF(OR(J132="",J120=""),"",(J132/J120-1)*100) -> 20.428197 | L132: =IF(COUNT(K84:K131)<48,"",AVERAGE(K84:K131)) -> 11.105097 | M132: =IF(OR(K132="",L132=""),"",K132-L132) -> 9.3230997 | N132: 1266.5 | O132: =IF(OR(N132="",N120=""),"",(N132/N120-1)*100) -> -21.175306 | P132: =IF(COUNT(O84:O131)<48,"",AVERAGE(O84:O131)) -> 4.1233322 | Q132: =IF(OR(O132="",P132=""),"",O132-P132) -> -25.298639 | S132: =IF(OR(R132="",R120=""),"",(R132/R120-1)*100) | T132: =IF(COUNT(S84:S131)<48,"",AVERAGE(S84:S131)) | U132: =IF(OR(S132="",T132=""),"",S132-T132) | V132: 1.21 | W132: =IF(OR(V132="",V120=""),"",(V132/V120-1)*100) -> -4.7244094 | X132: =IF(COUNT(W84:W131)<48,"",AVERAGE(W84:W131)) -> -2.8155274 | Y132: =IF(OR(W132="",X132=""),"",W132-X132) -> -1.908882 | AA132: =IF(OR(Z132="",Z120=""),"",(Z132/Z120-1)*100) | AB132: =IF(COUNT(AA84:AA131)<48,"",AVERAGE(AA84:AA131)) | AC132: =IF(OR(AA132="",AB132=""),"",AA132-AB132)
A133: 1970M09 | B133: 226.29 | C133: =IF(OR(B133="",B121=""),"",(B133/B121-1)*100) -> 25.063557 | D133: =IF(COUNT(C85:C132)<48,"",AVERAGE(C85:C132)) -> 4.1708151 | E133: =IF(OR(C133="",D133=""),"",C133-D133) -> 20.892742 | F133: 7.8 | G133: =IF(OR(F133="",F121=""),"",(F133/F121-1)*100) | H133: =IF(COUNT(G85:G132)<48,"",AVERAGE(G85:G132)) | I133: =IF(OR(G133="",H133=""),"",G133-H133) | J133: 2846.2 | K133: =IF(OR(J133="",J121=""),"",(J133/J121-1)*100) -> 20.428197 | L133: =IF(COUNT(K85:K132)<48,"",AVERAGE(K85:K132)) -> 11.525881 | M133: =IF(OR(K133="",L133=""),"",K133-L133) -> 8.9023154 | N133: 1246.9 | O133: =IF(OR(N133="",N121=""),"",(N133/N121-1)*100) -> -21.029798 | P133: =IF(COUNT(O85:O132)<48,"",AVERAGE(O85:O132)) -> 3.7072509 | Q133: =IF(OR(O133="",P133=""),"",O133-P133) -> -24.737049 | S133: =IF(OR(R133="",R121=""),"",(R133/R121-1)*100) | T133: =IF(COUNT(S85:S132)<48,"",AVERAGE(S85:S132)) | U133: =IF(OR(S133="",T133=""),"",S133-T133) | V133: 1.21 | W133: =IF(OR(V133="",V121=""),"",(V133/V121-1)*100) -> -4.7244094 | X133: =IF(COUNT(W85:W132)<48,"",AVERAGE(W85:W132)) -> -2.8259245 | Y133: =IF(OR(W133="",X133=""),"",W133-X133) -> -1.898485 | AA133: =IF(OR(Z133="",Z121=""),"",(Z133/Z121-1)*100) | AB133: =IF(COUNT(AA85:AA132)<48,"",AVERAGE(AA85:AA132)) | AC133: =IF(OR(AA133="",AB133=""),"",AA133-AB133)
A134: 1970M10 | B134: 257.47 | C134: =IF(OR(B134="",B122=""),"",(B134/B122-1)*100) -> 26.745102 | D134: =IF(COUNT(C86:C133)<48,"",AVERAGE(C86:C133)) -> 4.7511714 | E134: =IF(OR(C134="",D134=""),"",C134-D134) -> 21.99393 | F134: 7.8 | G134: =IF(OR(F134="",F122=""),"",(F134/F122-1)*100) | H134: =IF(COUNT(G86:G133)<48,"",AVERAGE(G86:G133)) | I134: =IF(OR(G134="",H134=""),"",G134-H134) | J134: 2846.2 | K134: =IF(OR(J134="",J122=""),"",(J134/J122-1)*100) -> 20.428197 | L134: =IF(COUNT(K86:K133)<48,"",AVERAGE(K86:K133)) -> 11.946666 | M134: =IF(OR(K134="",L134=""),"",K134-L134) -> 8.481531 | N134: 1142.4 | O134: =IF(OR(N134="",N122=""),"",(N134/N122-1)*100) -> -26.509186 | P134: =IF(COUNT(O86:O133)<48,"",AVERAGE(O86:O133)) -> 3.5821699 | Q134: =IF(OR(O134="",P134=""),"",O134-P134) -> -30.091356 | S134: =IF(OR(R134="",R122=""),"",(R134/R122-1)*100) | T134: =IF(COUNT(S86:S133)<48,"",AVERAGE(S86:S133)) | U134: =IF(OR(S134="",T134=""),"",S134-T134) | V134: 1.21 | W134: =IF(OR(V134="",V122=""),"",(V134/V122-1)*100) -> -4.7244094 | X134: =IF(COUNT(W86:W133)<48,"",AVERAGE(W86:W133)) -> -2.8363215 | Y134: =IF(OR(W134="",X134=""),"",W134-X134) -> -1.888088 | AA134: =IF(OR(Z134="",Z122=""),"",(Z134/Z122-1)*100) | AB134: =IF(COUNT(AA86:AA133)<48,"",AVERAGE(AA86:AA133)) | AC134: =IF(OR(AA134="",AB134=""),"",AA134-AB134)
A135: 1970M11 | B135: 269.99 | C135: =IF(OR(B135="",B123=""),"",(B135/B123-1)*100) -> 32.908339 | D135: =IF(COUNT(C87:C134)<48,"",AVERAGE(C87:C134)) -> 5.4689697 | E135: =IF(OR(C135="",D135=""),"",C135-D135) -> 27.439369 | F135: 7.8 | G135: =IF(OR(F135="",F123=""),"",(F135/F123-1)*100) | H135: =IF(COUNT(G87:G134)<48,"",AVERAGE(G87:G134)) | I135: =IF(OR(G135="",H135=""),"",G135-H135) | J135: 2846.2 | K135: =IF(OR(J135="",J123=""),"",(J135/J123-1)*100) -> 20.428197 | L135: =IF(COUNT(K87:K134)<48,"",AVERAGE(K87:K134)) -> 12.36745 | M135: =IF(OR(K135="",L135=""),"",K135-L135) -> 8.0607467 | N135: 1085.3 | O135: =IF(OR(N135="",N123=""),"",(N135/N123-1)*100) -> -33.475132 | P135: =IF(COUNT(O87:O134)<48,"",AVERAGE(O87:O134)) -> 3.2179557 | Q135: =IF(OR(O135="",P135=""),"",O135-P135) -> -36.693088 | S135: =IF(OR(R135="",R123=""),"",(R135/R123-1)*100) | T135: =IF(COUNT(S87:S134)<48,"",AVERAGE(S87:S134)) | U135: =IF(OR(S135="",T135=""),"",S135-T135) | V135: 1.21 | W135: =IF(OR(V135="",V123=""),"",(V135/V123-1)*100) -> -4.7244094 | X135: =IF(COUNT(W87:W134)<48,"",AVERAGE(W87:W134)) -> -2.8467185 | Y135: =IF(OR(W135="",X135=""),"",W135-X135) -> -1.8776909 | AA135: =IF(OR(Z135="",Z123=""),"",(Z135/Z123-1)*100) | AB135: =IF(COUNT(AA87:AA134)<48,"",AVERAGE(AA87:AA134)) | AC135: =IF(OR(AA135="",AB135=""),"",AA135-AB135)
A136: 1970M12 | B136: 271.64 | C136: =IF(OR(B136="",B124=""),"",(B136/B124-1)*100) -> 6.4795578 | D136: =IF(COUNT(C88:C135)<48,"",AVERAGE(C88:C135)) -> 6.3564658 | E136: =IF(OR(C136="",D136=""),"",C136-D136) -> 0.12309206 | F136: 7.8 | G136: =IF(OR(F136="",F124=""),"",(F136/F124-1)*100) | H136: =IF(COUNT(G88:G135)<48,"",AVERAGE(G88:G135)) | I136: =IF(OR(G136="",H136=""),"",G136-H136) | J136: 2846.2 | K136: =IF(OR(J136="",J124=""),"",(J136/J124-1)*100) -> 20.428197 | L136: =IF(COUNT(K88:K135)<48,"",AVERAGE(K88:K135)) -> 12.788234 | M136: =IF(OR(K136="",L136=""),"",K136-L136) -> 7.6399623 | N136: 1045.7 | O136: =IF(OR(N136="",N124=""),"",(N136/N124-1)*100) -> -38.47955 | P136: =IF(COUNT(O88:O135)<48,"",AVERAGE(O88:O135)) -> 2.7581503 | Q136: =IF(OR(O136="",P136=""),"",O136-P136) -> -41.2377 | S136: =IF(OR(R136="",R124=""),"",(R136/R124-1)*100) | T136: =IF(COUNT(S88:S135)<48,"",AVERAGE(S88:S135)) | U136: =IF(OR(S136="",T136=""),"",S136-T136) | V136: 1.21 | W136: =IF(OR(V136="",V124=""),"",(V136/V124-1)*100) -> -4.7244094 | X136: =IF(COUNT(W88:W135)<48,"",AVERAGE(W88:W135)) -> -2.8571155 | Y136: =IF(OR(W136="",X136=""),"",W136-X136) -> -1.8672939 | AA136: =IF(OR(Z136="",Z124=""),"",(Z136/Z124-1)*100) | AB136: =IF(COUNT(AA88:AA135)<48,"",AVERAGE(AA88:AA135)) | AC136: =IF(OR(AA136="",AB136=""),"",AA136-AB136)
... A472: 1998M12 | B472: 663 | C472: =IF(OR(B472="",B460=""),"",(B472/B460-1)*100) -> 17.137809 | D472: =IF(COUNT(C424:C471)<48,"",AVERAGE(C424:C471)) -> 10.249526 | E472: =IF(OR(C472="",D472=""),"",C472-D472) -> 6.8882836 | F472: 26.1 | G472: =IF(OR(F472="",F460=""),"",(F472/F460-1)*100) -> -16.878981 | H472: =IF(COUNT(G424:G471)<48,"",AVERAGE(G424:G471)) -> -0.64462245 | I472: =IF(OR(G472="",H472=""),"",G472-H472) -> -16.234358 | J472: 3878.21 | K472: =IF(OR(J472="",J460=""),"",(J472/J460-1)*100) -> -34.769131 | L472: =IF(COUNT(K424:K471)<48,"",AVERAGE(K424:K471)) -> -2.1921228 | M472: =IF(OR(K472="",L472=""),"",K472-L472) -> -32.577008 | N472: 1473.57 | O472: =IF(OR(N472="",N460=""),"",(N472/N460-1)*100) -> -16.385127 | P472: =IF(COUNT(O424:O471)<48,"",AVERAGE(O424:O471)) -> -2.5816247 | Q472: =IF(OR(O472="",P472=""),"",O472-P472) -> -13.803502 | S472: =IF(OR(R472="",R460=""),"",(R472/R460-1)*100) | T472: =IF(COUNT(S424:S471)<48,"",AVERAGE(S424:S471)) | U472: =IF(OR(S472="",T472=""),"",S472-T472) | V472: 10.41 | W472: =IF(OR(V472="",V460=""),"",(V472/V460-1)*100) -> -39.087185 | X472: =IF(COUNT(W424:W471)<48,"",AVERAGE(W424:W471)) -> -0.92931868 | Y472: =IF(OR(W472="",X472=""),"",W472-X472) -> -38.157867 | AA472: =IF(OR(Z472="",Z460=""),"",(Z472/Z460-1)*100) | AB472: =IF(COUNT(AA424:AA471)<48,"",AVERAGE(AA424:AA471)) | AC472: =IF(OR(AA472="",AB472=""),"",AA472-AB472)
A473: 1999M01 | B473: 632 | C473: =IF(OR(B473="",B461=""),"",(B473/B461-1)*100) -> 1.7713366 | D473: =IF(COUNT(C425:C472)<48,"",AVERAGE(C425:C472)) -> 9.0453306 | E473: =IF(OR(C473="",D473=""),"",C473-D473) -> -7.273994 | F473: 26.1 | G473: =IF(OR(F473="",F461=""),"",(F473/F461-1)*100) -> -16.878981 | H473: =IF(COUNT(G425:G472)<48,"",AVERAGE(G425:G472)) -> -1.3390098 | I473: =IF(OR(G473="",H473=""),"",G473-H473) -> -15.539971 | J473: 4268.75 | K473: =IF(OR(J473="",J461=""),"",(J473/J461-1)*100) -> -22.269768 | L473: =IF(COUNT(K425:K472)<48,"",AVERAGE(K425:K472)) -> -4.3149866 | M473: =IF(OR(K473="",L473=""),"",K473-L473) -> -17.954782 | N473: 1431.18 | O473: =IF(OR(N473="",N461=""),"",(N473/N461-1)*100) -> -15.237052 | P473: =IF(COUNT(O425:O472)<48,"",AVERAGE(O425:O472)) -> -4.4467767 | Q473: =IF(OR(O473="",P473=""),"",O473-P473) -> -10.790275 | R473: 0.6 | S473: =IF(OR(R473="",R461=""),"",(R473/R461-1)*100) | T473: =IF(COUNT(S425:S472)<48,"",AVERAGE(S425:S472)) | U473: =IF(OR(S473="",T473=""),"",S473-T473) | V473: 11.44 | W473: =IF(OR(V473="",V461=""),"",(V473/V461-1)*100) -> -23.733333 | X473: =IF(COUNT(W425:W472)<48,"",AVERAGE(W425:W472)) -> -2.0719454 | Y473: =IF(OR(W473="",X473=""),"",W473-X473) -> -21.661388 | AA473: =IF(OR(Z473="",Z461=""),"",(Z473/Z461-1)*100) | AB473: =IF(COUNT(AA425:AA472)<48,"",AVERAGE(AA425:AA472)) | AC473: =IF(OR(AA473="",AB473=""),"",AA473-AB473)
A474: 1999M02 | B474: 561 | C474: =IF(OR(B474="",B462=""),"",(B474/B462-1)*100) -> -14.871017 | D474: =IF(COUNT(C426:C473)<48,"",AVERAGE(C426:C473)) -> 7.7878852 | E474: =IF(OR(C474="",D474=""),"",C474-D474) -> -22.658902 | F474: 26.1 | G474: =IF(OR(F474="",F462=""),"",(F474/F462-1)*100) -> -21.949761 | H474: =IF(COUNT(G426:G473)<48,"",AVERAGE(G426:G473)) -> -2.1006015 | I474: =IF(OR(G474="",H474=""),"",G474-H474) -> -19.849159 | J474: 4626.38 | K474: =IF(OR(J474="",J462=""),"",(J474/J462-1)*100) -> -14.117634 | L474: =IF(COUNT(K426:K473)<48,"",AVERAGE(K426:K473)) -> -6.2783709 | M474: =IF(OR(K474="",L474=""),"",K474-L474) -> -7.839263 | N474: 1410.78 | O474: =IF(OR(N474="",N462=""),"",(N474/N462-1)*100) -> -15.258289 | P474: =IF(COUNT(O426:O473)<48,"",AVERAGE(O426:O473)) -> -6.1531196 | Q474: =IF(OR(O474="",P474=""),"",O474-P474) -> -9.1051697 | R474: 0.56 | S474: =IF(OR(R474="",R462=""),"",(R474/R462-1)*100) | T474: =IF(COUNT(S426:S473)<48,"",AVERAGE(S426:S473)) | U474: =IF(OR(S474="",T474=""),"",S474-T474) | V474: 10.75 | W474: =IF(OR(V474="",V462=""),"",(V474/V462-1)*100) -> -23.758865 | X474: =IF(COUNT(W426:W473)<48,"",AVERAGE(W426:W473)) -> -2.9747998 | Y474: =IF(OR(W474="",X474=""),"",W474-X474) -> -20.784065 | AA474: =IF(OR(Z474="",Z462=""),"",(Z474/Z462-1)*100) | AB474: =IF(COUNT(AA426:AA473)<48,"",AVERAGE(AA426:AA473)) | AC474: =IF(OR(AA474="",AB474=""),"",AA474-AB474)
A475: 1999M03 | B475: 497 | C475: =IF(OR(B475="",B463=""),"",(B475/B463-1)*100) -> -25.931446 | D475: =IF(COUNT(C427:C474)<48,"",AVERAGE(C427:C474)) -> 6.0030508 | E475: =IF(OR(C475="",D475=""),"",C475-D475) -> -31.934496 | F475: 26.1 | G475: =IF(OR(F475="",F463=""),"",(F475/F463-1)*100) -> -18.130489 | H475: =IF(COUNT(G427:G474)<48,"",AVERAGE(G427:G474)) -> -3.0014366 | I475: =IF(OR(G475="",H475=""),"",G475-H475) -> -15.129053 | J475: 5011.3 | K475: =IF(OR(J475="",J463=""),"",(J475/J463-1)*100) -> -7.1259127 | L475: =IF(COUNT(K427:K474)<48,"",AVERAGE(K427:K474)) -> -7.5311875 | M475: =IF(OR(K475="",L475=""),"",K475-L475) -> 0.40527479 | N475: 1378.35 | O475: =IF(OR(N475="",N463=""),"",(N475/N463-1)*100) -> -21.146123 | P475: =IF(COUNT(O427:O474)<48,"",AVERAGE(O427:O474)) -> -7.5997891 | Q475: =IF(OR(O475="",P475=""),"",O475-P475) -> -13.546334 | R475: 0.52 | S475: =IF(OR(R475="",R463=""),"",(R475/R463-1)*100) | T475: =IF(COUNT(S427:S474)<48,"",AVERAGE(S427:S474)) | U475: =IF(OR(S475="",T475=""),"",S475-T475) | V475: 13.17 | W475: =IF(OR(V475="",V463=""),"",(V475/V463-1)*100) -> 0.38109756 | X475: =IF(COUNT(W427:W474)<48,"",AVERAGE(W427:W474)) -> -4.0200907 | Y475: =IF(OR(W475="",X475=""),"",W475-X475) -> 4.4011882 | AA475: =IF(OR(Z475="",Z463=""),"",(Z475/Z463-1)*100) | AB475: =IF(COUNT(AA427:AA474)<48,"",AVERAGE(AA427:AA474)) | AC475: =IF(OR(AA475="",AB475=""),"",AA475-AB475)
A476: 1999M04 | B476: 509 | C476: =IF(OR(B476="",B464=""),"",(B476/B464-1)*100) -> -26.017442 | D476: =IF(COUNT(C428:C475)<48,"",AVERAGE(C428:C475)) -> 3.922728 | E476: =IF(OR(C476="",D476=""),"",C476-D476) -> -29.94017 | F476: 26.1 | G476: =IF(OR(F476="",F464=""),"",(F476/F464-1)*100) -> -16.292495 | H476: =IF(COUNT(G428:G475)<48,"",AVERAGE(G428:G475)) -> -4.0041551 | I476: =IF(OR(G476="",H476=""),"",G476-H476) -> -12.28834 | J476: 5102.63 | K476: =IF(OR(J476="",J464=""),"",(J476/J464-1)*100) -> -5.3996381 | L476: =IF(COUNT(K428:K475)<48,"",AVERAGE(K428:K475)) -> -8.404609 | M476: =IF(OR(K476="",L476=""),"",K476-L476) -> 3.0049709 | N476: 1466 | O476: =IF(OR(N476="",N464=""),"",(N476/N464-1)*100) -> -18.596257 | P476: =IF(COUNT(O428:O475)<48,"",AVERAGE(O428:O475)) -> -9.1382864 | Q476: =IF(OR(O476="",P476=""),"",O476-P476) -> -9.457971 | R476: 0.52 | S476: =IF(OR(R476="",R464=""),"",(R476/R464-1)*100) | T476: =IF(COUNT(S428:S475)<48,"",AVERAGE(S428:S475)) | U476: =IF(OR(S476="",T476=""),"",S476-T476) | V476: 15.87 | W476: =IF(OR(V476="",V464=""),"",(V476/V464-1)*100) -> 17.555556 | X476: =IF(COUNT(W428:W475)<48,"",AVERAGE(W428:W475)) -> -4.5826969 | Y476: =IF(OR(W476="",X476=""),"",W476-X476) -> 22.138252 | AA476: =IF(OR(Z476="",Z464=""),"",(Z476/Z464-1)*100) | AB476: =IF(COUNT(AA428:AA475)<48,"",AVERAGE(AA428:AA475)) | AC476: =IF(OR(AA476="",AB476=""),"",AA476-AB476)
A477: 1999M05 | B477: 475 | C477: =IF(OR(B477="",B465=""),"",(B477/B465-1)*100) -> -32.624113 | D477: =IF(COUNT(C429:C476)<48,"",AVERAGE(C429:C476)) -> 2.4638393 | E477: =IF(OR(C477="",D477=""),"",C477-D477) -> -35.087953 | F477: 26.1 | G477: =IF(OR(F477="",F465=""),"",(F477/F465-1)*100) -> -13.804491 | H477: =IF(COUNT(G429:G476)<48,"",AVERAGE(G429:G476)) -> -4.8803052 | I477: =IF(OR(G477="",H477=""),"",G477-H477) -> -8.9241862 | J477: 5399.34 | K477: =IF(OR(J477="",J465=""),"",(J477/J465-1)*100) -> 7.5565737 | L477: =IF(COUNT(K429:K476)<48,"",AVERAGE(K429:K476)) -> -9.283663 | M477: =IF(OR(K477="",L477=""),"",K477-L477) -> 16.840237 | N477: 1511.16 | O477: =IF(OR(N477="",N465=""),"",(N477/N465-1)*100) -> -12.777268 | P477: =IF(COUNT(O429:O476)<48,"",AVERAGE(O429:O476)) -> -10.656794 | Q477: =IF(OR(O477="",P477=""),"",O477-P477) -> -2.1204736 | R477: 0.55 | S477: =IF(OR(R477="",R465=""),"",(R477/R465-1)*100) | T477: =IF(COUNT(S429:S476)<48,"",AVERAGE(S429:S476)) | U477: =IF(OR(S477="",T477=""),"",S477-T477) | V477: 16.06 | W477: =IF(OR(V477="",V465=""),"",(V477/V465-1)*100) -> 14.468995 | X477: =IF(COUNT(W429:W476)<48,"",AVERAGE(W429:W476)) -> -4.7101591 | Y477: =IF(OR(W477="",X477=""),"",W477-X477) -> 19.179154 | AA477: =IF(OR(Z477="",Z465=""),"",(Z477/Z465-1)*100) | AB477: =IF(COUNT(AA429:AA476)<48,"",AVERAGE(AA429:AA476)) | AC477: =IF(OR(AA477="",AB477=""),"",AA477-AB477)
A478: 1999M06 | B478: 392 | C478: =IF(OR(B478="",B466=""),"",(B478/B466-1)*100) -> -38.07267 | D478: =IF(COUNT(C430:C477)<48,"",AVERAGE(C430:C477)) -> 1.2590678 | E478: =IF(OR(C478="",D478=""),"",C478-D478) -> -39.331738 | F478: 26.1 | G478: =IF(OR(F478="",F466=""),"",(F478/F466-1)*100) -> -13 | H478: =IF(COUNT(G430:G477)<48,"",AVERAGE(G430:G477)) -> -5.656885 | I478: =IF(OR(G478="",H478=""),"",G478-H478) -> -7.343115 | J478: 5195 | K478: =IF(OR(J478="",J466=""),"",(J478/J466-1)*100) -> 16.071229 | L478: =IF(COUNT(K430:K477)<48,"",AVERAGE(K430:K477)) -> -9.5183288 | M478: =IF(OR(K478="",L478=""),"",K478-L478) -> 25.589558 | N478: 1422.48 | O478: =IF(OR(N478="",N466=""),"",(N478/N466-1)*100) -> -14.335268 | P478: =IF(COUNT(O430:O477)<48,"",AVERAGE(O430:O477)) -> -11.52622 | Q478: =IF(OR(O478="",P478=""),"",O478-P478) -> -2.8090482 | R478: 0.55 | S478: =IF(OR(R478="",R466=""),"",(R478/R466-1)*100) | T478: =IF(COUNT(S430:S477)<48,"",AVERAGE(S430:S477)) | U478: =IF(OR(S478="",T478=""),"",S478-T478) | V478: 16.39 | W478: =IF(OR(V478="",V466=""),"",(V478/V466-1)*100) -> 31.330128 | X478: =IF(COUNT(W430:W477)<48,"",AVERAGE(W430:W477)) -> -4.6825751 | Y478: =IF(OR(W478="",X478=""),"",W478-X478) -> 36.012703 | AA478: =IF(OR(Z478="",Z466=""),"",(Z478/Z466-1)*100) | AB478: =IF(COUNT(AA430:AA477)<48,"",AVERAGE(AA430:AA477)) | AC478: =IF(OR(AA478="",AB478=""),"",AA478-AB478)
A479: 1999M07 | B479: 319 | C479: =IF(OR(B479="",B467=""),"",(B479/B467-1)*100) -> -51.739788 | D479: =IF(COUNT(C431:C478)<48,"",AVERAGE(C431:C478)) -> -0.038541963 | E479: =IF(OR(C479="",D479=""),"",C479-D479) -> -51.701246 | F479: 26.1 | G479: =IF(OR(F479="",F467=""),"",(F479/F467-1)*100) -> -13 | H479: =IF(COUNT(G431:G478)<48,"",AVERAGE(G431:G478)) -> -6.3722868 | I479: =IF(OR(G479="",H479=""),"",G479-H479) -> -6.6277132 | J479: 5700.11 | K479: =IF(OR(J479="",J467=""),"",(J479/J467-1)*100) -> 31.781349 | L479: =IF(COUNT(K431:K478)<48,"",AVERAGE(K431:K478)) -> -9.7107357 | M479: =IF(OR(K479="",L479=""),"",K479-L479) -> 41.492085 | N479: 1640 | O479: =IF(OR(N479="",N467=""),"",(N479/N467-1)*100) -> -0.66866944 | P479: =IF(COUNT(O431:O478)<48,"",AVERAGE(O431:O478)) -> -12.380415 | Q479: =IF(OR(O479="",P479=""),"",O479-P479) -> 11.711746 | R479: 0.51 | S479: =IF(OR(R479="",R467=""),"",(R479/R467-1)*100) | T479: =IF(COUNT(S431:S478)<48,"",AVERAGE(S431:S478)) | U479: =IF(OR(S479="",T479=""),"",S479-T479) | V479: 18.99 | W479: =IF(OR(V479="",V467=""),"",(V479/V467-1)*100) -> 49.527559 | X479: =IF(COUNT(W431:W478)<48,"",AVERAGE(W431:W478)) -> -4.0529178 | Y479: =IF(OR(W479="",X479=""),"",W479-X479) -> 53.580477 | AA479: =IF(OR(Z479="",Z467=""),"",(Z479/Z467-1)*100) | AB479: =IF(COUNT(AA431:AA478)<48,"",AVERAGE(AA431:AA478)) | AC479: =IF(OR(AA479="",AB479=""),"",AA479-AB479)
A480: 1999M08 | B480: 354 | C480: =IF(OR(B480="",B468=""),"",(B480/B468-1)*100) -> -47.477745 | D480: =IF(COUNT(C432:C479)<48,"",AVERAGE(C432:C479)) -> -1.7954353 | E480: =IF(OR(C480="",D480=""),"",C480-D480) -> -45.682309 | F480: 26.1 | G480: =IF(OR(F480="",F468=""),"",(F480/F468-1)*100) -> -0.38167939 | H480: =IF(COUNT(G432:G479)<48,"",AVERAGE(G432:G479)) -> -7.1434978 | I480: =IF(OR(G480="",H480=""),"",G480-H480) -> 6.7618184 | J480: 6448.69 | K480: =IF(OR(J480="",J468=""),"",(J480/J468-1)*100) -> 58.031725 | L480: =IF(COUNT(K432:K479)<48,"",AVERAGE(K432:K479)) -> -9.8415092 | M480: =IF(OR(K480="",L480=""),"",K480-L480) -> 67.873235 | N480: 1647.62 | O480: =IF(OR(N480="",N468=""),"",(N480/N468-1)*100) -> 1.6465856 | P480: =IF(COUNT(O432:O479)<48,"",AVERAGE(O432:O479)) -> -12.917665 | Q480: =IF(OR(O480="",P480=""),"",O480-P480) -> 14.56425 | R480: 0.54 | S480: =IF(OR(R480="",R468=""),"",(R480/R468-1)*100) | T480: =IF(COUNT(S432:S479)<48,"",AVERAGE(S432:S479)) | U480: =IF(OR(S480="",T480=""),"",S480-T480) | V480: 20.27 | W480: =IF(OR(V480="",V468=""),"",(V480/V468-1)*100) -> 62.289832 | X480: =IF(COUNT(W432:W479)<48,"",AVERAGE(W432:W479)) -> -2.8113621 | Y480: =IF(OR(W480="",X480=""),"",W480-X480) -> 65.101194 | AA480: =IF(OR(Z480="",Z468=""),"",(Z480/Z468-1)*100) | AB480: =IF(COUNT(AA432:AA479)<48,"",AVERAGE(AA432:AA479)) | AC480: =IF(OR(AA480="",AB480=""),"",AA480-AB480)
A481: 1999M09 | B481: 388 | C481: =IF(OR(B481="",B469=""),"",(B481/B469-1)*100) -> -44.807966 | D481: =IF(COUNT(C433:C480)<48,"",AVERAGE(C433:C480)) -> -2.9331057 | E481: =IF(OR(C481="",D481=""),"",C481-D481) -> -41.87486 | F481: 26.1 | G481: =IF(OR(F481="",F469=""),"",(F481/F469-1)*100) -> -3.654485 | H481: =IF(COUNT(G433:G480)<48,"",AVERAGE(G433:G480)) -> -7.6411272 | I481: =IF(OR(G481="",H481=""),"",G481-H481) -> 3.9866421 | J481: 7028.41 | K481: =IF(OR(J481="",J469=""),"",(J481/J469-1)*100) -> 71.33437 | L481: =IF(COUNT(K433:K480)<48,"",AVERAGE(K433:K480)) -> -9.7294373 | M481: =IF(OR(K481="",L481=""),"",K481-L481) -> 81.063807 | N481: 1750.34 | O481: =IF(OR(N481="",N469=""),"",(N481/N469-1)*100) -> 6.2331577 | P481: =IF(COUNT(O433:O480)<48,"",AVERAGE(O433:O480)) -> -13.429348 | Q481: =IF(OR(O481="",P481=""),"",O481-P481) -> 19.662506 | R481: 0.6 | S481: =IF(OR(R481="",R469=""),"",(R481/R469-1)*100) | T481: =IF(COUNT(S433:S480)<48,"",AVERAGE(S433:S480)) | U481: =IF(OR(S481="",T481=""),"",S481-T481) | V481: 22.7 | W481: =IF(OR(V481="",V469=""),"",(V481/V469-1)*100) -> 64.492754 | X481: =IF(COUNT(W433:W480)<48,"",AVERAGE(W433:W480)) -> -1.4487063 | Y481: =IF(OR(W481="",X481=""),"",W481-X481) -> 65.94146 | AA481: =IF(OR(Z481="",Z469=""),"",(Z481/Z469-1)*100) | AB481: =IF(COUNT(AA433:AA480)<48,"",AVERAGE(AA433:AA480)) | AC481: =IF(OR(AA481="",AB481=""),"",AA481-AB481)
A482: 1999M10 | B482: 381 | C482: =IF(OR(B482="",B470=""),"",(B482/B470-1)*100) -> -45.100865 | D482: =IF(COUNT(C434:C481)<48,"",AVERAGE(C434:C481)) -> -3.7715996 | E482: =IF(OR(C482="",D482=""),"",C482-D482) -> -41.329265 | F482: 25.6 | G482: =IF(OR(F482="",F470=""),"",(F482/F470-1)*100) -> -5.5350554 | H482: =IF(COUNT(G434:G481)<48,"",AVERAGE(G434:G481)) -> -8.210087 | I482: =IF(OR(G482="",H482=""),"",G482-H482) -> 2.6750317 | J482: 7321.19 | K482: =IF(OR(J482="",J470=""),"",(J482/J470-1)*100) -> 89.083739 | L482: =IF(COUNT(K434:K481)<48,"",AVERAGE(K434:K481)) -> -8.9111954 | M482: =IF(OR(K482="",L482=""),"",K482-L482) -> 97.994934 | N482: 1724.12 | O482: =IF(OR(N482="",N470=""),"",(N482/N470-1)*100) -> 8.6819761 | P482: =IF(COUNT(O434:O481)<48,"",AVERAGE(O434:O481)) -> -13.640008 | Q482: =IF(OR(O482="",P482=""),"",O482-P482) -> 22.321984 | R482: 0.68 | S482: =IF(OR(R482="",R470=""),"",(R482/R470-1)*100) | T482: =IF(COUNT(S434:S481)<48,"",AVERAGE(S434:S481)) | U482: =IF(OR(S482="",T482=""),"",S482-T482) | V482: 21.95 | W482: =IF(OR(V482="",V470=""),"",(V482/V470-1)*100) -> 65.535445 | X482: =IF(COUNT(W434:W481)<48,"",AVERAGE(W434:W481)) -> -0.18483981 | Y482: =IF(OR(W482="",X482=""),"",W482-X482) -> 65.720285 | AA482: =IF(OR(Z482="",Z470=""),"",(Z482/Z470-1)*100) | AB482: =IF(COUNT(AA434:AA481)<48,"",AVERAGE(AA434:AA481)) | AC482: =IF(OR(AA482="",AB482=""),"",AA482-AB482)
A483: 1999M11 | B483: 370 | C483: =IF(OR(B483="",B471=""),"",(B483/B471-1)*100) -> -45.668135 | D483: =IF(COUNT(C435:C482)<48,"",AVERAGE(C435:C482)) -> -4.7078189 | E483: =IF(OR(C483="",D483=""),"",C483-D483) -> -40.960316 | F483: 25.1 | G483: =IF(OR(F483="",F471=""),"",(F483/F471-1)*100) -> -3.8314176 | H483: =IF(COUNT(G435:G482)<48,"",AVERAGE(G435:G482)) -> -8.8207431 | I483: =IF(OR(G483="",H483=""),"",G483-H483) -> 4.9893255 | J483: 7949.55 | K483: =IF(OR(J483="",J471=""),"",(J483/J471-1)*100) -> 92.394074 | L483: =IF(COUNT(K435:K482)<48,"",AVERAGE(K435:K482)) -> -7.4607696 | M483: =IF(OR(K483="",L483=""),"",K483-L483) -> 99.854844 | N483: 1727.55 | O483: =IF(OR(N483="",N471=""),"",(N483/N471-1)*100) -> 9.7588869 | P483: =IF(COUNT(O435:O482)<48,"",AVERAGE(O435:O482)) -> -13.676554 | Q483: =IF(OR(O483="",P483=""),"",O483-P483) -> 23.435441 | R483: 0.76 | S483: =IF(OR(R483="",R471=""),"",(R483/R471-1)*100) | T483: =IF(COUNT(S435:S482)<48,"",AVERAGE(S435:S482)) | U483: =IF(OR(S483="",T483=""),"",S483-T483) | V483: 24.16 | W483: =IF(OR(V483="",V471=""),"",(V483/V471-1)*100) -> 103.367 | X483: =IF(COUNT(W435:W482)<48,"",AVERAGE(W435:W482)) -> 1.2247544 | Y483: =IF(OR(W483="",X483=""),"",W483-X483) -> 102.14225 | AA483: =IF(OR(Z483="",Z471=""),"",(Z483/Z471-1)*100) | AB483: =IF(COUNT(AA435:AA482)<48,"",AVERAGE(AA435:AA482)) | AC483: =IF(OR(AA483="",AB483=""),"",AA483-AB483)
A484: 1999M12 | B484: 354 | C484: =IF(OR(B484="",B472=""),"",(B484/B472-1)*100) -> -46.606335 | D484: =IF(COUNT(C436:C483)<48,"",AVERAGE(C436:C483)) -> -5.3645661 | E484: =IF(OR(C484="",D484=""),"",C484-D484) -> -41.241769 | F484: 25.1 | G484: =IF(OR(F484="",F472=""),"",(F484/F472-1)*100) -> -3.8314176 | H484: =IF(COUNT(G436:G483)<48,"",AVERAGE(G436:G483)) -> -9.3090487 | I484: =IF(OR(G484="",H484=""),"",G484-H484) -> 5.4776311 | J484: 8083.38 | K484: =IF(OR(J484="",J472=""),"",(J484/J472-1)*100) -> 108.43069 | L484: =IF(COUNT(K436:K483)<48,"",AVERAGE(K436:K483)) -> -5.7977579 | M484: =IF(OR(K484="",L484=""),"",K484-L484) -> 114.22845 | N484: 1764.75 | O484: =IF(OR(N484="",N472=""),"",(N484/N472-1)*100) -> 19.760174 | P484: =IF(COUNT(O436:O483)<48,"",AVERAGE(O436:O483)) -> -13.603272 | Q484: =IF(OR(O484="",P484=""),"",O484-P484) -> 33.363446 | R484: 0.7 | S484: =IF(OR(R484="",R472=""),"",(R484/R472-1)*100) | T484: =IF(COUNT(S436:S483)<48,"",AVERAGE(S436:S483)) | U484: =IF(OR(S484="",T484=""),"",S484-T484) | V484: 25.1 | W484: =IF(OR(V484="",V472=""),"",(V484/V472-1)*100) -> 141.11431 | X484: =IF(COUNT(W436:W483)<48,"",AVERAGE(W436:W483)) -> 3.4197051 | Y484: =IF(OR(W484="",X484=""),"",W484-X484) -> 137.69461 | AA484: =IF(OR(Z484="",Z472=""),"",(Z484/Z472-1)*100) | AB484: =IF(COUNT(AA436:AA483)<48,"",AVERAGE(AA436:AA483)) | AC484: =IF(OR(AA484="",AB484=""),"",AA484-AB484)
... A555: 2005M11 | B555: 466.7 | C555: =IF(OR(B555="",B543=""),"",(B555/B543-1)*100) -> 2.6594224 | D555: =IF(COUNT(C507:C554)<48,"",AVERAGE(C507:C554)) -> 15.705108 | E555: =IF(OR(C555="",D555=""),"",C555-D555) -> -13.045686 | F555: 38.06 | G555: =IF(OR(F555="",F543=""),"",(F555/F543-1)*100) -> -27.9576 | H555: =IF(COUNT(G507:G554)<48,"",AVERAGE(G507:G554)) -> 21.094015 | I555: =IF(OR(G555="",H555=""),"",G555-H555) -> -49.051614 | J555: 12115.68 | K555: =IF(OR(J555="",J543=""),"",(J555/J543-1)*100) -> -13.739529 | L555: =IF(COUNT(K507:K554)<48,"",AVERAGE(K507:K554)) -> 27.520889 | M555: =IF(OR(K555="",L555=""),"",K555-L555) -> -41.260418 | N555: 4269.34 | O555: =IF(OR(N555="",N543=""),"",(N555/N543-1)*100) -> 36.715127 | P555: =IF(COUNT(O507:O554)<48,"",AVERAGE(O507:O554)) -> 23.389976 | Q555: =IF(OR(O555="",P555=""),"",O555-P555) -> 13.325151 | R555: 1.58 | S555: =IF(OR(R555="",R543=""),"",(R555/R543-1)*100) -> 29.508197 | T555: =IF(COUNT(S507:S554)<48,"",AVERAGE(S507:S554)) -> 28.216056 | U555: =IF(OR(S555="",T555=""),"",S555-T555) -> 1.2921405 | V555: 55.04 | W555: =IF(OR(V555="",V543=""),"",(V555/V543-1)*100) -> 30.643247 | X555: =IF(COUNT(W507:W554)<48,"",AVERAGE(W507:W554)) -> 21.127079 | Y555: =IF(OR(W555="",X555=""),"",W555-X555) -> 9.516168 | AA555: =IF(OR(Z555="",Z543=""),"",(Z555/Z543-1)*100) | AB555: =IF(COUNT(AA507:AA554)<48,"",AVERAGE(AA507:AA554)) | AC555: =IF(OR(AA555="",AB555=""),"",AA555-AB555)
A556: 2005M12 | B556: 456.75 | C556: =IF(OR(B556="",B544=""),"",(B556/B544-1)*100) -> 2.3644106 | D556: =IF(COUNT(C508:C555)<48,"",AVERAGE(C508:C555)) -> 15.225493 | E556: =IF(OR(C556="",D556=""),"",C556-D556) -> -12.861082 | F556: 38.23 | G556: =IF(OR(F556="",F544=""),"",(F556/F544-1)*100) -> -26.832536 | H556: =IF(COUNT(G508:G555)<48,"",AVERAGE(G508:G555)) -> 20.338913 | I556: =IF(OR(G556="",H556=""),"",G556-H556) -> -47.171449 | J556: 13429.25 | K556: =IF(OR(J556="",J544=""),"",(J556/J544-1)*100) -> -2.4661536 | L556: =IF(COUNT(K508:K555)<48,"",AVERAGE(K508:K555)) -> 27.876517 | M556: =IF(OR(K556="",L556=""),"",K556-L556) -> -30.342671 | N556: 4576.78 | O556: =IF(OR(N556="",N544=""),"",(N556/N544-1)*100) -> 45.504777 | P556: =IF(COUNT(O508:O555)<48,"",AVERAGE(O508:O555)) -> 24.581241 | Q556: =IF(OR(O556="",P556=""),"",O556-P556) -> 20.923536 | R556: 1.63 | S556: =IF(OR(R556="",R544=""),"",(R556/R544-1)*100) -> 36.97479 | T556: =IF(COUNT(S508:S555)<48,"",AVERAGE(S508:S555)) -> 29.282199 | U556: =IF(OR(S556="",T556=""),"",S556-T556) -> 7.6925907 | V556: 56.43 | W556: =IF(OR(V556="",V544=""),"",(V556/V544-1)*100) -> 44.544057 | X556: =IF(COUNT(W508:W555)<48,"",AVERAGE(W508:W555)) -> 22.644437 | Y556: =IF(OR(W556="",X556=""),"",W556-X556) -> 21.899621 | Z556: 100 | AA556: =IF(OR(Z556="",Z544=""),"",(Z556/Z544-1)*100) | AB556: =IF(COUNT(AA508:AA555)<48,"",AVERAGE(AA508:AA555)) | AC556: =IF(OR(AA556="",AB556=""),"",AA556-AB556)
A557: 2006M01 | B557: 459.05 | C557: =IF(OR(B557="",B545=""),"",(B557/B545-1)*100) -> 9.5950914 | D557: =IF(COUNT(C509:C556)<48,"",AVERAGE(C509:C556)) -> 14.531827 | E557: =IF(OR(C557="",D557=""),"",C557-D557) -> -4.9367356 | F557: 43.19 | G557: =IF(OR(F557="",F545=""),"",(F557/F545-1)*100) -> -18.586239 | H557: =IF(COUNT(G509:G556)<48,"",AVERAGE(G509:G556)) -> 20.010254 | I557: =IF(OR(G557="",H557=""),"",G557-H557) -> -38.596493 | J557: 14555.24 | K557: =IF(OR(J557="",J545=""),"",(J557/J545-1)*100) -> 0.34636332 | L557: =IF(COUNT(K509:K556)<48,"",AVERAGE(K509:K556)) -> 28.409186 | M557: =IF(OR(K557="",L557=""),"",K557-L557) -> -28.062823 | N557: 4734.33 | O557: =IF(OR(N557="",N545=""),"",(N557/N545-1)*100) -> 49.34795 | P557: =IF(COUNT(O509:O556)<48,"",AVERAGE(O509:O556)) -> 25.955718 | Q557: =IF(OR(O557="",P557=""),"",O557-P557) -> 23.392231 | R557: 1.76 | S557: =IF(OR(R557="",R545=""),"",(R557/R545-1)*100) -> 47.89916 | T557: =IF(COUNT(S509:S556)<48,"",AVERAGE(S509:S556)) -> 30.469174 | U557: =IF(OR(S557="",T557=""),"",S557-T557) -> 17.429986 | V557: 62.46 | W557: =IF(OR(V557="",V545=""),"",(V557/V545-1)*100) -> 45.357226 | X557: =IF(COUNT(W509:W556)<48,"",AVERAGE(W509:W556)) -> 24.124687 | Y557: =IF(OR(W557="",X557=""),"",W557-X557) -> 21.232539 | Z557: 99.3 | AA557: =IF(OR(Z557="",Z545=""),"",(Z557/Z545-1)*100) | AB557: =IF(COUNT(AA509:AA556)<48,"",AVERAGE(AA509:AA556)) | AC557: =IF(OR(AA557="",AB557=""),"",AA557-AB557)
A558: 2006M02 | B558: 473.9 | C558: =IF(OR(B558="",B546=""),"",(B558/B546-1)*100) -> 12.131179 | D558: =IF(COUNT(C510:C557)<48,"",AVERAGE(C510:C557)) -> 13.749113 | E558: =IF(OR(C558="",D558=""),"",C558-D558) -> -1.6179347 | F558: 47.7 | G558: =IF(OR(F558="",F546=""),"",(F558/F546-1)*100) -> -4.4088176 | H558: =IF(COUNT(G510:G557)<48,"",AVERAGE(G510:G557)) -> 19.931322 | I558: =IF(OR(G558="",H558=""),"",G558-H558) -> -24.34014 | J558: 14978.75 | K558: =IF(OR(J558="",J546=""),"",(J558/J546-1)*100) -> -2.4153881 | L558: =IF(COUNT(K510:K557)<48,"",AVERAGE(K510:K557)) -> 28.699825 | M558: =IF(OR(K558="",L558=""),"",K558-L558) -> -31.115213 | N558: 4982.4 | O558: =IF(OR(N558="",N546=""),"",(N558/N546-1)*100) -> 53.130282 | P558: =IF(COUNT(O510:O557)<48,"",AVERAGE(O510:O557)) -> 27.314267 | Q558: =IF(OR(O558="",P558=""),"",O558-P558) -> 25.816016 | R558: 1.93 | S558: =IF(OR(R558="",R546=""),"",(R558/R546-1)*100) -> 58.196721 | T558: =IF(COUNT(S510:S557)<48,"",AVERAGE(S510:S557)) -> 31.675407 | U558: =IF(OR(S558="",T558=""),"",S558-T558) -> 26.521315 | V558: 59.7 | W558: =IF(OR(V558="",V546=""),"",(V558/V546-1)*100) -> 33.199465 | X558: =IF(COUNT(W510:W557)<48,"",AVERAGE(W510:W557)) -> 25.616143 | Y558: =IF(OR(W558="",X558=""),"",W558-X558) -> 7.5833219 | Z558: 98.3 | AA558: =IF(OR(Z558="",Z546=""),"",(Z558/Z546-1)*100) | AB558: =IF(COUNT(AA510:AA557)<48,"",AVERAGE(AA510:AA557)) | AC558: =IF(OR(AA558="",AB558=""),"",AA558-AB558)
A559: 2006M03 | B559: 472.52 | C559: =IF(OR(B559="",B547=""),"",(B559/B547-1)*100) -> 3.1410298 | D559: =IF(COUNT(C511:C558)<48,"",AVERAGE(C511:C558)) -> 13.021117 | E559: =IF(OR(C559="",D559=""),"",C559-D559) -> -9.8800871 | F559: 49.75 | G559: =IF(OR(F559="",F547=""),"",(F559/F547-1)*100) -> -2.3169056 | H559: =IF(COUNT(G511:G558)<48,"",AVERAGE(G511:G558)) -> 20.099077 | I559: =IF(OR(G559="",H559=""),"",G559-H559) -> -22.415982 | J559: 14897.39 | K559: =IF(OR(J559="",J547=""),"",(J559/J547-1)*100) -> -7.9876966 | L559: =IF(COUNT(K511:K558)<48,"",AVERAGE(K511:K558)) -> 28.807533 | M559: =IF(OR(K559="",L559=""),"",K559-L559) -> -36.79523 | N559: 5102.85 | O559: =IF(OR(N559="",N547=""),"",(N559/N547-1)*100) -> 50.994677 | P559: =IF(COUNT(O511:O558)<48,"",AVERAGE(O511:O558)) -> 28.661557 | Q559: =IF(OR(O559="",P559=""),"",O559-P559) -> 22.333119 | R559: 1.91 | S559: =IF(OR(R559="",R547=""),"",(R559/R547-1)*100) -> 56.557377 | T559: =IF(COUNT(S511:S558)<48,"",AVERAGE(S511:S558)) -> 32.851289 | U559: =IF(OR(S559="",T559=""),"",S559-T559) -> 23.706089 | V559: 60.93 | W559: =IF(OR(V559="",V547=""),"",(V559/V547-1)*100) -> 19.611307 | X559: =IF(COUNT(W511:W558)<48,"",AVERAGE(W511:W558)) -> 26.863048 | Y559: =IF(OR(W559="",X559=""),"",W559-X559) -> -7.2517404 | Z559: 98.2 | AA559: =IF(OR(Z559="",Z547=""),"",(Z559/Z547-1)*100) | AB559: =IF(COUNT(AA511:AA558)<48,"",AVERAGE(AA511:AA558)) | AC559: =IF(OR(AA559="",AB559=""),"",AA559-AB559)
A560: 2006M04 | B560: 475.9 | C560: =IF(OR(B560="",B548=""),"",(B560/B548-1)*100) -> 3.940069 | D560: =IF(COUNT(C512:C559)<48,"",AVERAGE(C512:C559)) -> 12.225335 | E560: =IF(OR(C560="",D560=""),"",C560-D560) -> -8.2852656 | F560: 52.88 | G560: =IF(OR(F560="",F548=""),"",(F560/F548-1)*100) -> 3.1804878 | H560: =IF(COUNT(G512:G559)<48,"",AVERAGE(G512:G559)) -> 20.357557 | I560: =IF(OR(G560="",H560=""),"",G560-H560) -> -17.177069 | J560: 17942.22 | K560: =IF(OR(J560="",J548=""),"",(J560/J548-1)*100) -> 11.153017 | L560: =IF(COUNT(K512:K559)<48,"",AVERAGE(K512:K559)) -> 28.503905 | M560: =IF(OR(K560="",L560=""),"",K560-L560) -> -17.350888 | N560: 6387.78 | O560: =IF(OR(N560="",N548=""),"",(N560/N548-1)*100) -> 88.1814 | P560: =IF(COUNT(O512:O559)<48,"",AVERAGE(O512:O559)) -> 29.884369 | Q560: =IF(OR(O560="",P560=""),"",O560-P560) -> 58.297032 | R560: 1.94 | S560: =IF(OR(R560="",R548=""),"",(R560/R548-1)*100) -> 60.330579 | T560: =IF(COUNT(S512:S559)<48,"",AVERAGE(S512:S559)) -> 33.388542 | U560: =IF(OR(S560="",T560=""),"",S560-T560) -> 26.942037 | V560: 67.97 | W560: =IF(OR(V560="",V548=""),"",(V560/V548-1)*100) -> 34.221959 | X560: =IF(COUNT(W512:W559)<48,"",AVERAGE(W512:W559)) -> 27.386525 | Y560: =IF(OR(W560="",X560=""),"",W560-X560) -> 6.8354342 | Z560: 97.8 | AA560: =IF(OR(Z560="",Z548=""),"",(Z560/Z548-1)*100) | AB560: =IF(COUNT(AA512:AA559)<48,"",AVERAGE(AA512:AA559)) | AC560: =IF(OR(AA560="",AB560=""),"",AA560-AB560)
A561: 2006M05 | B561: 483.72 | C561: =IF(OR(B561="",B549=""),"",(B561/B549-1)*100) -> 7.4933333 | D561: =IF(COUNT(C513:C560)<48,"",AVERAGE(C513:C560)) -> 11.402124 | E561: =IF(OR(C561="",D561=""),"",C561-D561) -> -3.9087906 | F561: 52.6 | G561: =IF(OR(F561="",F549=""),"",(F561/F549-1)*100) -> 2.5141298 | H561: =IF(COUNT(G513:G560)<48,"",AVERAGE(G513:G560)) -> 20.822449 | I561: =IF(OR(G561="",H561=""),"",G561-H561) -> -18.308319 | J561: 21077.14 | K561: =IF(OR(J561="",J549=""),"",(J561/J549-1)*100) -> 24.484777 | L561: =IF(COUNT(K513:K560)<48,"",AVERAGE(K513:K560)) -> 28.529456 | M561: =IF(OR(K561="",L561=""),"",K561-L561) -> -4.0446792 | N561: 8045.86 | O561: =IF(OR(N561="",N549=""),"",(N561/N549-1)*100) -> 147.6335 | P561: =IF(COUNT(O513:O560)<48,"",AVERAGE(O513:O560)) -> 31.813908 | Q561: =IF(OR(O561="",P561=""),"",O561-P561) -> 115.81959 | R561: 2.15 | S561: =IF(OR(R561="",R549=""),"",(R561/R549-1)*100) -> 77.68595 | T561: =IF(COUNT(S513:S560)<48,"",AVERAGE(S513:S560)) -> 34.114383 | U561: =IF(OR(S561="",T561=""),"",S561-T561) -> 43.571568 | V561: 68.68 | W561: =IF(OR(V561="",V549=""),"",(V561/V549-1)*100) -> 43.591888 | X561: =IF(COUNT(W513:W560)<48,"",AVERAGE(W513:W560)) -> 28.122972 | Y561: =IF(OR(W561="",X561=""),"",W561-X561) -> 15.468916 | Z561: 97.4 | AA561: =IF(OR(Z561="",Z549=""),"",(Z561/Z549-1)*100) | AB561: =IF(COUNT(AA513:AA560)<48,"",AVERAGE(AA513:AA560)) | AC561: =IF(OR(AA561="",AB561=""),"",AA561-AB561)
A562: 2006M06 | B562: 478.16 | C562: =IF(OR(B562="",B550=""),"",(B562/B550-1)*100) -> 5.8578703 | D562: =IF(COUNT(C514:C561)<48,"",AVERAGE(C514:C561)) -> 10.214663 | E562: =IF(OR(C562="",D562=""),"",C562-D562) -> -4.3567928 | F562: 52.38 | G562: =IF(OR(F562="",F550=""),"",(F562/F550-1)*100) -> 2.7058824 | H562: =IF(COUNT(G514:G561)<48,"",AVERAGE(G514:G561)) -> 21.301355 | I562: =IF(OR(G562="",H562=""),"",G562-H562) -> -18.595472 | J562: 20754.55 | K562: =IF(OR(J562="",J550=""),"",(J562/J550-1)*100) -> 28.435198 | L562: =IF(COUNT(K514:K561)<48,"",AVERAGE(K514:K561)) -> 29.127916 | M562: =IF(OR(K562="",L562=""),"",K562-L562) -> -0.69271797 | N562: 7197.61 | O562: =IF(OR(N562="",N550=""),"",(N562/N550-1)*100) -> 104.2414 | P562: =IF(COUNT(O514:O561)<48,"",AVERAGE(O514:O561)) -> 34.996769 | Q562: =IF(OR(O562="",P562=""),"",O562-P562) -> 69.244634 | R562: 2.35 | S562: =IF(OR(R562="",R550=""),"",(R562/R550-1)*100) -> 85.03937 | T562: =IF(COUNT(S514:S561)<48,"",AVERAGE(S514:S561)) -> 35.038396 | U562: =IF(OR(S562="",T562=""),"",S562-T562) -> 50.000974 | V562: 68.29 | W562: =IF(OR(V562="",V550=""),"",(V562/V550-1)*100) -> 26.721099 | X562: =IF(COUNT(W514:W561)<48,"",AVERAGE(W514:W561)) -> 29.173302 | Y562: =IF(OR(W562="",X562=""),"",W562-X562) -> -2.4522039 | Z562: 97 | AA562: =IF(OR(Z562="",Z550=""),"",(Z562/Z550-1)*100) | AB562: =IF(COUNT(AA514:AA561)<48,"",AVERAGE(AA514:AA561)) | AC562: =IF(OR(AA562="",AB562=""),"",AA562-AB562)
A563: 2006M07 | B563: 499.21 | C563: =IF(OR(B563="",B551=""),"",(B563/B551-1)*100) -> 9.8323506 | D563: =IF(COUNT(C515:C562)<48,"",AVERAGE(C515:C562)) -> 8.9385811 | E563: =IF(OR(C563="",D563=""),"",C563-D563) -> 0.89376947 | F563: 52.75 | G563: =IF(OR(F563="",F551=""),"",(F563/F551-1)*100) -> 3.6345776 | H563: =IF(COUNT(G515:G562)<48,"",AVERAGE(G515:G562)) -> 21.910825 | I563: =IF(OR(G563="",H563=""),"",G563-H563) -> -18.276247 | J563: 26586.19 | K563: =IF(OR(J563="",J551=""),"",(J563/J551-1)*100) -> 82.338103 | L563: =IF(COUNT(K515:K562)<48,"",AVERAGE(K515:K562)) -> 29.570157 | M563: =IF(OR(K563="",L563=""),"",K563-L563) -> 52.767945 | N563: 7712.1 | O563: =IF(OR(N563="",N551=""),"",(N563/N551-1)*100) -> 113.38273 | P563: =IF(COUNT(O515:O562)<48,"",AVERAGE(O515:O562)) -> 37.117847 | Q563: =IF(OR(O563="",P563=""),"",O563-P563) -> 76.264884 | R563: 2.31 | S563: =IF(OR(R563="",R551=""),"",(R563/R551-1)*100) -> 59.310345 | T563: =IF(COUNT(S515:S562)<48,"",AVERAGE(S515:S562)) -> 35.50286 | U563: =IF(OR(S563="",T563=""),"",S563-T563) -> 23.807485 | V563: 72.45 | W563: =IF(OR(V563="",V551=""),"",(V563/V551-1)*100) -> 28.525812 | X563: =IF(COUNT(W515:W562)<48,"",AVERAGE(W515:W562)) -> 29.921563 | Y563: =IF(OR(W563="",X563=""),"",W563-X563) -> -1.3957513 | Z563: 96.2 | AA563: =IF(OR(Z563="",Z551=""),"",(Z563/Z551-1)*100) | AB563: =IF(COUNT(AA515:AA562)<48,"",AVERAGE(AA515:AA562)) | AC563: =IF(OR(AA563="",AB563=""),"",AA563-AB563)
A564: 2006M08 | B564: 534.26 | C564: =IF(OR(B564="",B552=""),"",(B564/B552-1)*100) -> 19.126828 | D564: =IF(COUNT(C516:C563)<48,"",AVERAGE(C516:C563)) -> 8.5612248 | E564: =IF(OR(C564="",D564=""),"",C564-D564) -> 10.565604 | F564: 50.94 | G564: =IF(OR(F564="",F552=""),"",(F564/F552-1)*100) -> 3.6841034 | H564: =IF(COUNT(G516:G563)<48,"",AVERAGE(G516:G563)) -> 22.651374 | I564: =IF(OR(G564="",H564=""),"",G564-H564) -> -18.96727 | J564: 30743.64 | K564: =IF(OR(J564="",J552=""),"",(J564/J552-1)*100) -> 106.43388 | L564: =IF(COUNT(K516:K563)<48,"",AVERAGE(K516:K563)) -> 30.86246 | M564: =IF(OR(K564="",L564=""),"",K564-L564) -> 75.571417 | N564: 7695.66 | O564: =IF(OR(N564="",N552=""),"",(N564/N552-1)*100) -> 102.63735 | P564: =IF(COUNT(O516:O563)<48,"",AVERAGE(O516:O563)) -> 39.392226 | Q564: =IF(OR(O564="",P564=""),"",O564-P564) -> 63.245125 | R564: 2.14 | S564: =IF(OR(R564="",R552=""),"",(R564/R552-1)*100) -> 48.611111 | T564: =IF(COUNT(S516:S563)<48,"",AVERAGE(S516:S563)) -> 35.446825 | U564: =IF(OR(S564="",T564=""),"",S564-T564) -> 13.164286 | V564: 71.81 | W564: =IF(OR(V564="",V552=""),"",(V564/V552-1)*100) -> 16.028438 | X564: =IF(COUNT(W516:W563)<48,"",AVERAGE(W516:W563)) -> 30.436046 | Y564: =IF(OR(W564="",X564=""),"",W564-X564) -> -14.407608 | Z564: 94.8 | AA564: =IF(OR(Z564="",Z552=""),"",(Z564/Z552-1)*100) | AB564: =IF(COUNT(AA516:AA563)<48,"",AVERAGE(AA516:AA563)) | AC564: =IF(OR(AA564="",AB564=""),"",AA564-AB564)
A565: 2006M09 | B565: 511.24 | C565: =IF(OR(B565="",B553=""),"",(B565/B553-1)*100) -> 12.697293 | D565: =IF(COUNT(C517:C564)<48,"",AVERAGE(C517:C564)) -> 8.475757 | E565: =IF(OR(C565="",D565=""),"",C565-D565) -> 4.221536 | F565: 47.1 | G565: =IF(OR(F565="",F553=""),"",(F565/F553-1)*100) -> 4.0883978 | H565: =IF(COUNT(G517:G564)<48,"",AVERAGE(G517:G564)) -> 23.440034 | I565: =IF(OR(G565="",H565=""),"",G565-H565) -> -19.351636 | J565: 30130.71 | K565: =IF(OR(J565="",J553=""),"",(J565/J553-1)*100) -> 111.76784 | L565: =IF(COUNT(K517:K564)<48,"",AVERAGE(K517:K564)) -> 32.628381 | M565: =IF(OR(K565="",L565=""),"",K565-L565) -> 79.139463 | N565: 7602.36 | O565: =IF(OR(N565="",N553=""),"",(N565/N553-1)*100) -> 97.062605 | P565: =IF(COUNT(O517:O564)<48,"",AVERAGE(O517:O564)) -> 41.508994 | Q565: =IF(OR(O565="",P565=""),"",O565-P565) -> 55.553611 | R565: 1.81 | S565: =IF(OR(R565="",R553=""),"",(R565/R553-1)*100) -> 13.836478 | T565: =IF(COUNT(S517:S564)<48,"",AVERAGE(S517:S564)) -> 35.280311 | U565: =IF(OR(S565="",T565=""),"",S565-T565) -> -21.443833 | V565: 62.12 | W565: =IF(OR(V565="",V553=""),"",(V565/V553-1)*100) -> 0.69703355 | X565: =IF(COUNT(W517:W564)<48,"",AVERAGE(W517:W564)) -> 30.692512 | Y565: =IF(OR(W565="",X565=""),"",W565-X565) -> -29.995478 | Z565: 94.9 | AA565: =IF(OR(Z565="",Z553=""),"",(Z565/Z553-1)*100) | AB565: =IF(COUNT(AA517:AA564)<48,"",AVERAGE(AA517:AA564)) | AC565: =IF(OR(AA565="",AB565=""),"",AA565-AB565)
A566: 2006M10 | B566: 514.18 | C566: =IF(OR(B566="",B554=""),"",(B566/B554-1)*100) -> 9.9850267 | D566: =IF(COUNT(C518:C565)<48,"",AVERAGE(C518:C565)) -> 7.9690474 | E566: =IF(OR(C566="",D566=""),"",C566-D566) -> 2.0159793 | F566: 44.05 | G566: =IF(OR(F566="",F554=""),"",(F566/F554-1)*100) -> 3.7447009 | H566: =IF(COUNT(G518:G565)<48,"",AVERAGE(G518:G565)) -> 24.166723 | I566: =IF(OR(G566="",H566=""),"",G566-H566) -> -20.422022 | J566: 32702.96 | K566: =IF(OR(J566="",J554=""),"",(J566/J554-1)*100) -> 163.67273 | L566: =IF(COUNT(K518:K565)<48,"",AVERAGE(K518:K565)) -> 34.288305 | M566: =IF(OR(K566="",L566=""),"",K566-L566) -> 129.38443 | N566: 7500.39 | O566: =IF(OR(N566="",N554=""),"",(N566/N554-1)*100) -> 84.749591 | P566: =IF(COUNT(O518:O565)<48,"",AVERAGE(O518:O565)) -> 43.454624 | Q566: =IF(OR(O566="",P566=""),"",O566-P566) -> 41.294967 | R566: 1.79 | S566: =IF(OR(R566="",R554=""),"",(R566/R554-1)*100) -> 9.8159509 | T566: =IF(COUNT(S518:S565)<48,"",AVERAGE(S518:S565)) -> 33.825374 | U566: =IF(OR(S566="",T566=""),"",S566-T566) -> -24.009423 | V566: 57.91 | W566: =IF(OR(V566="",V554=""),"",(V566/V554-1)*100) -> -0.48118233 | X566: =IF(COUNT(W518:W565)<48,"",AVERAGE(W518:W565)) -> 30.453331 | Y566: =IF(OR(W566="",X566=""),"",W566-X566) -> -30.934514 | Z566: 94.8 | AA566: =IF(OR(Z566="",Z554=""),"",(Z566/Z554-1)*100) | AB566: =IF(COUNT(AA518:AA565)<48,"",AVERAGE(AA518:AA565)) | AC566: =IF(OR(AA566="",AB566=""),"",AA566-AB566)
A567: 2006M11 | B567: 571.57 | C567: =IF(OR(B567="",B555=""),"",(B567/B555-1)*100) -> 22.470538 | D567: =IF(COUNT(C519:C566)<48,"",AVERAGE(C519:C566)) -> 7.0471049 | E567: =IF(OR(C567="",D567=""),"",C567-D567) -> 15.423433 | F567: 46 | G567: =IF(OR(F567="",F555=""),"",(F567/F555-1)*100) -> 20.861797 | H567: =IF(COUNT(G519:G566)<48,"",AVERAGE(G519:G566)) -> 24.752711 | I567: =IF(OR(G567="",H567=""),"",G567-H567) -> -3.8909138 | J567: 32113.86 | K567: =IF(OR(J567="",J555=""),"",(J567/J555-1)*100) -> 165.06032 | L567: =IF(COUNT(K519:K566)<48,"",AVERAGE(K519:K566)) -> 36.843665 | M567: =IF(OR(K567="",L567=""),"",K567-L567) -> 128.21665 | N567: 7029.18 | O567: =IF(OR(N567="",N555=""),"",(N567/N555-1)*100) -> 64.643247 | P567: =IF(COUNT(O519:O566)<48,"",AVERAGE(O519:O566)) -> 45.059174 | Q567: =IF(OR(O567="",P567=""),"",O567-P567) -> 19.584073 | R567: 1.62 | S567: =IF(OR(R567="",R555=""),"",(R567/R555-1)*100) -> 2.5316456 | T567: =IF(COUNT(S519:S566)<48,"",AVERAGE(S519:S566)) -> 32.510776 | U567: =IF(OR(S567="",T567=""),"",S567-T567) -> -29.97913 | V567: 58.14 | W567: =IF(OR(V567="",V555=""),"",(V567/V555-1)*100) -> 5.6322674 | X567: =IF(COUNT(W519:W566)<48,"",AVERAGE(W519:W566)) -> 29.759917 | Y567: =IF(OR(W567="",X567=""),"",W567-X567) -> -24.12765 | Z567: 94.7 | AA567: =IF(OR(Z567="",Z555=""),"",(Z567/Z555-1)*100) | AB567: =IF(COUNT(AA519:AA566)<48,"",AVERAGE(AA519:AA566)) | AC567: =IF(OR(AA567="",AB567=""),"",AA567-AB567)
... A793: 2025M09 | B793: 1036.74 | C793: =IF(OR(B793="",B781=""),"",(B793/B781-1)*100) -> 5.4851806 | D793: =IF(COUNT(C745:C792)<48,"",AVERAGE(C745:C792)) -> 5.6654926 | E793: =IF(OR(C793="",D793=""),"",C793-D793) -> -0.18031202 | F793: 106.32 | G793: =IF(OR(F793="",F781=""),"",(F793/F781-1)*100) -> -23.62069 | H793: =IF(COUNT(G745:G792)<48,"",AVERAGE(G745:G792)) -> 38.411171 | I793: =IF(OR(G793="",H793=""),"",G793-H793) -> -62.031861 | J793: 15105.64 | K793: =IF(OR(J793="",J781=""),"",(J793/J781-1)*100) -> -6.0404037 | L793: =IF(COUNT(K745:K792)<48,"",AVERAGE(K745:K792)) -> 1.9356388 | M793: =IF(OR(K793="",L793=""),"",K793-L793) -> -7.9760426 | N793: 9983.79 | O793: =IF(OR(N793="",N781=""),"",(N793/N781-1)*100) -> 8.0791515 | P793: =IF(COUNT(O745:O792)<48,"",AVERAGE(O745:O792)) -> 3.9574462 | Q793: =IF(OR(O793="",P793=""),"",O793-P793) -> 4.1217053 | R793: 1.74 | S793: =IF(OR(R793="",R781=""),"",(R793/R781-1)*100) -> -8.9005236 | T793: =IF(COUNT(S745:S792)<48,"",AVERAGE(S745:S792)) -> 5.1720098 | U793: =IF(OR(S793="",T793=""),"",S793-T793) -> -14.072533 | V793: 66.46 | W793: =IF(OR(V793="",V781=""),"",(V793/V781-1)*100) -> -8.2297708 | X793: =IF(COUNT(W745:W792)<48,"",AVERAGE(W745:W792)) -> 10.622912 | Y793: =IF(OR(W793="",X793=""),"",W793-X793) -> -18.852683 | Z793: 89.9 | AA793: =IF(OR(Z793="",Z781=""),"",(Z793/Z781-1)*100) -> 0.55928412 | AB793: =IF(COUNT(AA745:AA792)<48,"",AVERAGE(AA745:AA792)) -> -0.45752353 | AC793: =IF(OR(AA793="",AB793=""),"",AA793-AB793) -> 1.0168076
A794: 2025M10 | B794: 1038.09 | C794: =IF(OR(B794="",B782=""),"",(B794/B782-1)*100) -> -3.6351822 | D794: =IF(COUNT(C746:C793)<48,"",AVERAGE(C746:C793)) -> 4.7719846 | E794: =IF(OR(C794="",D794=""),"",C794-D794) -> -8.4071667 | F794: 107.5 | G794: =IF(OR(F794="",F782=""),"",(F794/F782-1)*100) -> -26.686217 | H794: =IF(COUNT(G746:G793)<48,"",AVERAGE(G746:G793)) -> 32.917166 | I794: =IF(OR(G794="",H794=""),"",G794-H794) -> -59.603383 | J794: 15092.12 | K794: =IF(OR(J794="",J782=""),"",(J794/J782-1)*100) -> -9.9827029 | L794: =IF(COUNT(K746:K793)<48,"",AVERAGE(K746:K793)) -> 1.1760833 | M794: =IF(OR(K794="",L794=""),"",K794-L794) -> -11.158786 | N794: 10739.91 | O794: =IF(OR(N794="",N782=""),"",(N794/N782-1)*100) -> 12.648639 | P794: =IF(COUNT(O746:O793)<48,"",AVERAGE(O746:O793)) -> 3.3117396 | Q794: =IF(OR(O794="",P794=""),"",O794-P794) -> 9.3368996 | R794: 1.71 | S794: =IF(OR(R794="",R782=""),"",(R794/R782-1)*100) -> -14.925373 | T794: =IF(COUNT(S746:S793)<48,"",AVERAGE(S746:S793)) -> 4.5912051 | U794: =IF(OR(S794="",T794=""),"",S794-T794) -> -19.516578 | V794: 63.04 | W794: =IF(OR(V794="",V782=""),"",(V794/V782-1)*100) -> -14.776261 | X794: =IF(COUNT(W746:W793)<48,"",AVERAGE(W746:W793)) -> 8.7991597 | Y794: =IF(OR(W794="",X794=""),"",W794-X794) -> -23.57542 | AA794: =IF(OR(Z794="",Z782=""),"",(Z794/Z782-1)*100) | AB794: =IF(COUNT(AA746:AA793)<48,"",AVERAGE(AA746:AA793)) -> -0.4869902 | AC794: =IF(OR(AA794="",AB794=""),"",AA794-AB794)
A795: 2025M11 | B795: 983.4 | C795: =IF(OR(B795="",B783=""),"",(B795/B783-1)*100) -> -15.847303 | D795: =IF(COUNT(C747:C794)<48,"",AVERAGE(C747:C794)) -> 3.4477316 | E795: =IF(OR(C795="",D795=""),"",C795-D795) -> -19.295035 | F795: 112.6 | G795: =IF(OR(F795="",F783=""),"",(F795/F783-1)*100) -> -20.771179 | H795: =IF(COUNT(G747:G794)<48,"",AVERAGE(G747:G794)) -> 26.435475 | I795: =IF(OR(G795="",H795=""),"",G795-H795) -> -47.206655 | J795: 14670.77 | K795: =IF(OR(J795="",J783=""),"",(J795/J783-1)*100) -> -6.692654 | L795: =IF(COUNT(K747:K794)<48,"",AVERAGE(K747:K794)) -> 0.40446164 | M795: =IF(OR(K795="",L795=""),"",K795-L795) -> -7.0971156 | N795: 10812.03 | O795: =IF(OR(N795="",N783=""),"",(N795/N783-1)*100) -> 19.131243 | P795: =IF(COUNT(O747:O794)<48,"",AVERAGE(O747:O794)) -> 2.6085235 | Q795: =IF(OR(O795="",P795=""),"",O795-P795) -> 16.52272 | R795: 1.71 | S795: =IF(OR(R795="",R783=""),"",(R795/R783-1)*100) -> -11.398964 | T795: =IF(COUNT(S747:S794)<48,"",AVERAGE(S747:S794)) -> 4.0079287 | U795: =IF(OR(S795="",T795=""),"",S795-T795) -> -15.406892 | V795: 62.34 | W795: =IF(OR(V795="",V783=""),"",(V795/V783-1)*100) -> -13.764006 | X795: =IF(COUNT(W747:W794)<48,"",AVERAGE(W747:W794)) -> 6.2899843 | Y795: =IF(OR(W795="",X795=""),"",W795-X795) -> -20.05399 | Z795: 90 | AA795: =IF(OR(Z795="",Z783=""),"",(Z795/Z783-1)*100) -> 0.44642857 | AB795: =IF(COUNT(AA747:AA794)<48,"",AVERAGE(AA747:AA794)) | AC795: =IF(OR(AA795="",AB795=""),"",AA795-AB795)
A796: 2025M12 | B796: 980.12 | C796: =IF(OR(B796="",B784=""),"",(B796/B784-1)*100) -> -17.618283 | D796: =IF(COUNT(C748:C795)<48,"",AVERAGE(C748:C795)) -> 2.1577766 | E796: =IF(OR(C796="",D796=""),"",C796-D796) -> -19.77606 | F796: 107.67 | G796: =IF(OR(F796="",F784=""),"",(F796/F784-1)*100) -> -17.055697 | H796: =IF(COUNT(G748:G795)<48,"",AVERAGE(G748:G795)) -> 22.991614 | I796: =IF(OR(G796="",H796=""),"",G796-H796) -> -40.047311 | J796: 14883.99 | K796: =IF(OR(J796="",J784=""),"",(J796/J784-1)*100) -> -3.6316219 | L796: =IF(COUNT(K748:K795)<48,"",AVERAGE(K748:K795)) -> -0.27862804 | M796: =IF(OR(K796="",L796=""),"",K796-L796) -> -3.3529938 | N796: 11785.25 | O796: =IF(OR(N796="",N784=""),"",(N796/N784-1)*100) -> 32.176167 | P796: =IF(COUNT(O748:O795)<48,"",AVERAGE(O748:O795)) -> 2.2231448 | Q796: =IF(OR(O796="",P796=""),"",O796-P796) -> 29.953022 | R796: 1.74 | S796: =IF(OR(R796="",R784=""),"",(R796/R784-1)*100) -> -12.562814 | T796: =IF(COUNT(S748:S795)<48,"",AVERAGE(S748:S795)) -> 3.5300656 | U796: =IF(OR(S796="",T796=""),"",S796-T796) -> -16.09288 | V796: 60.88 | W796: =IF(OR(V796="",V784=""),"",(V796/V784-1)*100) -> -15.806942 | X796: =IF(COUNT(W748:W795)<48,"",AVERAGE(W748:W795)) -> 4.1503973 | Y796: =IF(OR(W796="",X796=""),"",W796-X796) -> -19.95734 | Z796: 90.1 | AA796: =IF(OR(Z796="",Z784=""),"",(Z796/Z784-1)*100) -> 0.55803571 | AB796: =IF(COUNT(AA748:AA795)<48,"",AVERAGE(AA748:AA795)) | AC796: =IF(OR(AA796="",AB796=""),"",AA796-AB796)
A797: 2026M01 | B797: 1004.66 | C797: =IF(OR(B797="",B785=""),"",(B797/B785-1)*100) -> -6.133737 | D797: =IF(COUNT(C749:C796)<48,"",AVERAGE(C749:C796)) -> 1.2702492 | E797: =IF(OR(C797="",D797=""),"",C797-D797) -> -7.4039862 | F797: 109.78 | G797: =IF(OR(F797="",F785=""),"",(F797/F785-1)*100) -> -7.4367622 | H797: =IF(COUNT(G749:G796)<48,"",AVERAGE(G749:G796)) -> 20.462876 | I797: =IF(OR(G797="",H797=""),"",G797-H797) -> -27.899638 | J797: 17768.5 | K797: =IF(OR(J797="",J785=""),"",(J797/J785-1)*100) -> 15.423791 | L797: =IF(COUNT(K749:K796)<48,"",AVERAGE(K749:K796)) -> -0.74964121 | M797: =IF(OR(K797="",L797=""),"",K797-L797) -> 16.173432 | N797: 13012 | O797: =IF(OR(N797="",N785=""),"",(N797/N785-1)*100) -> 44.715901 | P797: =IF(COUNT(O749:O796)<48,"",AVERAGE(O749:O796)) -> 2.4166403 | Q797: =IF(OR(O797="",P797=""),"",O797-P797) -> 42.299261 | R797: 1.84 | S797: =IF(OR(R797="",R785=""),"",(R797/R785-1)*100) -> -4.6632124 | T797: =IF(COUNT(S749:S796)<48,"",AVERAGE(S749:S796)) -> 3.0692957 | U797: =IF(OR(S797="",T797=""),"",S797-T797) -> -7.7325082 | V797: 63.65 | W797: =IF(OR(V797="",V785=""),"",(V797/V785-1)*100) -> -18.564483 | X797: =IF(COUNT(W749:W796)<48,"",AVERAGE(W749:W796)) -> 2.7890387 | Y797: =IF(OR(W797="",X797=""),"",W797-X797) -> -21.353522 | Z797: 88.7 | AA797: =IF(OR(Z797="",Z785=""),"",(Z797/Z785-1)*100) -> -1.1148272 | AB797: =IF(COUNT(AA749:AA796)<48,"",AVERAGE(AA749:AA796)) | AC797: =IF(OR(AA797="",AB797=""),"",AA797-AB797)
A798: 2026M02 | B798: 1039.47 | C798: =IF(OR(B798="",B786=""),"",(B798/B786-1)*100) -> -2.6047767 | D798: =IF(COUNT(C750:C797)<48,"",AVERAGE(C750:C797)) -> 0.3966227 | E798: =IF(OR(C798="",D798=""),"",C798-D798) -> -3.0013994 | F798: 118.37 | G798: =IF(OR(F798="",F786=""),"",(F798/F786-1)*100) -> 10.698588 | H798: =IF(COUNT(G750:G797)<48,"",AVERAGE(G750:G797)) -> 17.665807 | I798: =IF(OR(G798="",H798=""),"",G798-H798) -> -6.9672193 | J798: 17173.1 | K798: =IF(OR(J798="",J786=""),"",(J798/J786-1)*100) -> 12.329925 | L798: =IF(COUNT(K750:K797)<48,"",AVERAGE(K750:K797)) -> -0.95222743 | M798: =IF(OR(K798="",L798=""),"",K798-L798) -> 13.282152 | N798: 12951.35 | O798: =IF(OR(N798="",N786=""),"",(N798/N786-1)*100) -> 38.805114 | P798: =IF(COUNT(O750:O797)<48,"",AVERAGE(O750:O797)) -> 2.8751712 | Q798: =IF(OR(O798="",P798=""),"",O798-P798) -> 35.929943 | R798: 1.93 | S798: =IF(OR(R798="",R786=""),"",(R798/R786-1)*100) -> -3.9800995 | T798: =IF(COUNT(S750:S797)<48,"",AVERAGE(S750:S797)) -> 2.7231937 | U798: =IF(OR(S798="",T798=""),"",S798-T798) -> -6.7032932 | V798: 68.01 | W798: =IF(OR(V798="",V786=""),"",(V798/V786-1)*100) -> -7.8704958 | X798: =IF(COUNT(W750:W797)<48,"",AVERAGE(W750:W797)) -> 1.223796 | Y798: =IF(OR(W798="",X798=""),"",W798-X798) -> -9.0942918 | Z798: 87.3 | AA798: =IF(OR(Z798="",Z786=""),"",(Z798/Z786-1)*100) -> -2.8921023 | AB798: =IF(COUNT(AA750:AA797)<48,"",AVERAGE(AA750:AA797)) | AC798: =IF(OR(AA798="",AB798=""),"",AA798-AB798)
A799: 2026M03 | B799: 1108.61 | C799: =IF(OR(B799="",B787=""),"",(B799/B787-1)*100) -> 3.8413263 | D799: =IF(COUNT(C751:C798)<48,"",AVERAGE(C751:C798)) -> -0.68413241 | E799: =IF(OR(C799="",D799=""),"",C799-D799) -> 4.5254588 | F799: 138.6 | G799: =IF(OR(F799="",F787=""),"",(F799/F787-1)*100) -> 33.307685 | H799: =IF(COUNT(G751:G798)<48,"",AVERAGE(G751:G798)) -> 14.693321 | I799: =IF(OR(G799="",H799=""),"",G799-H799) -> 18.614364 | J799: 17076.29 | K799: =IF(OR(J799="",J787=""),"",(J799/J787-1)*100) -> 6.2904239 | L799: =IF(COUNT(K751:K798)<48,"",AVERAGE(K751:K798)) -> -1.3041953 | M799: =IF(OR(K799="",L799=""),"",K799-L799) -> 7.5946191 | N799: 12528.71 | O799: =IF(OR(N799="",N787=""),"",(N799/N787-1)*100) -> 28.635746 | P799: =IF(COUNT(O751:O798)<48,"",AVERAGE(O751:O798)) -> 3.3215325 | Q799: =IF(OR(O799="",P799=""),"",O799-P799) -> 25.314213 | R799: 1.95 | S799: =IF(OR(R799="",R787=""),"",(R799/R787-1)*100) -> -1.5151515 | T799: =IF(COUNT(S751:S798)<48,"",AVERAGE(S751:S798)) -> 2.5038662 | U799: =IF(OR(S799="",T799=""),"",S799-T799) -> -4.0190178 | V799: 95.58 | W799: =IF(OR(V799="",V787=""),"",(V799/V787-1)*100) -> 35.190948 | X799: =IF(COUNT(W751:W798)<48,"",AVERAGE(W751:W798)) -> -0.080044746 | Y799: =IF(OR(W799="",X799=""),"",W799-X799) -> 35.270992 | Z799: 85.8 | AA799: =IF(OR(Z799="",Z787=""),"",(Z799/Z787-1)*100) -> -4.2410714 | AB799: =IF(COUNT(AA751:AA798)<48,"",AVERAGE(AA751:AA798)) | AC799: =IF(OR(AA799="",AB799=""),"",AA799-AB799)
A800: 2026M04 | B800: 1146.2 | C800: =IF(OR(B800="",B788=""),"",(B800/B788-1)*100) -> 15.268964 | D800: =IF(COUNT(C752:C799)<48,"",AVERAGE(C752:C799)) -> -2.113272 | E800: =IF(OR(C800="",D800=""),"",C800-D800) -> 17.382236 | F800: 130.92 | G800: =IF(OR(F800="",F788=""),"",(F800/F788-1)*100) -> 32.76544 | H800: =IF(COUNT(G752:G799)<48,"",AVERAGE(G752:G799)) -> 10.577918 | I800: =IF(OR(G800="",H800=""),"",G800-H800) -> 22.187521 | J800: 17961.6 | K800: =IF(OR(J800="",J788=""),"",(J800/J788-1)*100) -> 18.846393 | L800: =IF(COUNT(K752:K799)<48,"",AVERAGE(K752:K799)) -> -3.3975362 | M800: =IF(OR(K800="",L800=""),"",K800-L800) -> 22.243929 | N800: 12950.96 | O800: =IF(OR(N800="",N788=""),"",(N800/N788-1)*100) -> 41.12719 | P800: =IF(COUNT(O752:O799)<48,"",AVERAGE(O752:O799)) -> 3.6300863 | Q800: =IF(OR(O800="",P800=""),"",O800-P800) -> 37.497104 | R800: 2.06 | S800: =IF(OR(R800="",R788=""),"",(R800/R788-1)*100) -> 20.467836 | T800: =IF(COUNT(S752:S799)<48,"",AVERAGE(S752:S799)) -> 2.4603274 | U800: =IF(OR(S800="",T800=""),"",S800-T800) -> 18.007509 | V800: 103.91 | W800: =IF(OR(V800="",V788=""),"",(V800/V788-1)*100) -> 57.654377 | X800: =IF(COUNT(W752:W799)<48,"",AVERAGE(W752:W799)) -> -0.93216555 | Y800: =IF(OR(W800="",X800=""),"",W800-X800) -> 58.586543 | Z800: 86 | AA800: =IF(OR(Z800="",Z788=""),"",(Z800/Z788-1)*100) -> -4.1248606 | AB800: =IF(COUNT(AA752:AA799)<48,"",AVERAGE(AA752:AA799)) | AC800: =IF(OR(AA800="",AB800=""),"",AA800-AB800)
A801: 2026M05 | B801: 1139.94 | C801: =IF(OR(B801="",B789=""),"",(B801/B789-1)*100) -> 25.602151 | D801: =IF(COUNT(C753:C800)<48,"",AVERAGE(C753:C800)) -> -2.963733 | E801: =IF(OR(C801="",D801=""),"",C801-D801) -> 28.565884 | F801: 136.86 | G801: =IF(OR(F801="",F789=""),"",(F801/F789-1)*100) -> 31.079399 | H801: =IF(COUNT(G753:G800)<48,"",AVERAGE(G753:G800)) -> 6.3214819 | I801: =IF(OR(G801="",H801=""),"",G801-H801) -> 24.757917 | J801: 18805.77 | K801: =IF(OR(J801="",J789=""),"",(J801/J789-1)*100) -> 22.54677 | L801: =IF(COUNT(K753:K800)<48,"",AVERAGE(K753:K800)) -> -5.0996156 | M801: =IF(OR(K801="",L801=""),"",K801-L801) -> 27.646386 | N801: 13543.19 | O801: =IF(OR(N801="",N789=""),"",(N801/N789-1)*100) -> 42.066699 | P801: =IF(COUNT(O753:O800)<48,"",AVERAGE(O753:O800)) -> 4.3000002 | Q801: =IF(OR(O801="",P801=""),"",O801-P801) -> 37.766699 | R801: 2.21 | S801: =IF(OR(R801="",R789=""),"",(R801/R789-1)*100) -> 30 | T801: =IF(COUNT(S753:S800)<48,"",AVERAGE(S753:S800)) -> 2.8105211 | U801: =IF(OR(S801="",T801=""),"",S801-T801) -> 27.189479 | V801: 100.43 | W801: =IF(OR(V801="",V789=""),"",(V801/V789-1)*100) -> 60.047809 | X801: =IF(COUNT(W753:W800)<48,"",AVERAGE(W753:W800)) -> -1.0700584 | Y801: =IF(OR(W801="",X801=""),"",W801-X801) -> 61.117867 | Z801: 86.2 | AA801: =IF(OR(Z801="",Z789=""),"",(Z801/Z789-1)*100) -> -3.7946429 | AB801: =IF(COUNT(AA753:AA800)<48,"",AVERAGE(AA753:AA800)) | AC801: =IF(OR(AA801="",AB801=""),"",AA801-AB801)
E802: cpo | I802: coal | M802: nickel | Q802: copper | U802: rubber | Y802: oilgas | AC802: electronics
A803: x_j TERPAKAI (baris valid terakhir): | E803: =LOOKUP(9.99E+307,E5:E801) -> 28.565884 | I803: =LOOKUP(9.99E+307,I5:I801) -> 24.757917 | M803: =LOOKUP(9.99E+307,M5:M801) -> 27.646386 | Q803: =LOOKUP(9.99E+307,Q5:Q801) -> 37.766699 | U803: =LOOKUP(9.99E+307,U5:U801) -> 27.189479 | Y803: =LOOKUP(9.99E+307,Y5:Y801) -> 61.117867 | AC803: =LOOKUP(9.99E+307,AC5:AC801) -> 1.0168076
A804: dashboard: | E804: 28.565884 | I804: 24.757917 | M804: 27.646386 | Q804: 37.766699 | U804: 27.189479 | Y804: 61.117867 | AC804: 1.0168076
A805: selisih: | E805: =E803-E804 -> 0 | I805: =I803-I804 -> 0 | M805: =M803-M804 -> 0 | Q805: =Q803-Q804 -> 0 | U805: =U803-U804 -> 0 | Y805: =Y803-Y804 -> 0 | AC805: =AC803-AC804 -> 0

Sheet 02_shock_T2
A1: Theme 2 — Shock Pertumbuhan Mitra Dagang
A2: d^g_c = WEO Apr2026 − Apr2025 (tahun 2026). x_k = JUMLAH_c ( w_kc × d^g_c )
A4: BLOK A — revisi ramalan per negara
A5: negara | B5: WEO Apr2026 | C5: WEO Apr2025 | D5: d^g_c (rumus)
A6: ABW | B6: 2.3 | C6: 2.58 | D6: =B6-C6 -> -0.28
A7: AGO | B7: 2.3 | C7: 2.076 | D7: =B7-C7 -> 0.224
A8: ALB | B8: 3.4 | C8: 3.468 | D8: =B8-C8 -> -0.068
A9: AND | B9: 2.1 | C9: 1.6 | D9: =B9-C9 -> 0.5
A10: ARE | B10: 3.1 | C10: 4.986 | D10: =B10-C10 -> -1.886
A11: ARG | B11: 3.5 | C11: 4.52 | D11: =B11-C11 -> -1.02
A12: ARM | B12: 5.3 | C12: 4.5 | D12: =B12-C12 -> 0.8
A13: ATG | B13: 2.6 | C13: 2.541 | D13: =B13-C13 -> 0.059
A14: AUS | B14: 2 | C14: 2.078 | D14: =B14-C14 -> -0.078
A15: AUT | B15: 0.7 | C15: 0.775 | D15: =B15-C15 -> -0.075
A16: AZE | B16: 2.2 | C16: 2.498 | D16: =B16-C16 -> -0.298
A17: BDI | B17: 3.8 | C17: 2.589 | D17: =B17-C17 -> 1.211
... A185: ZWE | B185: 5 | C185: 4.64 | D185: =B185-C185 -> 0.36
A188: BLOK B — bobot ekspor × revisi
A189: sector_52 | B189: sector_name | C189: country_iso | D189: w_kc | E189: d^g_c (VLOOKUP) | F189: w × d^g
A190: 2 | B190: HortiCrops | C190: AFG | D190: 0.00068825127 | E190: =IFERROR(VLOOKUP(C190,$A$6:$D$185,4,FALSE),0) -> 0 | F190: =D190*E190 -> 0
A191: 2 | B191: HortiCrops | C191: ARE | D191: 0.028168011 | E191: =IFERROR(VLOOKUP(C191,$A$6:$D$185,4,FALSE),0) -> -1.886 | F191: =D191*E191 -> -0.053124869
A192: 2 | B192: HortiCrops | C192: ARG | D192: 0.00014551452 | E192: =IFERROR(VLOOKUP(C192,$A$6:$D$185,4,FALSE),0) -> -1.02 | F192: =D192*E192 -> -0.00014842481
A193: 2 | B193: HortiCrops | C193: AUS | D193: 0.002029196 | E193: =IFERROR(VLOOKUP(C193,$A$6:$D$185,4,FALSE),0) -> -0.078 | F193: =D193*E193 -> -0.00015827729
A194: 2 | B194: HortiCrops | C194: AUT | D194: 2.9262384e-07 | E194: =IFERROR(VLOOKUP(C194,$A$6:$D$185,4,FALSE),0) -> -0.075 | F194: =D194*E194 -> -2.1946788e-08
A195: 2 | B195: HortiCrops | C195: BEL | D195: 3.636364e-05 | E195: =IFERROR(VLOOKUP(C195,$A$6:$D$185,4,FALSE),0) -> -0.269 | F195: =D195*E195 -> -9.7818192e-06
A196: 2 | B196: HortiCrops | C196: BEN | D196: 1.5187787e-05 | E196: =IFERROR(VLOOKUP(C196,$A$6:$D$185,4,FALSE),0) -> 0.814 | F196: =D196*E196 -> 1.2362859e-05
A197: 2 | B197: HortiCrops | C197: BFA | D197: 7.315596e-08 | E197: =IFERROR(VLOOKUP(C197,$A$6:$D$185,4,FALSE),0) -> 0.372 | F197: =D197*E197 -> 2.7214017e-08
A198: 2 | B198: HortiCrops | C198: BGD | D198: 0.066659751 | E198: =IFERROR(VLOOKUP(C198,$A$6:$D$185,4,FALSE),0) -> -1.83 | F198: =D198*E198 -> -0.12198735
A199: 2 | B199: HortiCrops | C199: BGR | D199: 9.380935e-05 | E199: =IFERROR(VLOOKUP(C199,$A$6:$D$185,4,FALSE),0) -> 0.147 | F199: =D199*E199 -> 1.3789974e-05
A200: 2 | B200: HortiCrops | C200: BHR | D200: 0.0001319975 | E200: =IFERROR(VLOOKUP(C200,$A$6:$D$185,4,FALSE),0) -> -3.494 | F200: =D200*E200 -> -0.00046119927
A201: 2 | B201: HortiCrops | C201: BRA | D201: 0.00040012113 | E201: =IFERROR(VLOOKUP(C201,$A$6:$D$185,4,FALSE),0) -> -0.084 | F201: =D201*E201 -> -3.3610175e-05
... A3296: 27 | B3296: OtherMan | C3296: ZAF | D3296: 0.0010329292 | E3296: =IFERROR(VLOOKUP(C3296,$A$6:$D$185,4,FALSE),0) -> -0.289 | F3296: =D3296*E3296 -> -0.00029851654
A3299: BLOK C — x_k per sektor (SUMIF atas Blok B)
A3300: sector_52 | B3300: sector_name | C3300: x_k (manual) | D3300: dashboard | E3300: selisih
A3301: 2 | B3301: HortiCrops | C3301: =SUMIF($A$190:$A$3296,A3301,$F$190:$F$3296) -> -0.87800091 | D3301: -0.87800091 | E3301: =C3301-D3301 -> 0
A3302: 3 | B3302: Estates | C3302: =SUMIF($A$190:$A$3296,A3302,$F$190:$F$3296) -> 0.22714337 | D3302: 0.22714337 | E3302: =C3302-D3302 -> 0
A3303: 6 | B3303: Forestry | C3303: =SUMIF($A$190:$A$3296,A3303,$F$190:$F$3296) -> 0.16702107 | D3303: 0.16702107 | E3303: =C3303-D3303 -> 0
A3304: 7 | B3304: Fishery | C3304: =SUMIF($A$190:$A$3296,A3304,$F$190:$F$3296) -> 0.44210939 | D3304: 0.44210939 | E3304: =C3304-D3304 -> 0
A3305: 8 | B3305: Coal | C3305: =SUMIF($A$190:$A$3296,A3305,$F$190:$F$3296) -> 0.23018091 | D3305: 0.23018091 | E3305: =C3305-D3305 -> 0
A3306: 9 | B3306: OilGasGeo | C3306: =SUMIF($A$190:$A$3296,A3306,$F$190:$F$3296) -> 0.9329143 | D3306: 0.9329143 | E3306: =C3306-D3306 -> 0
A3307: 10 | B3307: IronOre | C3307: =SUMIF($A$190:$A$3296,A3307,$F$190:$F$3296) -> 0.16851768 | D3307: 0.16851768 | E3307: =C3307-D3307 -> 0
A3308: 12 | B3308: FoodMan | C3308: =SUMIF($A$190:$A$3296,A3308,$F$190:$F$3296) -> 0.15323779 | D3308: 0.15323779 | E3308: =C3308-D3308 -> 0
A3309: 13 | B3309: Tobacco | C3309: =SUMIF($A$190:$A$3296,A3309,$F$190:$F$3296) -> 0.29853777 | D3309: 0.29853777 | E3309: =C3309-D3309 -> 0
A3310: 14 | B3310: Textiles | C3310: =SUMIF($A$190:$A$3296,A3310,$F$190:$F$3296) -> 0.26568895 | D3310: 0.26568895 | E3310: =C3310-D3310 -> 0
A3311: 15 | B3311: Leather | C3311: =SUMIF($A$190:$A$3296,A3311,$F$190:$F$3296) -> 0.18490718 | D3311: 0.18490718 | E3311: =C3311-D3311 -> 0
A3312: 16 | B3312: WoodProd | C3312: =SUMIF($A$190:$A$3296,A3312,$F$190:$F$3296) -> 0.10459634 | D3312: 0.10459634 | E3312: =C3312-D3312 -> 0
... A3323: 27 | B3323: OtherMan | C3323: =SUMIF($A$190:$A$3296,A3323,$F$190:$F$3296) -> 0.06189839 | D3323: 0.06189839 | E3323: =C3323-D3323 -> 1.110223e-16

Sheet 03_shock_T3
A1: Theme 3 — Shock Permintaan Domestik
A2: x_i = g_yoy(t) − rata-rata 48 periode g_yoy (lag 1). Sumber: BI Survei Penjualan Eceran
A4: Panel sudah dideduplikasi (ambil baris terakhir per kategori+bulan) — lihat 12_catatan G3
A5: kategori | B5: tanggal | C5: g_yoy | D5: tren48 (rumus) | E5: x_i (rumus)
A6: cultural_rec | B6: 2012-01 | C6: 4.2
A7: cultural_rec | B7: 2012-02 | C7: 19
A8: cultural_rec | B8: 2012-03 | C8: 8.9
A9: cultural_rec | B9: 2012-04 | C9: 3.1
A10: cultural_rec | B10: 2012-05 | C10: 1.1
A11: cultural_rec | B11: 2012-06 | C11: 4
A12: cultural_rec | B12: 2012-07 | C12: -3.4
A13: cultural_rec | B13: 2012-08 | C13: 10.7
A14: cultural_rec | B14: 2012-09 | C14: 4.4
A15: cultural_rec | B15: 2012-10 | C15: 5.8
A16: cultural_rec | B16: 2012-11 | C16: -3.6
A17: cultural_rec | B17: 2012-12 | C17: -18.2
... A53: cultural_rec | B53: 2016-01 | C53: -2.2
A54: cultural_rec | B54: 2016-02 | C54: -0.7 | D54: =AVERAGE(C6:C53) -> 0.80208333 | E54: =C54-D54 -> -1.5020833
A55: cultural_rec | B55: 2016-03 | C55: -5.1 | D55: =AVERAGE(C7:C54) -> 0.7 | E55: =C55-D55 -> -5.8
A56: cultural_rec | B56: 2016-04 | C56: 5 | D56: =AVERAGE(C8:C55) -> 0.19791667 | E56: =C56-D56 -> 4.8020833
A57: cultural_rec | B57: 2016-05 | C57: -1.7 | D57: =AVERAGE(C9:C56) -> 0.11666667 | E57: =C57-D57 -> -1.8166667
A58: cultural_rec | B58: 2016-06 | C58: 7.6 | D58: =AVERAGE(C10:C57) -> 0.016666667 | E58: =C58-D58 -> 7.5833333
A59: cultural_rec | B59: 2016-07 | C59: 2 | D59: =AVERAGE(C11:C58) -> 0.15208333 | E59: =C59-D59 -> 1.8479167
A60: cultural_rec | B60: 2016-08 | C60: 7.6 | D60: =AVERAGE(C12:C59) -> 0.11041667 | E60: =C60-D60 -> 7.4895833
A61: cultural_rec | B61: 2016-09 | C61: 15.4 | D61: =AVERAGE(C13:C60) -> 0.33958333 | E61: =C61-D61 -> 15.060417
A62: cultural_rec | B62: 2016-10 | C62: 12.1 | D62: =AVERAGE(C14:C61) -> 0.4375 | E62: =C62-D62 -> 11.6625
A63: cultural_rec | B63: 2016-11 | C63: 10.7 | D63: =AVERAGE(C15:C62) -> 0.59791667 | E63: =C63-D63 -> 10.102083
A64: cultural_rec | B64: 2016-12 | C64: 12 | D64: =AVERAGE(C16:C63) -> 0.7 | E64: =C64-D64 -> 11.3
A65: cultural_rec | B65: 2017-01 | C65: 7.8 | D65: =AVERAGE(C17:C64) -> 1.025 | E65: =C65-D65 -> 6.775
... A161: cultural_rec | B161: 2026-05 | C161: -0.1 | D161: =AVERAGE(C113:C160) -> -3.8541667 | E161: =C161-D161 -> 3.7541667
A162: food_bev_tobacco | B162: 2012-01 | C162: 15.1
A163: food_bev_tobacco | B163: 2012-02 | C163: 11.4
A164: food_bev_tobacco | B164: 2012-03 | C164: 13.4
A165: food_bev_tobacco | B165: 2012-04 | C165: 9.9
A166: food_bev_tobacco | B166: 2012-05 | C166: 5.1
A167: food_bev_tobacco | B167: 2012-06 | C167: 11.8
A168: food_bev_tobacco | B168: 2012-07 | C168: 19.9
A169: food_bev_tobacco | B169: 2012-08 | C169: 6.7
A170: food_bev_tobacco | B170: 2012-09 | C170: 19.9
A171: food_bev_tobacco | B171: 2012-10 | C171: 16.5
A172: food_bev_tobacco | B172: 2012-11 | C172: 14.8
A173: food_bev_tobacco | B173: 2012-12 | C173: 15
... A209: food_bev_tobacco | B209: 2016-01 | C209: 13.5
A210: food_bev_tobacco | B210: 2016-02 | C210: 10.6 | D210: =AVERAGE(C162:C209) -> 13.627083 | E210: =C210-D210 -> -3.0270833
A211: food_bev_tobacco | B211: 2016-03 | C211: 10.3 | D211: =AVERAGE(C163:C210) -> 13.533333 | E211: =C211-D211 -> -3.2333333
A212: food_bev_tobacco | B212: 2016-04 | C212: 9.3 | D212: =AVERAGE(C164:C211) -> 13.510417 | E212: =C212-D212 -> -4.2104167
A213: food_bev_tobacco | B213: 2016-05 | C213: 11.6 | D213: =AVERAGE(C165:C212) -> 13.425 | E213: =C213-D213 -> -1.825
A214: food_bev_tobacco | B214: 2016-06 | C214: 15.2 | D214: =AVERAGE(C166:C213) -> 13.460417 | E214: =C214-D214 -> 1.7395833
A215: food_bev_tobacco | B215: 2016-07 | C215: 5.7 | D215: =AVERAGE(C167:C214) -> 13.670833 | E215: =C215-D215 -> -7.9708333
A216: food_bev_tobacco | B216: 2016-08 | C216: 10.9 | D216: =AVERAGE(C168:C215) -> 13.54375 | E216: =C216-D216 -> -2.64375
A217: food_bev_tobacco | B217: 2016-09 | C217: 9.9 | D217: =AVERAGE(C169:C216) -> 13.35625 | E217: =C217-D217 -> -3.45625
A218: food_bev_tobacco | B218: 2016-10 | C218: 4.2 | D218: =AVERAGE(C170:C217) -> 13.422917 | E218: =C218-D218 -> -9.2229167
A219: food_bev_tobacco | B219: 2016-11 | C219: 8.4 | D219: =AVERAGE(C171:C218) -> 13.095833 | E219: =C219-D219 -> -4.6958333
A220: food_bev_tobacco | B220: 2016-12 | C220: 10.5 | D220: =AVERAGE(C172:C219) -> 12.927083 | E220: =C220-D220 -> -2.4270833
A221: food_bev_tobacco | B221: 2017-01 | C221: 7.3 | D221: =AVERAGE(C173:C220) -> 12.8375 | E221: =C221-D221 -> -5.5375
... A317: food_bev_tobacco | B317: 2026-05 | C317: -0.1 | D317: =AVERAGE(C269:C316) -> 6.36875 | E317: =C317-D317 -> -6.46875
A318: fuel | B318: 2012-01 | C318: 11.8
A319: fuel | B319: 2012-02 | C319: 0.8
A320: fuel | B320: 2012-03 | C320: -5.6
A321: fuel | B321: 2012-04 | C321: -2.6
A322: fuel | B322: 2012-05 | C322: -9.4
A323: fuel | B323: 2012-06 | C323: -8.2
A324: fuel | B324: 2012-07 | C324: -5.5
A325: fuel | B325: 2012-08 | C325: 1.5
A326: fuel | B326: 2012-09 | C326: -0.5
A327: fuel | B327: 2012-10 | C327: -9
A328: fuel | B328: 2012-11 | C328: -6
A329: fuel | B329: 2012-12 | C329: -5.3
... A365: fuel | B365: 2016-01 | C365: -16.9
A366: fuel | B366: 2016-02 | C366: -11.6 | D366: =AVERAGE(C318:C365) -> -1.7458333 | E366: =C366-D366 -> -9.8541667
A367: fuel | B367: 2016-03 | C367: -14.4 | D367: =AVERAGE(C319:C366) -> -2.2333333 | E367: =C367-D367 -> -12.166667
A368: fuel | B368: 2016-04 | C368: -17.6 | D368: =AVERAGE(C320:C367) -> -2.55 | E368: =C368-D368 -> -15.05
A369: fuel | B369: 2016-05 | C369: -21.4 | D369: =AVERAGE(C321:C368) -> -2.8 | E369: =C369-D369 -> -18.6
A370: fuel | B370: 2016-06 | C370: -24.6 | D370: =AVERAGE(C322:C369) -> -3.1916667 | E370: =C370-D370 -> -21.408333
A371: fuel | B371: 2016-07 | C371: -17.8 | D371: =AVERAGE(C323:C370) -> -3.5083333 | E371: =C371-D371 -> -14.291667
A372: fuel | B372: 2016-08 | C372: -13.1 | D372: =AVERAGE(C324:C371) -> -3.7083333 | E372: =C372-D372 -> -9.3916667
A373: fuel | B373: 2016-09 | C373: -12.5 | D373: =AVERAGE(C325:C372) -> -3.8666667 | E373: =C373-D373 -> -8.6333333
A374: fuel | B374: 2016-10 | C374: -13.2 | D374: =AVERAGE(C326:C373) -> -4.1583333 | E374: =C374-D374 -> -9.0416667
A375: fuel | B375: 2016-11 | C375: -13.2 | D375: =AVERAGE(C327:C374) -> -4.4229167 | E375: =C375-D375 -> -8.7770833
A376: fuel | B376: 2016-12 | C376: -9.3 | D376: =AVERAGE(C328:C375) -> -4.5104167 | E376: =C376-D376 -> -4.7895833
A377: fuel | B377: 2017-01 | C377: -9.9 | D377: =AVERAGE(C329:C376) -> -4.5791667 | E377: =C377-D377 -> -5.3208333
... A473: fuel | B473: 2026-05 | C473: -1.4 | D473: =AVERAGE(C425:C472) -> 9.8270833 | E473: =C473-D473 -> -11.227083
A474: household_equip | B474: 2012-01 | C474: 26.7
A475: household_equip | B475: 2012-02 | C475: 31.3
A476: household_equip | B476: 2012-03 | C476: 31.3
A477: household_equip | B477: 2012-04 | C477: 40.5
A478: household_equip | B478: 2012-05 | C478: 34.6
A479: household_equip | B479: 2012-06 | C479: 45.5
A480: household_equip | B480: 2012-07 | C480: 37.8
A481: household_equip | B481: 2012-08 | C481: 35.8
A482: household_equip | B482: 2012-09 | C482: 36.4
A483: household_equip | B483: 2012-10 | C483: 32.7
A484: household_equip | B484: 2012-11 | C484: 30.4
A485: household_equip | B485: 2012-12 | C485: 24.3
... A521: household_equip | B521: 2016-01 | C521: 6.4
A522: household_equip | B522: 2016-02 | C522: 5.7 | D522: =AVERAGE(C474:C521) -> 10.308333 | E522: =C522-D522 -> -4.6083333
A523: household_equip | B523: 2016-03 | C523: 7 | D523: =AVERAGE(C475:C522) -> 9.8708333 | E523: =C523-D523 -> -2.8708333
A524: household_equip | B524: 2016-04 | C524: 14.8 | D524: =AVERAGE(C476:C523) -> 9.3645833 | E524: =C524-D524 -> 5.4354167
A525: household_equip | B525: 2016-05 | C525: 16.6 | D525: =AVERAGE(C477:C524) -> 9.0208333 | E525: =C525-D525 -> 7.5791667
A526: household_equip | B526: 2016-06 | C526: 16.3 | D526: =AVERAGE(C478:C525) -> 8.5229167 | E526: =C526-D526 -> 7.7770833
...

Sheet 04_L0
A1: Tenaga Kerja Awal L0
A2: Sumber: rawdata/lo.csv (4 provinsi pemekaran Papua 2022 dikeluarkan)
A4: sektor | B4: 1100_ACEH | C4: 1200_SUMATERA UTARA | D4: 1300_SUMATERA BARAT | E4: 1400_RIAU | F4: 1500_JAMBI | G4: 1600_SUMATERA SELATAN | H4: 1700_BENGKULU | I4: 1800_LAMPUNG | J4: 1900_KEPULAUAN BANGKA BELITUNG | K4: 2100_KEPULAUAN RIAU | L4: 3100_DKI JAKARTA | M4: 3200_JAWA BARAT | N4: 3300_JAWA TENGAH | O4: 3400_DI YOGYAKARTA | P4: 3500_JAWA TIMUR | Q4: 3600_BANTEN | R4: 5100_BALI | S4: 5200_NUSA TENGGARA BARAT | T4: 5300_NUSA TENGGARA TIMUR | U4: 6100_KALIMANTAN BARAT | V4: 6200_KALIMANTAN TENGAH | W4: 6300_KALIMANTAN SELATAN | X4: 6400_KALIMANTAN TIMUR | Y4: 6500_KALIMANTAN UTARA | Z4: 7100_SULAWESI UTARA | AA4: 7200_SULAWESI TENGAH | AB4: 7300_SULAWESI SELATAN | AC4: 7400_SULAWESI TENGGARA | AD4: 7500_GORONTALO | AE4: 7600_SULAWESI BARAT | AF4: 8100_MALUKU | AG4: 8200_MALUKU UTARA | AH4: 9100_PAPUA BARAT | AI4: 9400_PAPUA
A5: 01_FoodCrops | B5: 385372 | C5: 947858 | D5: 464112 | E5: 53193 | F5: 97754 | G5: 414195 | H5: 80738 | I5: 805007 | J5: 18439 | K5: 9627 | L5: 1202 | M5: 2537240 | N5: 2897863 | O5: 174812 | P5: 3283899 | Q5: 561944 | R5: 142477 | S5: 480467 | T5: 759711 | U5: 369314 | V5: 92917 | W5: 266241 | X5: 98178 | Y5: 42637 | Z5: 93055 | AA5: 220593 | AB5: 875856 | AC5: 155487 | AD5: 126806 | AE5: 102597 | AF5: 146055 | AG5: 48510 | AH5: 90148 | AI5: 63576
A6: 02_HortiCrops | B6: 116948 | C6: 567920 | D6: 231201 | E6: 158510 | F6: 295748 | G6: 896935 | H6: 112711 | I6: 381173 | J6: 48898 | K6: 14483 | L6: 25 | M6: 339616 | N6: 519985 | O6: 57171 | P6: 498743 | Q6: 61661 | R6: 103427 | S6: 58887 | T6: 285284 | U6: 364028 | V6: 102967 | W6: 196023 | X6: 45780 | Y6: 3262 | Z6: 140577 | AA6: 162644 | AB6: 265811 | AC6: 152495 | AD6: 19106 | AE6: 21164 | AF6: 69497 | AG6: 78099 | AH6: 7654 | AI6: 17792
A7: 03_Estates | B7: 315856 | C7: 733236 | D7: 170720 | E7: 813721 | F7: 370156 | G7: 622962 | H7: 272238 | I7: 373757 | J7: 87811 | K7: 5668 | L7: 3407 | M7: 142494 | N7: 515521 | O7: 7661 | P7: 1243147 | Q7: 27207 | R7: 40989 | S7: 226340 | T7: 168354 | U7: 506422 | V7: 231876 | W7: 75752 | X7: 148250 | Y7: 26507 | Z7: 68108 | AA7: 193202 | AB7: 131569 | AC7: 65319 | AD7: 18850 | AE7: 166389 | AF7: 40531 | AG7: 127835 | AH7: 5597 | AI7: 6146
A8: 04_Livestock | B8: 25115 | C8: 131976 | D8: 48000 | E8: 22978 | F8: 8206 | G8: 31104 | H8: 10377 | I8: 271209 | J8: 3417 | K8: 2690 | L8: 4757 | M8: 471677 | N8: 1091681 | O8: 169295 | P8: 1957838 | Q8: 49725 | R8: 174456 | S8: 280884 | T8: 211110 | U8: 20650 | V8: 13657 | W8: 28653 | X8: 8561 | Y8: 5016 | Z8: 6425 | AA8: 15273 | AB8: 167986 | AC8: 19688 | AD8: 8014 | AE8: 33477 | AF8: 5087 | AG8: 943 | AH8: 3345 | AI8: 7496
A9: 05_AgricService | B9: 74074 | C9: 153141 | D9: 52464 | E9: 57369 | F9: 21480 | G9: 63694 | H9: 18297 | I9: 102594 | J9: 9908 | K9: 24997 | L9: 89708 | M9: 500041 | N9: 369838 | O9: 15383 | P9: 428660 | Q9: 139422 | R9: 36305 | S9: 55066 | T9: 20231 | U9: 39579 | V9: 25308 | W9: 50861 | X9: 25758 | Y9: 5175 | Z9: 20458 | AA9: 25033 | AB9: 68872 | AC9: 15241 | AD9: 10987 | AE9: 8142 | AF9: 9199 | AG9: 7608 | AH9: 2754 | AI9: 6224
A10: 06_Forestry | B10: 9929 | C10: 26247 | D10: 13602 | E10: 23210 | F10: 9809 | G10: 17225 | H10: 2369 | I10: 14671 | J10: 2978 | K10: 2101 | L10: 0 | M10: 67539 | N10: 116662 | O10: 9111 | P10: 116866 | Q10: 29270 | R10: 6138 | S10: 11510 | T10: 20311 | U10: 21866 | V10: 20432 | W10: 16756 | X10: 11001 | Y10: 5318 | Z10: 3962 | AA10: 9936 | AB10: 7784 | AC10: 10667 | AD10: 3156 | AE10: 2065 | AF10: 3705 | AG10: 5168 | AH10: 2781 | AI10: 4917
A11: 07_Fishery | B11: 66429 | C11: 129511 | D11: 32716 | E11: 50137 | F11: 20072 | G11: 41219 | H11: 8332 | I11: 73889 | J11: 27126 | K11: 38050 | L11: 15409 | M11: 110773 | N11: 200564 | O11: 7407 | P11: 250007 | Q11: 39848 | R11: 15140 | S11: 62213 | T11: 72855 | U11: 41059 | V11: 33268 | W11: 39829 | X11: 42012 | Y11: 37619 | Z11: 39613 | AA11: 63640 | AB11: 188688 | AC11: 88906 | AD11: 19451 | AE11: 26073 | AF11: 49332 | AG11: 23532 | AH11: 13531 | AI11: 36084
A12: 08_Coal | B12: 1860 | C12: 148 | D12: 4210 | E12: 3575 | F12: 9381 | G12: 39037 | H12: 4375 | I12: 703 | J12: 0 | K12: 65 | L12: 1117 | M12: 3770 | N12: 2344 | O12: 0 | P12: 5690 | Q12: 5490 | R12: 0 | S12: 0 | T12: 0 | U12: 219 | V12: 20842 | W12: 68642 | X12: 134526 | Y12: 9056 | Z12: 1723 | AA12: 151 | AB12: 1191 | AC12: 0 | AD12: 128 | AE12: 139 | AF12: 0 | AG12: 0 | AH12: 0 | AI12: 0
A13: 09_OilGasGeo | B13: 4640 | C13: 5175 | D13: 1221 | E13: 28022 | F13: 9526 | G13: 24777 | H13: 166 | I13: 3912 | J13: 0 | K13: 6460 | L13: 1846 | M13: 50023 | N13: 8820 | O13: 893 | P13: 14959 | Q13: 6790 | R13: 231 | S13: 296 | T13: 0 | U13: 116 | V13: 531 | W13: 465 | X13: 12981 | Y13: 1887 | Z13: 694 | AA13: 4144 | AB13: 1085 | AC13: 88 | AD13: 0 | AE13: 0 | AF13: 563 | AG13: 199 | AH13: 868 | AI13: 238
A14: 10_IronOre | B14: 29847 | C14: 70154 | D14: 56336 | E14: 19106 | F14: 53641 | G14: 38761 | H14: 10196 | I14: 83835 | J14: 117658 | K14: 6103 | L14: 6159 | M14: 161128 | N14: 162725 | O14: 11934 | P14: 169282 | Q14: 56286 | R14: 11321 | S14: 73160 | T14: 19898 | U14: 77439 | V14: 115865 | W14: 25588 | X14: 17496 | Y14: 1208 | Z14: 40090 | AA14: 29896 | AB14: 51051 | AC14: 41597 | AD14: 19892 | AE14: 6574 | AF14: 17645 | AG14: 15922 | AH14: 1841 | AI14: 2565
A15: 11_OtherMine | B15: 384 | C15: 824 | D15: 0 | E15: 7903 | F15: 0 | G15: 1199 | H15: 0 | I15: 137 | J15: 83 | K15: 1011 | L15: 3926 | M15: 4745 | N15: 21770 | O15: 0 | P15: 20065 | Q15: 1372 | R15: 745 | S15: 2807 | T15: 2672 | U15: 270 | V15: 1148 | W15: 2162 | X15: 8039 | Y15: 276 | Z15: 604 | AA15: 316 | AB15: 6371 | AC15: 61 | AD15: 107 | AE15: 0 | AF15: 125 | AG15: 369 | AH15: 0 | AI15: 250
A16: 12_FoodMan | B16: 76692 | C16: 301778 | D16: 126078 | E16: 143552 | F16: 41678 | G16: 119592 | H16: 32173 | I16: 213407 | J16: 43721 | K16: 43944 | L16: 141910 | M16: 1184237 | N16: 1084016 | O16: 119500 | P16: 1040643 | Q16: 256055 | R16: 86834 | S16: 96867 | T16: 80491 | U16: 82300 | V16: 42082 | W16: 68335 | X16: 63413 | Y16: 12439 | Z16: 65278 | AA16: 55342 | AB16: 187234 | AC16: 56637 | AD16: 27767 | AE16: 35124 | AF16: 58483 | AG16: 37145 | AH16: 7582 | AI16: 11121
... A56: 52_OtherSvc | B56: 219 | C56: 93 | D56: 199 | E56: 152 | F56: 147 | G56: 0 | H56: 0 | I56: 524 | J56: 262 | K56: 0 | L56: 0 | M56: 192 | N56: 2433 | O56: 1339 | P56: 2553 | Q56: 0 | R56: 489 | S56: 317 | T56: 0 | U56: 0 | V56: 0 | W56: 456 | X56: 159 | Y56: 48 | Z56: 0 | AA56: 177 | AB56: 445 | AC56: 153 | AD56: 82 | AE56: 0 | AF56: 0 | AG56: 31 | AH56: 0 | AI56: 0

Sheet 05_shares
A1: Pangsa Provinsi per Sektor
A2: share[s,p] = L0[s,p] / total baris — setiap baris berjumlah 1
A4: sektor | B4: 1100_ACEH | C4: 1200_SUMATERA UTARA | D4: 1300_SUMATERA BARAT | E4: 1400_RIAU | F4: 1500_JAMBI | G4: 1600_SUMATERA SELATAN | H4: 1700_BENGKULU | I4: 1800_LAMPUNG | J4: 1900_KEPULAUAN BANGKA BELITUNG | K4: 2100_KEPULAUAN RIAU | L4: 3100_DKI JAKARTA | M4: 3200_JAWA BARAT | N4: 3300_JAWA TENGAH | O4: 3400_DI YOGYAKARTA | P4: 3500_JAWA TIMUR | Q4: 3600_BANTEN | R4: 5100_BALI | S4: 5200_NUSA TENGGARA BARAT | T4: 5300_NUSA TENGGARA TIMUR | U4: 6100_KALIMANTAN BARAT | V4: 6200_KALIMANTAN TENGAH | W4: 6300_KALIMANTAN SELATAN | X4: 6400_KALIMANTAN TIMUR | Y4: 6500_KALIMANTAN UTARA | Z4: 7100_SULAWESI UTARA | AA4: 7200_SULAWESI TENGAH | AB4: 7300_SULAWESI SELATAN | AC4: 7400_SULAWESI TENGGARA | AD4: 7500_GORONTALO | AE4: 7600_SULAWESI BARAT | AF4: 8100_MALUKU | AG4: 8200_MALUKU UTARA | AH4: 9100_PAPUA BARAT | AI4: 9400_PAPUA
A5: 01_FoodCrops | B5: =IF(SUM('04_L0'!$B5:$AI5)=0,0,'04_L0'!B5/SUM('04_L0'!$B5:$AI5)) -> 0.022792449 | C5: =IF(SUM('04_L0'!$B5:$AI5)=0,0,'04_L0'!C5/SUM('04_L0'!$B5:$AI5)) -> 0.056060133 | D5: =IF(SUM('04_L0'!$B5:$AI5)=0,0,'04_L0'!D5/SUM('04_L0'!$B5:$AI5)) -> 0.02744945 | E5: =IF(SUM('04_L0'!$B5:$AI5)=0,0,'04_L0'!E5/SUM('04_L0'!$B5:$AI5)) -> 0.0031460479 | F5: =IF(SUM('04_L0'!$B5:$AI5)=0,0,'04_L0'!F5/SUM('04_L0'!$B5:$AI5)) -> 0.0057815646 | G5: =IF(SUM('04_L0'!$B5:$AI5)=0,0,'04_L0'!G5/SUM('04_L0'!$B5:$AI5)) -> 0.024497158 | H5: =IF(SUM('04_L0'!$B5:$AI5)=0,0,'04_L0'!H5/SUM('04_L0'!$B5:$AI5)) -> 0.0047751699 | I5: =IF(SUM('04_L0'!$B5:$AI5)=0,0,'04_L0'!I5/SUM('04_L0'!$B5:$AI5)) -> 0.04761135 | ... AI5: =IF(SUM('04_L0'!$B5:$AI5)=0,0,'04_L0'!AI5/SUM('04_L0'!$B5:$AI5)) -> 0.0037601402
A6: 02_HortiCrops | B6: =IF(SUM('04_L0'!$B6:$AI6)=0,0,'04_L0'!B6/SUM('04_L0'!$B6:$AI6)) -> 0.01828391 | C6: =IF(SUM('04_L0'!$B6:$AI6)=0,0,'04_L0'!C6/SUM('04_L0'!$B6:$AI6)) -> 0.088789872 | D6: =IF(SUM('04_L0'!$B6:$AI6)=0,0,'04_L0'!D6/SUM('04_L0'!$B6:$AI6)) -> 0.036146477 | E6: =IF(SUM('04_L0'!$B6:$AI6)=0,0,'04_L0'!E6/SUM('04_L0'!$B6:$AI6)) -> 0.024781805 | F6: =IF(SUM('04_L0'!$B6:$AI6)=0,0,'04_L0'!F6/SUM('04_L0'!$B6:$AI6)) -> 0.046237898 | G6: =IF(SUM('04_L0'!$B6:$AI6)=0,0,'04_L0'!G6/SUM('04_L0'!$B6:$AI6)) -> 0.14022881 | H6: =IF(SUM('04_L0'!$B6:$AI6)=0,0,'04_L0'!H6/SUM('04_L0'!$B6:$AI6)) -> 0.017621488 | I6: =IF(SUM('04_L0'!$B6:$AI6)=0,0,'04_L0'!I6/SUM('04_L0'!$B6:$AI6)) -> 0.059593432 | ... AI6: =IF(SUM('04_L0'!$B6:$AI6)=0,0,'04_L0'!AI6/SUM('04_L0'!$B6:$AI6)) -> 0.0027816407
A7: 03_Estates | B7: =IF(SUM('04_L0'!$B7:$AI7)=0,0,'04_L0'!B7/SUM('04_L0'!$B7:$AI7)) -> 0.039712342 | C7: =IF(SUM('04_L0'!$B7:$AI7)=0,0,'04_L0'!C7/SUM('04_L0'!$B7:$AI7)) -> 0.092189221 | D7: =IF(SUM('04_L0'!$B7:$AI7)=0,0,'04_L0'!D7/SUM('04_L0'!$B7:$AI7)) -> 0.021464499 | E7: =IF(SUM('04_L0'!$B7:$AI7)=0,0,'04_L0'!E7/SUM('04_L0'!$B7:$AI7)) -> 0.10230854 | F7: =IF(SUM('04_L0'!$B7:$AI7)=0,0,'04_L0'!F7/SUM('04_L0'!$B7:$AI7)) -> 0.04653944 | G7: =IF(SUM('04_L0'!$B7:$AI7)=0,0,'04_L0'!G7/SUM('04_L0'!$B7:$AI7)) -> 0.078324552 | H7: =IF(SUM('04_L0'!$B7:$AI7)=0,0,'04_L0'!H7/SUM('04_L0'!$B7:$AI7)) -> 0.034228283 | I7: =IF(SUM('04_L0'!$B7:$AI7)=0,0,'04_L0'!I7/SUM('04_L0'!$B7:$AI7)) -> 0.046992191 | ... AI7: =IF(SUM('04_L0'!$B7:$AI7)=0,0,'04_L0'!AI7/SUM('04_L0'!$B7:$AI7)) -> 0.00077273204
A8: 04_Livestock | B8: =IF(SUM('04_L0'!$B8:$AI8)=0,0,'04_L0'!B8/SUM('04_L0'!$B8:$AI8)) -> 0.004729073 | C8: =IF(SUM('04_L0'!$B8:$AI8)=0,0,'04_L0'!C8/SUM('04_L0'!$B8:$AI8)) -> 0.024850652 | D8: =IF(SUM('04_L0'!$B8:$AI8)=0,0,'04_L0'!D8/SUM('04_L0'!$B8:$AI8)) -> 0.0090382442 | E8: =IF(SUM('04_L0'!$B8:$AI8)=0,0,'04_L0'!E8/SUM('04_L0'!$B8:$AI8)) -> 0.0043266828 | F8: =IF(SUM('04_L0'!$B8:$AI8)=0,0,'04_L0'!F8/SUM('04_L0'!$B8:$AI8)) -> 0.0015451632 | G8: =IF(SUM('04_L0'!$B8:$AI8)=0,0,'04_L0'!G8/SUM('04_L0'!$B8:$AI8)) -> 0.0058567822 | H8: =IF(SUM('04_L0'!$B8:$AI8)=0,0,'04_L0'!H8/SUM('04_L0'!$B8:$AI8)) -> 0.0019539554 | I8: =IF(SUM('04_L0'!$B8:$AI8)=0,0,'04_L0'!I8/SUM('04_L0'!$B8:$AI8)) -> 0.051067774 | ... AI8: =IF(SUM('04_L0'!$B8:$AI8)=0,0,'04_L0'!AI8/SUM('04_L0'!$B8:$AI8)) -> 0.0014114725
A9: 05_AgricService | B9: =IF(SUM('04_L0'!$B9:$AI9)=0,0,'04_L0'!B9/SUM('04_L0'!$B9:$AI9)) -> 0.029004597 | C9: =IF(SUM('04_L0'!$B9:$AI9)=0,0,'04_L0'!C9/SUM('04_L0'!$B9:$AI9)) -> 0.059964266 | D9: =IF(SUM('04_L0'!$B9:$AI9)=0,0,'04_L0'!D9/SUM('04_L0'!$B9:$AI9)) -> 0.020542933 | E9: =IF(SUM('04_L0'!$B9:$AI9)=0,0,'04_L0'!E9/SUM('04_L0'!$B9:$AI9)) -> 0.022463547 | F9: =IF(SUM('04_L0'!$B9:$AI9)=0,0,'04_L0'!F9/SUM('04_L0'!$B9:$AI9)) -> 0.0084107615 | G9: =IF(SUM('04_L0'!$B9:$AI9)=0,0,'04_L0'!G9/SUM('04_L0'!$B9:$AI9)) -> 0.024940179 | H9: =IF(SUM('04_L0'!$B9:$AI9)=0,0,'04_L0'!H9/SUM('04_L0'!$B9:$AI9)) -> 0.0071644182 | I9: =IF(SUM('04_L0'!$B9:$AI9)=0,0,'04_L0'!I9/SUM('04_L0'!$B9:$AI9)) -> 0.040171959 | ... AI9: =IF(SUM('04_L0'!$B9:$AI9)=0,0,'04_L0'!AI9/SUM('04_L0'!$B9:$AI9)) -> 0.0024370847
A10: 06_Forestry | B10: =IF(SUM('04_L0'!$B10:$AI10)=0,0,'04_L0'!B10/SUM('04_L0'!$B10:$AI10)) -> 0.015783818 | C10: =IF(SUM('04_L0'!$B10:$AI10)=0,0,'04_L0'!C10/SUM('04_L0'!$B10:$AI10)) -> 0.041724027 | D10: =IF(SUM('04_L0'!$B10:$AI10)=0,0,'04_L0'!D10/SUM('04_L0'!$B10:$AI10)) -> 0.02162267 | E10: =IF(SUM('04_L0'!$B10:$AI10)=0,0,'04_L0'!E10/SUM('04_L0'!$B10:$AI10)) -> 0.036896204 | F10: =IF(SUM('04_L0'!$B10:$AI10)=0,0,'04_L0'!F10/SUM('04_L0'!$B10:$AI10)) -> 0.015593058 | G10: =IF(SUM('04_L0'!$B10:$AI10)=0,0,'04_L0'!G10/SUM('04_L0'!$B10:$AI10)) -> 0.027382039 | H10: =IF(SUM('04_L0'!$B10:$AI10)=0,0,'04_L0'!H10/SUM('04_L0'!$B10:$AI10)) -> 0.0037659245 | I10: =IF(SUM('04_L0'!$B10:$AI10)=0,0,'04_L0'!I10/SUM('04_L0'!$B10:$AI10)) -> 0.023322025 | ... AI10: =IF(SUM('04_L0'!$B10:$AI10)=0,0,'04_L0'!AI10/SUM('04_L0'!$B10:$AI10)) -> 0.0078163997
A11: 07_Fishery | B11: =IF(SUM('04_L0'!$B11:$AI11)=0,0,'04_L0'!B11/SUM('04_L0'!$B11:$AI11)) -> 0.03314268 | C11: =IF(SUM('04_L0'!$B11:$AI11)=0,0,'04_L0'!C11/SUM('04_L0'!$B11:$AI11)) -> 0.064615478 | D11: =IF(SUM('04_L0'!$B11:$AI11)=0,0,'04_L0'!D11/SUM('04_L0'!$B11:$AI11)) -> 0.016322629 | E11: =IF(SUM('04_L0'!$B11:$AI11)=0,0,'04_L0'!E11/SUM('04_L0'!$B11:$AI11)) -> 0.025014294 | F11: =IF(SUM('04_L0'!$B11:$AI11)=0,0,'04_L0'!F11/SUM('04_L0'!$B11:$AI11)) -> 0.010014299 | G11: =IF(SUM('04_L0'!$B11:$AI11)=0,0,'04_L0'!G11/SUM('04_L0'!$B11:$AI11)) -> 0.020564936 | H11: =IF(SUM('04_L0'!$B11:$AI11)=0,0,'04_L0'!H11/SUM('04_L0'!$B11:$AI11)) -> 0.0041569918 | I11: =IF(SUM('04_L0'!$B11:$AI11)=0,0,'04_L0'!I11/SUM('04_L0'!$B11:$AI11)) -> 0.036864614 | ... AI11: =IF(SUM('04_L0'!$B11:$AI11)=0,0,'04_L0'!AI11/SUM('04_L0'!$B11:$AI11)) -> 0.018002988
A12: 08_Coal | B12: =IF(SUM('04_L0'!$B12:$AI12)=0,0,'04_L0'!B12/SUM('04_L0'!$B12:$AI12)) -> 0.0058420388 | C12: =IF(SUM('04_L0'!$B12:$AI12)=0,0,'04_L0'!C12/SUM('04_L0'!$B12:$AI12)) -> 0.0004648504 | D12: =IF(SUM('04_L0'!$B12:$AI12)=0,0,'04_L0'!D12/SUM('04_L0'!$B12:$AI12)) -> 0.013223109 | E12: =IF(SUM('04_L0'!$B12:$AI12)=0,0,'04_L0'!E12/SUM('04_L0'!$B12:$AI12)) -> 0.01122865 | F12: =IF(SUM('04_L0'!$B12:$AI12)=0,0,'04_L0'!F12/SUM('04_L0'!$B12:$AI12)) -> 0.029464605 | G12: =IF(SUM('04_L0'!$B12:$AI12)=0,0,'04_L0'!G12/SUM('04_L0'!$B12:$AI12)) -> 0.12261057 | H12: =IF(SUM('04_L0'!$B12:$AI12)=0,0,'04_L0'!H12/SUM('04_L0'!$B12:$AI12)) -> 0.013741355 | I12: =IF(SUM('04_L0'!$B12:$AI12)=0,0,'04_L0'!I12/SUM('04_L0'!$B12:$AI12)) -> 0.0022080394 | ... AI12: =IF(SUM('04_L0'!$B12:$AI12)=0,0,'04_L0'!AI12/SUM('04_L0'!$B12:$AI12)) -> 0
A13: 09_OilGasGeo | B13: =IF(SUM('04_L0'!$B13:$AI13)=0,0,'04_L0'!B13/SUM('04_L0'!$B13:$AI13)) -> 0.024215097 | C13: =IF(SUM('04_L0'!$B13:$AI13)=0,0,'04_L0'!C13/SUM('04_L0'!$B13:$AI13)) -> 0.027007139 | D13: =IF(SUM('04_L0'!$B13:$AI13)=0,0,'04_L0'!D13/SUM('04_L0'!$B13:$AI13)) -> 0.0063721192 | E13: =IF(SUM('04_L0'!$B13:$AI13)=0,0,'04_L0'!E13/SUM('04_L0'!$B13:$AI13)) -> 0.1462404 | F13: =IF(SUM('04_L0'!$B13:$AI13)=0,0,'04_L0'!F13/SUM('04_L0'!$B13:$AI13)) -> 0.049714011 | G13: =IF(SUM('04_L0'!$B13:$AI13)=0,0,'04_L0'!G13/SUM('04_L0'!$B13:$AI13)) -> 0.12930549 | H13: =IF(SUM('04_L0'!$B13:$AI13)=0,0,'04_L0'!H13/SUM('04_L0'!$B13:$AI13)) -> 0.00086631597 | I13: =IF(SUM('04_L0'!$B13:$AI13)=0,0,'04_L0'!I13/SUM('04_L0'!$B13:$AI13)) -> 0.020415832 | ... AI13: =IF(SUM('04_L0'!$B13:$AI13)=0,0,'04_L0'!AI13/SUM('04_L0'!$B13:$AI13)) -> 0.0012420675
A14: 10_IronOre | B14: =IF(SUM('04_L0'!$B14:$AI14)=0,0,'04_L0'!B14/SUM('04_L0'!$B14:$AI14)) -> 0.018399099 | C14: =IF(SUM('04_L0'!$B14:$AI14)=0,0,'04_L0'!C14/SUM('04_L0'!$B14:$AI14)) -> 0.043246236 | D14: =IF(SUM('04_L0'!$B14:$AI14)=0,0,'04_L0'!D14/SUM('04_L0'!$B14:$AI14)) -> 0.034728168 | E14: =IF(SUM('04_L0'!$B14:$AI14)=0,0,'04_L0'!E14/SUM('04_L0'!$B14:$AI14)) -> 0.01177784 | F14: =IF(SUM('04_L0'!$B14:$AI14)=0,0,'04_L0'!F14/SUM('04_L0'!$B14:$AI14)) -> 0.033066843 | G14: =IF(SUM('04_L0'!$B14:$AI14)=0,0,'04_L0'!G14/SUM('04_L0'!$B14:$AI14)) -> 0.023894109 | H14: =IF(SUM('04_L0'!$B14:$AI14)=0,0,'04_L0'!H14/SUM('04_L0'!$B14:$AI14)) -> 0.0062852955 | I14: =IF(SUM('04_L0'!$B14:$AI14)=0,0,'04_L0'!I14/SUM('04_L0'!$B14:$AI14)) -> 0.051679849 | ... AI14: =IF(SUM('04_L0'!$B14:$AI14)=0,0,'04_L0'!AI14/SUM('04_L0'!$B14:$AI14)) -> 0.001581187
A15: 11_OtherMine | B15: =IF(SUM('04_L0'!$B15:$AI15)=0,0,'04_L0'!B15/SUM('04_L0'!$B15:$AI15)) -> 0.0042789806 | C15: =IF(SUM('04_L0'!$B15:$AI15)=0,0,'04_L0'!C15/SUM('04_L0'!$B15:$AI15)) -> 0.0091819793 | D15: =IF(SUM('04_L0'!$B15:$AI15)=0,0,'04_L0'!D15/SUM('04_L0'!$B15:$AI15)) -> 0 | E15: =IF(SUM('04_L0'!$B15:$AI15)=0,0,'04_L0'!E15/SUM('04_L0'!$B15:$AI15)) -> 0.088064541 | F15: =IF(SUM('04_L0'!$B15:$AI15)=0,0,'04_L0'!F15/SUM('04_L0'!$B15:$AI15)) -> 0 | G15: =IF(SUM('04_L0'!$B15:$AI15)=0,0,'04_L0'!G15/SUM('04_L0'!$B15:$AI15)) -> 0.013360671 | H15: =IF(SUM('04_L0'!$B15:$AI15)=0,0,'04_L0'!H15/SUM('04_L0'!$B15:$AI15)) -> 0 | I15: =IF(SUM('04_L0'!$B15:$AI15)=0,0,'04_L0'!I15/SUM('04_L0'!$B15:$AI15)) -> 0.0015266155 | ... AI15: =IF(SUM('04_L0'!$B15:$AI15)=0,0,'04_L0'!AI15/SUM('04_L0'!$B15:$AI15)) -> 0.0027857947
A16: 12_FoodMan | B16: =IF(SUM('04_L0'!$B16:$AI16)=0,0,'04_L0'!B16/SUM('04_L0'!$B16:$AI16)) -> 0.012690103 | C16: =IF(SUM('04_L0'!$B16:$AI16)=0,0,'04_L0'!C16/SUM('04_L0'!$B16:$AI16)) -> 0.049934723 | D16: =IF(SUM('04_L0'!$B16:$AI16)=0,0,'04_L0'!D16/SUM('04_L0'!$B16:$AI16)) -> 0.020861925 | E16: =IF(SUM('04_L0'!$B16:$AI16)=0,0,'04_L0'!E16/SUM('04_L0'!$B16:$AI16)) -> 0.02375332 | F16: =IF(SUM('04_L0'!$B16:$AI16)=0,0,'04_L0'!F16/SUM('04_L0'!$B16:$AI16)) -> 0.006896392 | G16: =IF(SUM('04_L0'!$B16:$AI16)=0,0,'04_L0'!G16/SUM('04_L0'!$B16:$AI16)) -> 0.019788697 | H16: =IF(SUM('04_L0'!$B16:$AI16)=0,0,'04_L0'!H16/SUM('04_L0'!$B16:$AI16)) -> 0.0053236148 | I16: =IF(SUM('04_L0'!$B16:$AI16)=0,0,'04_L0'!I16/SUM('04_L0'!$B16:$AI16)) -> 0.035312115 | ... AI16: =IF(SUM('04_L0'!$B16:$AI16)=0,0,'04_L0'!AI16/SUM('04_L0'!$B16:$AI16)) -> 0.0018401741
... A56: 52_OtherSvc | B56: =IF(SUM('04_L0'!$B56:$AI56)=0,0,'04_L0'!B56/SUM('04_L0'!$B56:$AI56)) -> 0.020916905 | C56: =IF(SUM('04_L0'!$B56:$AI56)=0,0,'04_L0'!C56/SUM('04_L0'!$B56:$AI56)) -> 0.0088825215 | D56: =IF(SUM('04_L0'!$B56:$AI56)=0,0,'04_L0'!D56/SUM('04_L0'!$B56:$AI56)) -> 0.019006686 | E56: =IF(SUM('04_L0'!$B56:$AI56)=0,0,'04_L0'!E56/SUM('04_L0'!$B56:$AI56)) -> 0.01451767 | F56: =IF(SUM('04_L0'!$B56:$AI56)=0,0,'04_L0'!F56/SUM('04_L0'!$B56:$AI56)) -> 0.014040115 | G56: =IF(SUM('04_L0'!$B56:$AI56)=0,0,'04_L0'!G56/SUM('04_L0'!$B56:$AI56)) -> 0 | H56: =IF(SUM('04_L0'!$B56:$AI56)=0,0,'04_L0'!H56/SUM('04_L0'!$B56:$AI56)) -> 0 | I56: =IF(SUM('04_L0'!$B56:$AI56)=0,0,'04_L0'!I56/SUM('04_L0'!$B56:$AI56)) -> 0.050047755 | ... AI56: =IF(SUM('04_L0'!$B56:$AI56)=0,0,'04_L0'!AI56/SUM('04_L0'!$B56:$AI56)) -> 0

Sheet 06_intensity
A1: Tabel Intensitas 38 × 52
A2: eta_j[s,p] = intensity_j[s] × share[s,p]. w[s] = JUMLAH_j ( x_j × intensity_j[s] )
A4: shock | B4: x_j (pp) | C4: 01_FoodCrops | D4: 02_HortiCrops | E4: 03_Estates | F4: 04_Livestock | G4: 05_AgricService | H4: 06_Forestry | I4: 07_Fishery | J4: 08_Coal | K4: 09_OilGasGeo | L4: 10_IronOre | M4: 11_OtherMine | N4: 12_FoodMan | O4: 13_Tobacco | P4: 14_Textiles | Q4: 15_Leather | R4: 16_WoodProd | S4: 17_PaperProd | T4: 18_NonMetalProd | U4: 19_CoalOilMan | V4: 20_Chemical | W4: 21_Rubber | X4: 22_BasicMetal | Y4: 23_MetalProd | Z4: 24_Machinery | AA4: 25_TranspEquip | AB4: 26_Furniture | AC4: 27_OtherMan | AD4: 28_Electricity | AE4: 29_CityGas | AF4: 30_WasteMan | AG4: 31_Construction | AH4: 32_VehicTrade | AI4: 33_OthTrade | AJ4: 34_RailTransp | AK4: 35_LandTransp | AL4: 36_SeaTransp | AM4: 37_WaterTransp | AN4: 38_AirTransp | AO4: 39_TranspSvc | AP4: 40_Hotels | AQ4: 41_Restaurant | AR4: 42_Telecom | AS4: 43_Finance | AT4: 44_Insurance | AU4: 45_OthFinance | AV4: 46_FinanSvc | AW4: 47_RealEstate | AX4: 48_BusSvc | AY4: 49_GovAdmin | AZ4: 50_Education | BA4: 51_HealthSvc | BB4: 52_OtherSvc
A5: t1_cpo | B5: 28.565884 | C5: 0.06 | D5: 0.01 | E5: 0.2 | F5: 0.01 | G5: 0.01 | H5: 0.01 | I5: 0.01 | J5: 0.01 | K5: 0.01 | L5: 0.01 | M5: 0.01 | N5: 0.12 | O5: 0.01 | P5: 0.01 | Q5: 0.01 | R5: 0.01 | S5: 0.01 | T5: 0.01 | U5: 0.01 | V5: 0.06 | W5: 0.06 | X5: 0.01 | Y5: 0.01 | Z5: 0.01 | AA5: 0.01 | AB5: 0.01 | AC5: 0.01 | AD5: 0.01 | AE5: 0.01 | AF5: 0.01 | AG5: 0.01 | AH5: 0.01 | AI5: 0.01 | AJ5: 0.01 | AK5: 0.01 | AL5: 0.01 | AM5: 0.01 | AN5: 0.01 | AO5: 0.01 | AP5: 0.01 | AQ5: 0.01 | AR5: 0.01 | AS5: 0.01 | AT5: 0.01 | AU5: 0.01 | AV5: 0.01 | AW5: 0.01 | AX5: 0.01 | AY5: 0.01 | AZ5: 0.01 | BA5: 0.01 | BB5: 0.01
A6: t1_coal | B6: 24.757917 | C6: 0.01 | D6: 0.01 | E6: 0.01 | F6: 0.01 | G6: 0.01 | H6: 0.01 | I6: 0.01 | J6: 0.2 | K6: 0.01 | L6: 0.01 | M6: 0.01 | N6: 0.01 | O6: 0.01 | P6: 0.01 | Q6: 0.01 | R6: 0.01 | S6: 0.01 | T6: 0.01 | U6: 0.1 | V6: 0.01 | W6: 0.01 | X6: 0.06 | Y6: 0.01 | Z6: 0.01 | AA6: 0.01 | AB6: 0.01 | AC6: 0.01 | AD6: 0.01 | AE6: 0.01 | AF6: 0.01 | AG6: 0.06 | AH6: 0.01 | AI6: 0.01 | AJ6: 0.01 | AK6: 0.06 | AL6: 0.01 | AM6: 0.01 | AN6: 0.01 | AO6: 0.01 | AP6: 0.01 | AQ6: 0.01 | AR6: 0.01 | AS6: 0.01 | AT6: 0.01 | AU6: 0.01 | AV6: 0.01 | AW6: 0.01 | AX6: 0.01 | AY6: 0.01 | AZ6: 0.01 | BA6: 0.01 | BB6: 0.01
A7: t1_nickel | B7: 27.646386 | C7: 0.01 | D7: 0.01 | E7: 0.01 | F7: 0.01 | G7: 0.01 | H7: 0.01 | I7: 0.01 | J7: 0.01 | K7: 0.01 | L7: 0.06 | M7: 0.2 | N7: 0.01 | O7: 0.01 | P7: 0.01 | Q7: 0.01 | R7: 0.01 | S7: 0.01 | T7: 0.01 | U7: 0.01 | V7: 0.01 | W7: 0.01 | X7: 0.12 | Y7: 0.06 | Z7: 0.06 | AA7: 0.01 | AB7: 0.01 | AC7: 0.01 | AD7: 0.01 | AE7: 0.01 | AF7: 0.01 | AG7: 0.01 | AH7: 0.01 | AI7: 0.01 | AJ7: 0.01 | AK7: 0.01 | AL7: 0.01 | AM7: 0.01 | AN7: 0.01 | AO7: 0.01 | AP7: 0.01 | AQ7: 0.01 | AR7: 0.01 | AS7: 0.01 | AT7: 0.01 | AU7: 0.01 | AV7: 0.01 | AW7: 0.01 | AX7: 0.01 | AY7: 0.01 | AZ7: 0.01 | BA7: 0.01 | BB7: 0.01
A8: t1_copper | B8: 37.766699 | C8: 0.01 | D8: 0.01 | E8: 0.01 | F8: 0.01 | G8: 0.01 | H8: 0.01 | I8: 0.01 | J8: 0.01 | K8: 0.01 | L8: 0.2 | M8: 0.12 | N8: 0.01 | O8: 0.01 | P8: 0.01 | Q8: 0.01 | R8: 0.01 | S8: 0.01 | T8: 0.01 | U8: 0.01 | V8: 0.01 | W8: 0.01 | X8: 0.06 | Y8: 0.06 | Z8: 0.01 | AA8: 0.01 | AB8: 0.01 | AC8: 0.01 | AD8: 0.01 | AE8: 0.01 | AF8: 0.01 | AG8: 0.01 | AH8: 0.01 | AI8: 0.01 | AJ8: 0.01 | AK8: 0.01 | AL8: 0.01 | AM8: 0.01 | AN8: 0.01 | AO8: 0.01 | AP8: 0.01 | AQ8: 0.01 | AR8: 0.01 | AS8: 0.01 | AT8: 0.01 | AU8: 0.01 | AV8: 0.01 | AW8: 0.01 | AX8: 0.01 | AY8: 0.01 | AZ8: 0.01 | BA8: 0.01 | BB8: 0.01
A9: t1_rubber | B9: 27.189479 | C9: 0.01 | D9: 0.01 | E9: 0.14 | F9: 0.01 | G9: 0.01 | H9: 0.01 | I9: 0.01 | J9: 0.01 | K9: 0.01 | L9: 0.01 | M9: 0.01 | N9: 0.01 | O9: 0.01 | P9: 0.06 | Q9: 0.06 | R9: 0.01 | S9: 0.01 | T9: 0.01 | U9: 0.01 | V9: 0.06 | W9: 0.2 | X9: 0.01 | Y9: 0.01 | Z9: 0.01 | AA9: 0.01 | AB9: 0.01 | AC9: 0.01 | AD9: 0.01 | AE9: 0.01 | AF9: 0.01 | AG9: 0.01 | AH9: 0.01 | AI9: 0.01 | AJ9: 0.01 | AK9: 0.01 | AL9: 0.01 | AM9: 0.01 | AN9: 0.01 | AO9: 0.01 | AP9: 0.01 | AQ9: 0.01 | AR9: 0.01 | AS9: 0.01 | AT9: 0.01 | AU9: 0.01 | AV9: 0.01 | AW9: 0.01 | AX9: 0.01 | AY9: 0.01 | AZ9: 0.01 | BA9: 0.01 | BB9: 0.01
A10: t1_oilgas | B10: 61.117867 | C10: 0.01 | D10: 0.01 | E10: 0.01 | F10: 0.01 | G10: 0.01 | H10: 0.01 | I10: 0.01 | J10: 0.01 | K10: 0.2 | L10: 0.01 | M10: 0.01 | N10: 0.01 | O10: 0.01 | P10: 0.01 | Q10: 0.01 | R10: 0.01 | S10: 0.01 | T10: 0.01 | U10: 0.14 | V10: 0.06 | W10: 0.01 | X10: 0.01 | Y10: 0.01 | Z10: 0.01 | AA10: 0.01 | AB10: 0.01 | AC10: 0.01 | AD10: 0.06 | AE10: 0.06 | AF10: 0.01 | AG10: 0.01 | AH10: 0.01 | AI10: 0.01 | AJ10: 0.01 | AK10: 0.01 | AL10: 0.01 | AM10: 0.01 | AN10: 0.01 | AO10: 0.01 | AP10: 0.01 | AQ10: 0.01 | AR10: 0.01 | AS10: 0.01 | AT10: 0.01 | AU10: 0.01 | AV10: 0.01 | AW10: 0.01 | AX10: 0.01 | AY10: 0.01 | AZ10: 0.01 | BA10: 0.01 | BB10: 0.01
A11: t1_electronics | B11: 1.0168076 | C11: 0.01 | D11: 0.01 | E11: 0.01 | F11: 0.01 | G11: 0.01 | H11: 0.01 | I11: 0.01 | J11: 0.01 | K11: 0.01 | L11: 0.01 | M11: 0.01 | N11: 0.01 | O11: 0.01 | P11: 0.06 | Q11: 0.01 | R11: 0.01 | S11: 0.01 | T11: 0.01 | U11: 0.01 | V11: 0.01 | W11: 0.01 | X11: 0.01 | Y11: 0.06 | Z11: 0.12 | AA11: 0.06 | AB11: 0.01 | AC11: 0.2 | AD11: 0.01 | AE11: 0.01 | AF11: 0.01 | AG11: 0.01 | AH11: 0.01 | AI11: 0.01 | AJ11: 0.01 | AK11: 0.01 | AL11: 0.01 | AM11: 0.01 | AN11: 0.01 | AO11: 0.01 | AP11: 0.01 | AQ11: 0.01 | AR11: 0.06 | AS11: 0.01 | AT11: 0.01 | AU11: 0.01 | AV11: 0.01 | AW11: 0.01 | AX11: 0.01 | AY11: 0.01 | AZ11: 0.01 | BA11: 0.01 | BB11: 0.01
A12: t2_HortiCrops | B12: -0.87800091 | C12: 0.045 | D12: 0.15 | E12: 0.045 | F12: 0.0075 | G12: 0.0075 | H12: 0.0075 | I12: 0.0075 | J12: 0.0075 | K12: 0.0075 | L12: 0.0075 | M12: 0.0075 | N12: 0.045 | O12: 0.0075 | P12: 0.0075 | Q12: 0.0075 | R12: 0.0075 | S12: 0.0075 | T12: 0.0075 | U12: 0.0075 | V12: 0.0075 | W12: 0.0075 | X12: 0.0075 | Y12: 0.0075 | Z12: 0.0075 | AA12: 0.0075 | AB12: 0.0075 | AC12: 0.0075 | AD12: 0.0075 | AE12: 0.0075 | AF12: 0.0075 | AG12: 0.0075 | AH12: 0.0075 | AI12: 0.0075 | AJ12: 0.0075 | AK12: 0.0075 | AL12: 0.0075 | AM12: 0.0075 | AN12: 0.0075 | AO12: 0.0075 | AP12: 0.0075 | AQ12: 0.0075 | AR12: 0.0075 | AS12: 0.0075 | AT12: 0.0075 | AU12: 0.0075 | AV12: 0.0075 | AW12: 0.0075 | AX12: 0.0075 | AY12: 0.0075 | AZ12: 0.0075 | BA12: 0.0075 | BB12: 0.0075
A13: t2_Estates | B13: 0.22714337 | C13: 0.045 | D13: 0.0075 | E13: 0.15 | F13: 0.0075 | G13: 0.0075 | H13: 0.0075 | I13: 0.0075 | J13: 0.0075 | K13: 0.0075 | L13: 0.0075 | M13: 0.0075 | N13: 0.045 | O13: 0.0075 | P13: 0.0075 | Q13: 0.0075 | R13: 0.0075 | S13: 0.0075 | T13: 0.0075 | U13: 0.0075 | V13: 0.0075 | W13: 0.045 | X13: 0.0075 | Y13: 0.0075 | Z13: 0.0075 | AA13: 0.0075 | AB13: 0.0075 | AC13: 0.0075 | AD13: 0.0075 | AE13: 0.0075 | AF13: 0.0075 | AG13: 0.0075 | AH13: 0.0075 | AI13: 0.0075 | AJ13: 0.0075 | AK13: 0.0075 | AL13: 0.0075 | AM13: 0.0075 | AN13: 0.0075 | AO13: 0.0075 | AP13: 0.0075 | AQ13: 0.0075 | AR13: 0.0075 | AS13: 0.0075 | AT13: 0.0075 | AU13: 0.0075 | AV13: 0.0075 | AW13: 0.0075 | AX13: 0.0075 | AY13: 0.0075 | AZ13: 0.0075 | BA13: 0.0075 | BB13: 0.0075
A14: t2_Forestry | B14: 0.16702107 | C14: 0.0075 | D14: 0.0075 | E14: 0.0075 | F14: 0.0075 | G14: 0.0075 | H14: 0.15 | I14: 0.0075 | J14: 0.0075 | K14: 0.0075 | L14: 0.0075 | M14: 0.0075 | N14: 0.0075 | O14: 0.0075 | P14: 0.0075 | Q14: 0.0075 | R14: 0.045 | S14: 0.045 | T14: 0.0075 | U14: 0.0075 | V14: 0.0075 | W14: 0.0075 | X14: 0.0075 | Y14: 0.0075 | Z14: 0.0075 | AA14: 0.0075 | AB14: 0.0075 | AC14: 0.0075 | AD14: 0.0075 | AE14: 0.0075 | AF14: 0.0075 | AG14: 0.0075 | AH14: 0.0075 | AI14: 0.0075 | AJ14: 0.0075 | AK14: 0.0075 | AL14: 0.0075 | AM14: 0.0075 | AN14: 0.0075 | AO14: 0.0075 | AP14: 0.0075 | AQ14: 0.0075 | AR14: 0.0075 | AS14: 0.0075 | AT14: 0.0075 | AU14: 0.0075 | AV14: 0.0075 | AW14: 0.0075 | AX14: 0.0075 | AY14: 0.0075 | AZ14: 0.0075 | BA14: 0.0075 | BB14: 0.0075
A15: t2_Fishery | B15: 0.44210939 | C15: 0.0075 | D15: 0.0075 | E15: 0.0075 | F15: 0.0075 | G15: 0.0075 | H15: 0.0075 | I15: 0.15 | J15: 0.0075 | K15: 0.0075 | L15: 0.0075 | M15: 0.0075 | N15: 0.045 | O15: 0.0075 | P15: 0.0075 | Q15: 0.0075 | R15: 0.0075 | S15: 0.0075 | T15: 0.0075 | U15: 0.0075 | V15: 0.0075 | W15: 0.0075 | X15: 0.0075 | Y15: 0.0075 | Z15: 0.0075 | AA15: 0.0075 | AB15: 0.0075 | AC15: 0.0075 | AD15: 0.0075 | AE15: 0.0075 | AF15: 0.0075 | AG15: 0.0075 | AH15: 0.0075 | AI15: 0.0075 | AJ15: 0.0075 | AK15: 0.0075 | AL15: 0.0075 | AM15: 0.0075 | AN15: 0.0075 | AO15: 0.0075 | AP15: 0.045 | AQ15: 0.045 | AR15: 0.0075 | AS15: 0.0075 | AT15: 0.0075 | AU15: 0.0075 | AV15: 0.0075 | AW15: 0.0075 | AX15: 0.0075 | AY15: 0.0075 | AZ15: 0.0075 | BA15: 0.0075 | BB15: 0.0075
A16: t2_Coal | B16: 0.23018091 | C16: 0.0075 | D16: 0.0075 | E16: 0.0075 | F16: 0.0075 | G16: 0.0075 | H16: 0.0075 | I16: 0.0075 | J16: 0.15 | K16: 0.0075 | L16: 0.0075 | M16: 0.0075 | N16: 0.0075 | O16: 0.0075 | P16: 0.0075 | Q16: 0.0075 | R16: 0.0075 | S16: 0.0075 | T16: 0.0075 | U16: 0.045 | V16: 0.0075 | W16: 0.0075 | X16: 0.045 | Y16: 0.0075 | Z16: 0.0075 | AA16: 0.0075 | AB16: 0.0075 | AC16: 0.0075 | AD16: 0.0075 | AE16: 0.0075 | AF16: 0.0075 | AG16: 0.045 | AH16: 0.0075 | AI16: 0.0075 | AJ16: 0.0075 | AK16: 0.0075 | AL16: 0.0075 | AM16: 0.0075 | AN16: 0.0075 | AO16: 0.0075 | AP16: 0.0075 | AQ16: 0.0075 | AR16: 0.0075 | AS16: 0.0075 | AT16: 0.0075 | AU16: 0.0075 | AV16: 0.0075 | AW16: 0.0075 | AX16: 0.0075 | AY16: 0.0075 | AZ16: 0.0075 | BA16: 0.0075 | BB16: 0.0075
... A42: t3_spare_parts | B42: -1.2270833 | C42: 0.005 | D42: 0.005 | E42: 0.005 | F42: 0.005 | G42: 0.005 | H42: 0.005 | I42: 0.005 | J42: 0.005 | K42: 0.005 | L42: 0.005 | M42: 0.005 | N42: 0.005 | O42: 0.005 | P42: 0.005 | Q42: 0.005 | R42: 0.005 | S42: 0.005 | T42: 0.005 | U42: 0.005 | V42: 0.005 | W42: 0.005 | X42: 0.03 | Y42: 0.07 | Z42: 0.05 | AA42: 0.03 | AB42: 0.005 | AC42: 0.005 | AD42: 0.005 | AE42: 0.005 | AF42: 0.005 | AG42: 0.005 | AH42: 0.1 | AI42: 0.005 | AJ42: 0.005 | AK42: 0.03 | AL42: 0.005 | AM42: 0.005 | AN42: 0.005 | AO42: 0.005 | AP42: 0.005 | AQ42: 0.005 | AR42: 0.005 | AS42: 0.005 | AT42: 0.005 | AU42: 0.005 | AV42: 0.005 | AW42: 0.005 | AX42: 0.005 | AY42: 0.005 | AZ42: 0.005 | BA42: 0.005 | BB42: 0.005
A43: w[s] = | B43: SUMPRODUCT | C43: =SUMPRODUCT($B$5:$B$42,C5:C42) -> 3.3928651 | D43: =SUMPRODUCT($B$5:$B$42,D5:D42) -> 2.1380151 | E43: =SUMPRODUCT($B$5:$B$42,E5:E42) -> 11.162419 | F43: =SUMPRODUCT($B$5:$B$42,F5:F42) -> 2.0424704 | G43: =SUMPRODUCT($B$5:$B$42,G5:G42) -> 2.2631302 | H43: =SUMPRODUCT($B$5:$B$42,H5:H42) -> 2.3080041 | I43: =SUMPRODUCT($B$5:$B$42,I5:I42) -> 2.1644121 | J43: =SUMPRODUCT($B$5:$B$42,J5:J42) -> 6.7385493 | ... BB43: =SUMPRODUCT($B$5:$B$42,BB5:BB42) -> 2.619776

Sheet 07_E_manual
A1: E Manual — % Perubahan Tenaga Kerja
A2: E[s,p] = share[s,p] × w[s]. w[s] diambil dari baris SUMPRODUCT di 06_intensity
A4: sektor | B4: 1100_ACEH | C4: 1200_SUMATERA UTARA | D4: 1300_SUMATERA BARAT | E4: 1400_RIAU | F4: 1500_JAMBI | G4: 1600_SUMATERA SELATAN | H4: 1700_BENGKULU | I4: 1800_LAMPUNG | J4: 1900_KEPULAUAN BANGKA BELITUNG | K4: 2100_KEPULAUAN RIAU | L4: 3100_DKI JAKARTA | M4: 3200_JAWA BARAT | N4: 3300_JAWA TENGAH | O4: 3400_DI YOGYAKARTA | P4: 3500_JAWA TIMUR | Q4: 3600_BANTEN | R4: 5100_BALI | S4: 5200_NUSA TENGGARA BARAT | T4: 5300_NUSA TENGGARA TIMUR | U4: 6100_KALIMANTAN BARAT | V4: 6200_KALIMANTAN TENGAH | W4: 6300_KALIMANTAN SELATAN | X4: 6400_KALIMANTAN TIMUR | Y4: 6500_KALIMANTAN UTARA | Z4: 7100_SULAWESI UTARA | AA4: 7200_SULAWESI TENGAH | AB4: 7300_SULAWESI SELATAN | AC4: 7400_SULAWESI TENGGARA | AD4: 7500_GORONTALO | AE4: 7600_SULAWESI BARAT | AF4: 8100_MALUKU | AG4: 8200_MALUKU UTARA | AH4: 9100_PAPUA BARAT | AI4: 9400_PAPUA
A5: 01_FoodCrops | B5: ='05_shares'!B5*INDEX('06_intensity'!$C$43:$BB$43,1,1) -> 0.077331706 | C5: ='05_shares'!C5*INDEX('06_intensity'!$C$43:$BB$43,1,1) -> 0.19020447 | D5: ='05_shares'!D5*INDEX('06_intensity'!$C$43:$BB$43,1,1) -> 0.093132279 | E5: ='05_shares'!E5*INDEX('06_intensity'!$C$43:$BB$43,1,1) -> 0.010674116 | F5: ='05_shares'!F5*INDEX('06_intensity'!$C$43:$BB$43,1,1) -> 0.019616069 | G5: ='05_shares'!G5*INDEX('06_intensity'!$C$43:$BB$43,1,1) -> 0.08311555 | H5: ='05_shares'!H5*INDEX('06_intensity'!$C$43:$BB$43,1,1) -> 0.016201507 | I5: ='05_shares'!I5*INDEX('06_intensity'!$C$43:$BB$43,1,1) -> 0.16153889 | ... AI5: ='05_shares'!AI5*INDEX('06_intensity'!$C$43:$BB$43,1,1) -> 0.012757649
A6: 02_HortiCrops | B6: ='05_shares'!B6*INDEX('06_intensity'!$C$43:$BB$43,1,2) -> 0.039091275 | C6: ='05_shares'!C6*INDEX('06_intensity'!$C$43:$BB$43,1,2) -> 0.18983409 | D6: ='05_shares'!D6*INDEX('06_intensity'!$C$43:$BB$43,1,2) -> 0.077281713 | E6: ='05_shares'!E6*INDEX('06_intensity'!$C$43:$BB$43,1,2) -> 0.052983873 | F6: ='05_shares'!F6*INDEX('06_intensity'!$C$43:$BB$43,1,2) -> 0.098857324 | G6: ='05_shares'!G6*INDEX('06_intensity'!$C$43:$BB$43,1,2) -> 0.2998113 | H6: ='05_shares'!H6*INDEX('06_intensity'!$C$43:$BB$43,1,2) -> 0.037675006 | I6: ='05_shares'!I6*INDEX('06_intensity'!$C$43:$BB$43,1,2) -> 0.12741166 | ... AI6: ='05_shares'!AI6*INDEX('06_intensity'!$C$43:$BB$43,1,2) -> 0.0059471898
A7: 03_Estates | B7: ='05_shares'!B7*INDEX('06_intensity'!$C$43:$BB$43,1,3) -> 0.44328581 | C7: ='05_shares'!C7*INDEX('06_intensity'!$C$43:$BB$43,1,3) -> 1.0290547 | D7: ='05_shares'!D7*INDEX('06_intensity'!$C$43:$BB$43,1,3) -> 0.23959574 | E7: ='05_shares'!E7*INDEX('06_intensity'!$C$43:$BB$43,1,3) -> 1.1420108 | F7: ='05_shares'!F7*INDEX('06_intensity'!$C$43:$BB$43,1,3) -> 0.51949275 | G7: ='05_shares'!G7*INDEX('06_intensity'!$C$43:$BB$43,1,3) -> 0.87429149 | H7: ='05_shares'!H7*INDEX('06_intensity'!$C$43:$BB$43,1,3) -> 0.38207044 | I7: ='05_shares'!I7*INDEX('06_intensity'!$C$43:$BB$43,1,3) -> 0.52454655 | ... AI7: ='05_shares'!AI7*INDEX('06_intensity'!$C$43:$BB$43,1,3) -> 0.008625559
A8: 04_Livestock | B8: ='05_shares'!B8*INDEX('06_intensity'!$C$43:$BB$43,1,4) -> 0.0096589915 | C8: ='05_shares'!C8*INDEX('06_intensity'!$C$43:$BB$43,1,4) -> 0.050756722 | D8: ='05_shares'!D8*INDEX('06_intensity'!$C$43:$BB$43,1,4) -> 0.018460346 | E8: ='05_shares'!E8*INDEX('06_intensity'!$C$43:$BB$43,1,4) -> 0.0088371215 | F8: ='05_shares'!F8*INDEX('06_intensity'!$C$43:$BB$43,1,4) -> 0.00315595 | G8: ='05_shares'!G8*INDEX('06_intensity'!$C$43:$BB$43,1,4) -> 0.011962304 | H8: ='05_shares'!H8*INDEX('06_intensity'!$C$43:$BB$43,1,4) -> 0.0039908961 | I8: ='05_shares'!I8*INDEX('06_intensity'!$C$43:$BB$43,1,4) -> 0.10430442 | ... AI8: ='05_shares'!AI8*INDEX('06_intensity'!$C$43:$BB$43,1,4) -> 0.0028828907
A9: 05_AgricService | B9: ='05_shares'!B9*INDEX('06_intensity'!$C$43:$BB$43,1,5) -> 0.065641181 | C9: ='05_shares'!C9*INDEX('06_intensity'!$C$43:$BB$43,1,5) -> 0.13570694 | D9: ='05_shares'!D9*INDEX('06_intensity'!$C$43:$BB$43,1,5) -> 0.046491332 | E9: ='05_shares'!E9*INDEX('06_intensity'!$C$43:$BB$43,1,5) -> 0.050837931 | F9: ='05_shares'!F9*INDEX('06_intensity'!$C$43:$BB$43,1,5) -> 0.019034649 | G9: ='05_shares'!G9*INDEX('06_intensity'!$C$43:$BB$43,1,5) -> 0.056442873 | H9: ='05_shares'!H9*INDEX('06_intensity'!$C$43:$BB$43,1,5) -> 0.016214011 | I9: ='05_shares'!I9*INDEX('06_intensity'!$C$43:$BB$43,1,5) -> 0.090914373 | ... AI9: ='05_shares'!AI9*INDEX('06_intensity'!$C$43:$BB$43,1,5) -> 0.0055154401
A10: 06_Forestry | B10: ='05_shares'!B10*INDEX('06_intensity'!$C$43:$BB$43,1,6) -> 0.036429116 | C10: ='05_shares'!C10*INDEX('06_intensity'!$C$43:$BB$43,1,6) -> 0.096299224 | D10: ='05_shares'!D10*INDEX('06_intensity'!$C$43:$BB$43,1,6) -> 0.04990521 | E10: ='05_shares'!E10*INDEX('06_intensity'!$C$43:$BB$43,1,6) -> 0.085156589 | F10: ='05_shares'!F10*INDEX('06_intensity'!$C$43:$BB$43,1,6) -> 0.03598884 | G10: ='05_shares'!G10*INDEX('06_intensity'!$C$43:$BB$43,1,6) -> 0.063197856 | H10: ='05_shares'!H10*INDEX('06_intensity'!$C$43:$BB$43,1,6) -> 0.008691769 | I10: ='05_shares'!I10*INDEX('06_intensity'!$C$43:$BB$43,1,6) -> 0.05382733 | ... AI10: ='05_shares'!AI10*INDEX('06_intensity'!$C$43:$BB$43,1,6) -> 0.018040282
A11: 07_Fishery | B11: ='05_shares'!B11*INDEX('06_intensity'!$C$43:$BB$43,1,7) -> 0.071734416 | C11: ='05_shares'!C11*INDEX('06_intensity'!$C$43:$BB$43,1,7) -> 0.13985452 | D11: ='05_shares'!D11*INDEX('06_intensity'!$C$43:$BB$43,1,7) -> 0.035328895 | E11: ='05_shares'!E11*INDEX('06_intensity'!$C$43:$BB$43,1,7) -> 0.054141239 | F11: ='05_shares'!F11*INDEX('06_intensity'!$C$43:$BB$43,1,7) -> 0.021675069 | G11: ='05_shares'!G11*INDEX('06_intensity'!$C$43:$BB$43,1,7) -> 0.044510995 | H11: ='05_shares'!H11*INDEX('06_intensity'!$C$43:$BB$43,1,7) -> 0.0089974431 | I11: ='05_shares'!I11*INDEX('06_intensity'!$C$43:$BB$43,1,7) -> 0.079790216 | ... AI11: ='05_shares'!AI11*INDEX('06_intensity'!$C$43:$BB$43,1,7) -> 0.038965883
A12: 08_Coal | B12: ='05_shares'!B12*INDEX('06_intensity'!$C$43:$BB$43,1,8) -> 0.039366867 | C12: ='05_shares'!C12*INDEX('06_intensity'!$C$43:$BB$43,1,8) -> 0.0031324174 | D12: ='05_shares'!D12*INDEX('06_intensity'!$C$43:$BB$43,1,8) -> 0.089104575 | E12: ='05_shares'!E12*INDEX('06_intensity'!$C$43:$BB$43,1,8) -> 0.075664811 | F12: ='05_shares'!F12*INDEX('06_intensity'!$C$43:$BB$43,1,8) -> 0.1985487 | G12: ='05_shares'!G12*INDEX('06_intensity'!$C$43:$BB$43,1,8) -> 0.82621741 | H12: ='05_shares'!H12*INDEX('06_intensity'!$C$43:$BB$43,1,8) -> 0.092596797 | I12: ='05_shares'!I12*INDEX('06_intensity'!$C$43:$BB$43,1,8) -> 0.014878982 | ... AI12: ='05_shares'!AI12*INDEX('06_intensity'!$C$43:$BB$43,1,8) -> 0
A13: 09_OilGasGeo | B13: ='05_shares'!B13*INDEX('06_intensity'!$C$43:$BB$43,1,9) -> 0.32497385 | C13: ='05_shares'!C13*INDEX('06_intensity'!$C$43:$BB$43,1,9) -> 0.3624439 | D13: ='05_shares'!D13*INDEX('06_intensity'!$C$43:$BB$43,1,9) -> 0.085515749 | E13: ='05_shares'!E13*INDEX('06_intensity'!$C$43:$BB$43,1,9) -> 1.9625899 | F13: ='05_shares'!F13*INDEX('06_intensity'!$C$43:$BB$43,1,9) -> 0.66717692 | G13: ='05_shares'!G13*INDEX('06_intensity'!$C$43:$BB$43,1,9) -> 1.7353184 | H13: ='05_shares'!H13*INDEX('06_intensity'!$C$43:$BB$43,1,9) -> 0.01162622 | I13: ='05_shares'!I13*INDEX('06_intensity'!$C$43:$BB$43,1,9) -> 0.27398658 | ... AI13: ='05_shares'!AI13*INDEX('06_intensity'!$C$43:$BB$43,1,9) -> 0.016668917
A14: 10_IronOre | B14: ='05_shares'!B14*INDEX('06_intensity'!$C$43:$BB$43,1,10) -> 0.19978026 | C14: ='05_shares'!C14*INDEX('06_intensity'!$C$43:$BB$43,1,10) -> 0.46957431 | D14: ='05_shares'!D14*INDEX('06_intensity'!$C$43:$BB$43,1,10) -> 0.37708382 | E14: ='05_shares'!E14*INDEX('06_intensity'!$C$43:$BB$43,1,10) -> 0.1278856 | F14: ='05_shares'!F14*INDEX('06_intensity'!$C$43:$BB$43,1,10) -> 0.35904489 | G14: ='05_shares'!G14*INDEX('06_intensity'!$C$43:$BB$43,1,10) -> 0.25944593 | H14: ='05_shares'!H14*INDEX('06_intensity'!$C$43:$BB$43,1,10) -> 0.068246709 | I14: ='05_shares'!I14*INDEX('06_intensity'!$C$43:$BB$43,1,10) -> 0.56114779 | ... AI14: ='05_shares'!AI14*INDEX('06_intensity'!$C$43:$BB$43,1,10) -> 0.017168773
A15: 11_OtherMine | B15: ='05_shares'!B15*INDEX('06_intensity'!$C$43:$BB$43,1,11) -> 0.049962906 | C15: ='05_shares'!C15*INDEX('06_intensity'!$C$43:$BB$43,1,11) -> 0.10721207 | D15: ='05_shares'!D15*INDEX('06_intensity'!$C$43:$BB$43,1,11) -> 0 | E15: ='05_shares'!E15*INDEX('06_intensity'!$C$43:$BB$43,1,11) -> 1.028273 | F15: ='05_shares'!F15*INDEX('06_intensity'!$C$43:$BB$43,1,11) -> 0 | G15: ='05_shares'!G15*INDEX('06_intensity'!$C$43:$BB$43,1,11) -> 0.15600397 | H15: ='05_shares'!H15*INDEX('06_intensity'!$C$43:$BB$43,1,11) -> 0 | I15: ='05_shares'!I15*INDEX('06_intensity'!$C$43:$BB$43,1,11) -> 0.017825308 | ... AI15: ='05_shares'!AI15*INDEX('06_intensity'!$C$43:$BB$43,1,11) -> 0.032527934
A16: 12_FoodMan | B16: ='05_shares'!B16*INDEX('06_intensity'!$C$43:$BB$43,1,12) -> 0.062310488 | C16: ='05_shares'!C16*INDEX('06_intensity'!$C$43:$BB$43,1,12) -> 0.24518769 | D16: ='05_shares'!D16*INDEX('06_intensity'!$C$43:$BB$43,1,12) -> 0.10243548 | E16: ='05_shares'!E16*INDEX('06_intensity'!$C$43:$BB$43,1,12) -> 0.1166327 | F16: ='05_shares'!F16*INDEX('06_intensity'!$C$43:$BB$43,1,12) -> 0.033862417 | G16: ='05_shares'!G16*INDEX('06_intensity'!$C$43:$BB$43,1,12) -> 0.097165752 | H16: ='05_shares'!H16*INDEX('06_intensity'!$C$43:$BB$43,1,12) -> 0.026139823 | I16: ='05_shares'!I16*INDEX('06_intensity'!$C$43:$BB$43,1,12) -> 0.17338828 | ... AI16: ='05_shares'!AI16*INDEX('06_intensity'!$C$43:$BB$43,1,12) -> 0.009035557
A17: 13_Tobacco | B17: ='05_shares'!B17*INDEX('06_intensity'!$C$43:$BB$43,1,13) -> 0.0032270618 | C17: ='05_shares'!C17*INDEX('06_intensity'!$C$43:$BB$43,1,13) -> 0.021917955 | D17: ='05_shares'!D17*INDEX('06_intensity'!$C$43:$BB$43,1,13) -> 0.00039382054 | E17: ='05_shares'!E17*INDEX('06_intensity'!$C$43:$BB$43,1,13) -> 0.0003088233 | F17: ='05_shares'!F17*INDEX('06_intensity'!$C$43:$BB$43,1,13) -> 0 | G17: ='05_shares'!G17*INDEX('06_intensity'!$C$43:$BB$43,1,13) -> 0.00099163446 | H17: ='05_shares'!H17*INDEX('06_intensity'!$C$43:$BB$43,1,13) -> 0 | I17: ='05_shares'!I17*INDEX('06_intensity'!$C$43:$BB$43,1,13) -> 0.0016149475 | ... AI17: ='05_shares'!AI17*INDEX('06_intensity'!$C$43:$BB$43,1,13) -> 0
A18: 14_Textiles | B18: ='05_shares'!B18*INDEX('06_intensity'!$C$43:$BB$43,1,14) -> 0.027393407 | C18: ='05_shares'!C18*INDEX('06_intensity'!$C$43:$BB$43,1,14) -> 0.109705 | D18: ='05_shares'!D18*INDEX('06_intensity'!$C$43:$BB$43,1,14) -> 0.045910967 | E18: ='05_shares'!E18*INDEX('06_intensity'!$C$43:$BB$43,1,14) -> 0.026724054 | F18: ='05_shares'!F18*INDEX('06_intensity'!$C$43:$BB$43,1,14) -> 0.010799006 | G18: ='05_shares'!G18*INDEX('06_intensity'!$C$43:$BB$43,1,14) -> 0.041300568 | H18: ='05_shares'!H18*INDEX('06_intensity'!$C$43:$BB$43,1,14) -> 0.0068195311 | I18: ='05_shares'!I18*INDEX('06_intensity'!$C$43:$BB$43,1,14) -> 0.050571412 | ... AI18: ='05_shares'!AI18*INDEX('06_intensity'!$C$43:$BB$43,1,14) -> 0.0011984001
A19: 15_Leather | B19: ='05_shares'!B19*INDEX('06_intensity'!$C$43:$BB$43,1,15) -> 0.001886558 | C19: ='05_shares'!C19*INDEX('06_intensity'!$C$43:$BB$43,1,15) -> 0.015521408 | D19: ='05_shares'!D19*INDEX('06_intensity'!$C$43:$BB$43,1,15) -> 0.00099689697 | E19: ='05_shares'!E19*INDEX('06_intensity'!$C$43:$BB$43,1,15) -> 0 | F19: ='05_shares'!F19*INDEX('06_intensity'!$C$43:$BB$43,1,15) -> 0 | G19: ='05_shares'!G19*INDEX('06_intensity'!$C$43:$BB$43,1,15) -> 0.00099292527 | H19: ='05_shares'!H19*INDEX('06_intensity'!$C$43:$BB$43,1,15) -> 0 | I19: ='05_shares'!I19*INDEX('06_intensity'!$C$43:$BB$43,1,15) -> 0.0016283974 | ... AI19: ='05_shares'!AI19*INDEX('06_intensity'!$C$43:$BB$43,1,15) -> 0
A20: 16_WoodProd | B20: ='05_shares'!B20*INDEX('06_intensity'!$C$43:$BB$43,1,16) -> 0.023175652 | C20: ='05_shares'!C20*INDEX('06_intensity'!$C$43:$BB$43,1,16) -> 0.0461902 | D20: ='05_shares'!D20*INDEX('06_intensity'!$C$43:$BB$43,1,16) -> 0.020659463 | E20: ='05_shares'!E20*INDEX('06_intensity'!$C$43:$BB$43,1,16) -> 0.022679621 | F20: ='05_shares'!F20*INDEX('06_intensity'!$C$43:$BB$43,1,16) -> 0.014221664 | G20: ='05_shares'!G20*INDEX('06_intensity'!$C$43:$BB$43,1,16) -> 0.030043768 | H20: ='05_shares'!H20*INDEX('06_intensity'!$C$43:$BB$43,1,16) -> 0.0035824432 | I20: ='05_shares'!I20*INDEX('06_intensity'!$C$43:$BB$43,1,16) -> 0.038423293 | ... AI20: ='05_shares'!AI20*INDEX('06_intensity'!$C$43:$BB$43,1,16) -> 0.0051680453
A21: 17_PaperProd | B21: ='05_shares'!B21*INDEX('06_intensity'!$C$43:$BB$43,1,17) -> 0.010123239 | C21: ='05_shares'!C21*INDEX('06_intensity'!$C$43:$BB$43,1,17) -> 0.040895909 | D21: ='05_shares'!D21*INDEX('06_intensity'!$C$43:$BB$43,1,17) -> 0.031034969 | E21: ='05_shares'!E21*INDEX('06_intensity'!$C$43:$BB$43,1,17) -> 0.090884866 | F21: ='05_shares'!F21*INDEX('06_intensity'!$C$43:$BB$43,1,17) -> 0.0076789121 | G21: ='05_shares'!G21*INDEX('06_intensity'!$C$43:$BB$43,1,17) -> 0.029297711 | H21: ='05_shares'!H21*INDEX('06_intensity'!$C$43:$BB$43,1,17) -> 0.0052117765 | I21: ='05_shares'!I21*INDEX('06_intensity'!$C$43:$BB$43,1,17) -> 0.03820829 | ... AI21: ='05_shares'!AI21*INDEX('06_intensity'!$C$43:$BB$43,1,17) -> 0.0073139737
A22: 18_NonMetalProd | B22: ='05_shares'!B22*INDEX('06_intensity'!$C$43:$BB$43,1,18) -> 0.017008475 | C22: ='05_shares'!C22*INDEX('06_intensity'!$C$43:$BB$43,1,18) -> 0.076299356 | D22: ='05_shares'!D22*INDEX('06_intensity'!$C$43:$BB$43,1,18) -> 0.035155746 | E22: ='05_shares'!E22*INDEX('06_intensity'!$C$43:$BB$43,1,18) -> 0.030306677 | F22: ='05_shares'!F22*INDEX('06_intensity'!$C$43:$BB$43,1,18) -> 0.0041373207 | G22: ='05_shares'!G22*INDEX('06_intensity'!$C$43:$BB$43,1,18) -> 0.032556719 | H22: ='05_shares'!H22*INDEX('06_intensity'!$C$43:$BB$43,1,18) -> 0.0071266611 | I22: ='05_shares'!I22*INDEX('06_intensity'!$C$43:$BB$43,1,18) -> 0.046888104 | ... AI22: ='05_shares'!AI22*INDEX('06_intensity'!$C$43:$BB$43,1,18) -> 0.0033015911
A23: 19_CoalOilMan | B23: ='05_shares'!B23*INDEX('06_intensity'!$C$43:$BB$43,1,19) -> 0.1368552 | C23: ='05_shares'!C23*INDEX('06_intensity'!$C$43:$BB$43,1,19) -> 0.92406505 | D23: ='05_shares'!D23*INDEX('06_intensity'!$C$43:$BB$43,1,19) -> 0.30451258 | E23: ='05_shares'!E23*INDEX('06_intensity'!$C$43:$BB$43,1,19) -> 0.55794814 | F23: ='05_shares'!F23*INDEX('06_intensity'!$C$43:$BB$43,1,19) -> 0.038990086 | G23: ='05_shares'!G23*INDEX('06_intensity'!$C$43:$BB$43,1,19) -> 0.75562788 | H23: ='05_shares'!H23*INDEX('06_intensity'!$C$43:$BB$43,1,19) -> 0.13997441 | I23: ='05_shares'!I23*INDEX('06_intensity'!$C$43:$BB$43,1,19) -> 0 | ... AI23: ='05_shares'!AI23*INDEX('06_intensity'!$C$43:$BB$43,1,19) -> 0
A24: 20_Chemical | B24: ='05_shares'!B24*INDEX('06_intensity'!$C$43:$BB$43,1,20) -> 0.084510374 | C24: ='05_shares'!C24*INDEX('06_intensity'!$C$43:$BB$43,1,20) -> 0.31039113 | D24: ='05_shares'!D24*INDEX('06_intensity'!$C$43:$BB$43,1,20) -> 0.11063717 | E24: ='05_shares'!E24*INDEX('06_intensity'!$C$43:$BB$43,1,20) -> 0.050111081 | F24: ='05_shares'!F24*INDEX('06_intensity'!$C$43:$BB$43,1,20) -> 0.022115532 | G24: ='05_shares'!G24*INDEX('06_intensity'!$C$43:$BB$43,1,20) -> 0.12874144 | H24: ='05_shares'!H24*INDEX('06_intensity'!$C$43:$BB$43,1,20) -> 0.022425006 | I24: ='05_shares'!I24*INDEX('06_intensity'!$C$43:$BB$43,1,20) -> 0.11349386 | ... AI24: ='05_shares'!AI24*INDEX('06_intensity'!$C$43:$BB$43,1,20) -> 0.0015354702
A25: 21_Rubber | B25: ='05_shares'!B25*INDEX('06_intensity'!$C$43:$BB$43,1,21) -> 0.023152175 | C25: ='05_shares'!C25*INDEX('06_intensity'!$C$43:$BB$43,1,21) -> 0.58862796 | D25: ='05_shares'!D25*INDEX('06_intensity'!$C$43:$BB$43,1,21) -> 0.017894702 | E25: ='05_shares'!E25*INDEX('06_intensity'!$C$43:$BB$43,1,21) -> 0.0064793933 | F25: ='05_shares'!F25*INDEX('06_intensity'!$C$43:$BB$43,1,21) -> 0.0022509059 | G25: ='05_shares'!G25*INDEX('06_intensity'!$C$43:$BB$43,1,21) -> 0.034567483 | H25: ='05_shares'!H25*INDEX('06_intensity'!$C$43:$BB$43,1,21) -> 0 | I25: ='05_shares'!I25*INDEX('06_intensity'!$C$43:$BB$43,1,21) -> 0.053394703 | ... AI25: ='05_shares'!AI25*INDEX('06_intensity'!$C$43:$BB$43,1,21) -> 0
A26: 22_BasicMetal | B26: ='05_shares'!B26*INDEX('06_intensity'!$C$43:$BB$43,1,22) -> 0.049193062 | C26: ='05_shares'!C26*INDEX('06_intensity'!$C$43:$BB$43,1,22) -> 0.62213427 | D26: ='05_shares'!D26*INDEX('06_intensity'!$C$43:$BB$43,1,22) -> 0.12532948 | E26: ='05_shares'!E26*INDEX('06_intensity'!$C$43:$BB$43,1,22) -> 0.017556056 | F26: ='05_shares'!F26*INDEX('06_intensity'!$C$43:$BB$43,1,22) -> 0 | G26: ='05_shares'!G26*INDEX('06_intensity'!$C$43:$BB$43,1,22) -> 0.0045131249 | H26: ='05_shares'!H26*INDEX('06_intensity'!$C$43:$BB$43,1,22) -> 0.020670112 | I26: ='05_shares'!I26*INDEX('06_intensity'!$C$43:$BB$43,1,22) -> 0.08416978 | ... AI26: ='05_shares'!AI26*INDEX('06_intensity'!$C$43:$BB$43,1,22) -> 0
A27: 23_MetalProd | B27: ='05_shares'!B27*INDEX('06_intensity'!$C$43:$BB$43,1,23) -> 0.052766165 | C27: ='05_shares'!C27*INDEX('06_intensity'!$C$43:$BB$43,1,23) -> 0.2293694 | D27: ='05_shares'!D27*INDEX('06_intensity'!$C$43:$BB$43,1,23) -> 0.063881593 | E27: ='05_shares'!E27*INDEX('06_intensity'!$C$43:$BB$43,1,23) -> 0.07188799 | F27: ='05_shares'!F27*INDEX('06_intensity'!$C$43:$BB$43,1,23) -> 0.037853094 | G27: ='05_shares'!G27*INDEX('06_intensity'!$C$43:$BB$43,1,23) -> 0.085274809 | H27: ='05_shares'!H27*INDEX('06_intensity'!$C$43:$BB$43,1,23) -> 0.026434471 | I27: ='05_shares'!I27*INDEX('06_intensity'!$C$43:$BB$43,1,23) -> 0.11023956 | ... AI27: ='05_shares'!AI27*INDEX('06_intensity'!$C$43:$BB$43,1,23) -> 0.0077597301
A28: 24_Machinery | B28: ='05_shares'!B28*INDEX('06_intensity'!$C$43:$BB$43,1,24) -> 0.056888184 | C28: ='05_shares'!C28*INDEX('06_intensity'!$C$43:$BB$43,1,24) -> 0.23543159 | D28: ='05_shares'!D28*INDEX('06_intensity'!$C$43:$BB$43,1,24) -> 0.062878551 | E28: ='05_shares'!E28*INDEX('06_intensity'!$C$43:$BB$43,1,24) -> 0.062482578 | F28: ='05_shares'!F28*INDEX('06_intensity'!$C$43:$BB$43,1,24) -> 0.014843927 | G28: ='05_shares'!G28*INDEX('06_intensity'!$C$43:$BB$43,1,24) -> 0.083570702 | H28: ='05_shares'!H28*INDEX('06_intensity'!$C$43:$BB$43,1,24) -> 0.010163318 | I28: ='05_shares'!I28*INDEX('06_intensity'!$C$43:$BB$43,1,24) -> 0.11296411 | ... AI28: ='05_shares'!AI28*INDEX('06_intensity'!$C$43:$BB$43,1,24) -> 0.017839111
A29: 25_TranspEquip | B29: ='05_shares'!B29*INDEX('06_intensity'!$C$43:$BB$43,1,25) -> 0.0029105036 | C29: ='05_shares'!C29*INDEX('06_intensity'!$C$43:$BB$43,1,25) -> 0.025123779 | D29: ='05_shares'!D29*INDEX('06_intensity'!$C$43:$BB$43,1,25) -> 0.00083226775 | E29: ='05_shares'!E29*INDEX('06_intensity'!$C$43:$BB$43,1,25) -> 0.0057966719 | F29: ='05_shares'!F29*INDEX('06_intensity'!$C$43:$BB$43,1,25) -> 0.0017910791 | G29: ='05_shares'!G29*INDEX('06_intensity'!$C$43:$BB$43,1,25) -> 0.019200563 | H29: ='05_shares'!H29*INDEX('06_intensity'!$C$43:$BB$43,1,25) -> 0.00064731936 | I29: ='05_shares'!I29*INDEX('06_intensity'!$C$43:$BB$43,1,25) -> 0.0053196997 | ... AI29: ='05_shares'!AI29*INDEX('06_intensity'!$C$43:$BB$43,1,25) -> 0.0036892337
A30: 26_Furniture | B30: ='05_shares'!B30*INDEX('06_intensity'!$C$43:$BB$43,1,26) -> 0.060721605 | C30: ='05_shares'!C30*INDEX('06_intensity'!$C$43:$BB$43,1,26) -> 0.1420416 | D30: ='05_shares'!D30*INDEX('06_intensity'!$C$43:$BB$43,1,26) -> 0.041566437 | E30: ='05_shares'!E30*INDEX('06_intensity'!$C$43:$BB$43,1,26) -> 0.022863507 | F30: ='05_shares'!F30*INDEX('06_intensity'!$C$43:$BB$43,1,26) -> 0.015674912 | G30: ='05_shares'!G30*INDEX('06_intensity'!$C$43:$BB$43,1,26) -> 0.035333438 | H30: ='05_shares'!H30*INDEX('06_intensity'!$C$43:$BB$43,1,26) -> 0.010279533 | I30: ='05_shares'!I30*INDEX('06_intensity'!$C$43:$BB$43,1,26) -> 0.0475045 | ... AI30: ='05_shares'!AI30*INDEX('06_intensity'!$C$43:$BB$43,1,26) -> 0.0060245773
A31: 27_OtherMan | B31: ='05_shares'!B31*INDEX('06_intensity'!$C$43:$BB$43,1,27) -> 0.058016736 | C31: ='05_shares'!C31*INDEX('06_intensity'!$C$43:$BB$43,1,27) -> 0.21010389 | D31: ='05_shares'!D31*INDEX('06_intensity'!$C$43:$BB$43,1,27) -> 0.059066395 | E31: ='05_shares'!E31*INDEX('06_intensity'!$C$43:$BB$43,1,27) -> 0.057517099 | F31: ='05_shares'!F31*INDEX('06_intensity'!$C$43:$BB$43,1,27) -> 0.029151122 | G31: ='05_shares'!G31*INDEX('06_intensity'!$C$43:$BB$43,1,27) -> 0.071141669 | H31: ='05_shares'!H31*INDEX('06_intensity'!$C$43:$BB$43,1,27) -> 0.01900722 | I31: ='05_shares'!I31*INDEX('06_intensity'!$C$43:$BB$43,1,27) -> 0.076864408 | ... AI31: ='05_shares'!AI31*INDEX('06_intensity'!$C$43:$BB$43,1,27) -> 0.0032245515
A32: 28_Electricity | B32: ='05_shares'!B32*INDEX('06_intensity'!$C$43:$BB$43,1,28) -> 0.087555726 | C32: ='05_shares'!C32*INDEX('06_intensity'!$C$43:$BB$43,1,28) -> 0.39018299 | D32: ='05_shares'!D32*INDEX('06_intensity'!$C$43:$BB$43,1,28) -> 0.14505531 | E32: ='05_shares'!E32*INDEX('06_intensity'!$C$43:$BB$43,1,28) -> 0.15597193 | F32: ='05_shares'!F32*INDEX('06_intensity'!$C$43:$BB$43,1,28) -> 0.059565438 | G32: ='05_shares'!G32*INDEX('06_intensity'!$C$43:$BB$43,1,28) -> 0.23048442 | H32: ='05_shares'!H32*INDEX('06_intensity'!$C$43:$BB$43,1,28) -> 0.04484117 | I32: ='05_shares'!I32*INDEX('06_intensity'!$C$43:$BB$43,1,28) -> 0.09640649 | ... AI32: ='05_shares'!AI32*INDEX('06_intensity'!$C$43:$BB$43,1,28) -> 0.020496506
A33: 29_CityGas | B33: ='05_shares'!B33*INDEX('06_intensity'!$C$43:$BB$43,1,29) -> 0.1542912 | C33: ='05_shares'!C33*INDEX('06_intensity'!$C$43:$BB$43,1,29) -> 0.12778719 | D33: ='05_shares'!D33*INDEX('06_intensity'!$C$43:$BB$43,1,29) -> 0.11169547 | E33: ='05_shares'!E33*INDEX('06_intensity'!$C$43:$BB$43,1,29) -> 0.063893596 | F33: ='05_shares'!F33*INDEX('06_intensity'!$C$43:$BB$43,1,29) -> 0 | G33: ='05_shares'!G33*INDEX('06_intensity'!$C$43:$BB$43,1,29) -> 0.20292133 | H33: ='05_shares'!H33*INDEX('06_intensity'!$C$43:$BB$43,1,29) -> 0.0095840394 | I33: ='05_shares'!I33*INDEX('06_intensity'!$C$43:$BB$43,1,29) -> 0.22504744 | ... AI33: ='05_shares'!AI33*INDEX('06_intensity'!$C$43:$BB$43,1,29) -> 0.056084379
A34: 30_WasteMan | B34: ='05_shares'!B34*INDEX('06_intensity'!$C$43:$BB$43,1,30) -> 0.024784234 | C34: ='05_shares'!C34*INDEX('06_intensity'!$C$43:$BB$43,1,30) -> 0.13058073 | D34: ='05_shares'!D34*INDEX('06_intensity'!$C$43:$BB$43,1,30) -> 0.036782422 | E34: ='05_shares'!E34*INDEX('06_intensity'!$C$43:$BB$43,1,30) -> 0.054844378 | F34: ='05_shares'!F34*INDEX('06_intensity'!$C$43:$BB$43,1,30) -> 0.019861097 | G34: ='05_shares'!G34*INDEX('06_intensity'!$C$43:$BB$43,1,30) -> 0.058799351 | H34: ='05_shares'!H34*INDEX('06_intensity'!$C$43:$BB$43,1,30) -> 0.012731171 | I34: ='05_shares'!I34*INDEX('06_intensity'!$C$43:$BB$43,1,30) -> 0.049721336 | ... AI34: ='05_shares'!AI34*INDEX('06_intensity'!$C$43:$BB$43,1,30) -> 0.0044645331
A35: 31_Construction | B35: ='05_shares'!B35*INDEX('06_intensity'!$C$43:$BB$43,1,31) -> 0.066572098 | C35: ='05_shares'!C35*INDEX('06_intensity'!$C$43:$BB$43,1,31) -> 0.17103405 | D35: ='05_shares'!D35*INDEX('06_intensity'!$C$43:$BB$43,1,31) -> 0.053970586 | E35: ='05_shares'!E35*INDEX('06_intensity'!$C$43:$BB$43,1,31) -> 0.0624393 | F35: ='05_shares'!F35*INDEX('06_intensity'!$C$43:$BB$43,1,31) -> 0.032743815 | G35: ='05_shares'!G35*INDEX('06_intensity'!$C$43:$BB$43,1,31) -> 0.082040347 | H35: ='05_shares'!H35*INDEX('06_intensity'!$C$43:$BB$43,1,31) -> 0.018808928 | I35: ='05_shares'!I35*INDEX('06_intensity'!$C$43:$BB$43,1,31) -> 0.093813343 | ... AI35: ='05_shares'!AI35*INDEX('06_intensity'!$C$43:$BB$43,1,31) -> 0.0089328709
A36: 32_VehicTrade | B36: ='05_shares'!B36*INDEX('06_intensity'!$C$43:$BB$43,1,32) -> 0.016147826 | C36: ='05_shares'!C36*INDEX('06_intensity'!$C$43:$BB$43,1,32) -> 0.064416614 | D36: ='05_shares'!D36*INDEX('06_intensity'!$C$43:$BB$43,1,32) -> 0.050375976 | E36: ='05_shares'!E36*INDEX('06_intensity'!$C$43:$BB$43,1,32) -> 0.06093375 | F36: ='05_shares'!F36*INDEX('06_intensity'!$C$43:$BB$43,1,32) -> 0.013614834 | G36: ='05_shares'!G36*INDEX('06_intensity'!$C$43:$BB$43,1,32) -> 0.075487538 | H36: ='05_shares'!H36*INDEX('06_intensity'!$C$43:$BB$43,1,32) -> 0.016813828 | I36: ='05_shares'!I36*INDEX('06_intensity'!$C$43:$BB$43,1,32) -> 0.043355657 | ... AI36: ='05_shares'!AI36*INDEX('06_intensity'!$C$43:$BB$43,1,32) -> 0.0018451539
A37: 33_OthTrade | B37: ='05_shares'!B37*INDEX('06_intensity'!$C$43:$BB$43,1,33) -> 0.038391736 | C37: ='05_shares'!C37*INDEX('06_intensity'!$C$43:$BB$43,1,33) -> 0.15120025 | D37: ='05_shares'!D37*INDEX('06_intensity'!$C$43:$BB$43,1,33) -> 0.054440751 | E37: ='05_shares'!E37*INDEX('06_intensity'!$C$43:$BB$43,1,33) -> 0.05704695 | F37: ='05_shares'!F37*INDEX('06_intensity'!$C$43:$BB$43,1,33) -> 0.030391597 | G37: ='05_shares'!G37*INDEX('06_intensity'!$C$43:$BB$43,1,33) -> 0.075362605 | H37: ='05_shares'!H37*INDEX('06_intensity'!$C$43:$BB$43,1,33) -> 0.017074541 | I37: ='05_shares'!I37*INDEX('06_intensity'!$C$43:$BB$43,1,33) -> 0.093266639 | ... AI37: ='05_shares'!AI37*INDEX('06_intensity'!$C$43:$BB$43,1,33) -> 0.0080307108
A38: 34_RailTransp | B38: ='05_shares'!B38*INDEX('06_intensity'!$C$43:$BB$43,1,34) -> 0.039438433 | C38: ='05_shares'!C38*INDEX('06_intensity'!$C$43:$BB$43,1,34) -> 0.057454455 | D38: ='05_shares'!D38*INDEX('06_intensity'!$C$43:$BB$43,1,34) -> 0.048446444 | E38: ='05_shares'!E38*INDEX('06_intensity'!$C$43:$BB$43,1,34) -> 0.033685418 | F38: ='05_shares'!F38*INDEX('06_intensity'!$C$43:$BB$43,1,34) -> 0.019227182 | G38: ='05_shares'!G38*INDEX('06_intensity'!$C$43:$BB$43,1,34) -> 0.17047092 | H38: ='05_shares'!H38*INDEX('06_intensity'!$C$43:$BB$43,1,34) -> 0 | I38: ='05_shares'!I38*INDEX('06_intensity'!$C$43:$BB$43,1,34) -> 0.049581908 | ... AI38: ='05_shares'!AI38*INDEX('06_intensity'!$C$43:$BB$43,1,34) -> 0
A39: 35_LandTransp | B39: ='05_shares'!B39*INDEX('06_intensity'!$C$43:$BB$43,1,35) -> 0.041568399 | C39: ='05_shares'!C39*INDEX('06_intensity'!$C$43:$BB$43,1,35) -> 0.16439742 | D39: ='05_shares'!D39*INDEX('06_intensity'!$C$43:$BB$43,1,35) -> 0.058625756 | E39: ='05_shares'!E39*INDEX('06_intensity'!$C$43:$BB$43,1,35) -> 0.046459505 | F39: ='05_shares'!F39*INDEX('06_intensity'!$C$43:$BB$43,1,35) -> 0.026715791 | G39: ='05_shares'!G39*INDEX('06_intensity'!$C$43:$BB$43,1,35) -> 0.096772632 | H39: ='05_shares'!H39*INDEX('06_intensity'!$C$43:$BB$43,1,35) -> 0.015225443 | I39: ='05_shares'!I39*INDEX('06_intensity'!$C$43:$BB$43,1,35) -> 0.10205158 | ... AI39: ='05_shares'!AI39*INDEX('06_intensity'!$C$43:$BB$43,1,35) -> 0.020050534
A40: 36_SeaTransp | B40: ='05_shares'!B40*INDEX('06_intensity'!$C$43:$BB$43,1,36) -> 0.0072440936 | C40: ='05_shares'!C40*INDEX('06_intensity'!$C$43:$BB$43,1,36) -> 0.06268444 | D40: ='05_shares'!D40*INDEX('06_intensity'!$C$43:$BB$43,1,36) -> 0.0063647528 | E40: ='05_shares'!E40*INDEX('06_intensity'!$C$43:$BB$43,1,36) -> 0.032326244 | F40: ='05_shares'!F40*INDEX('06_intensity'!$C$43:$BB$43,1,36) -> 0.011724545 | G40: ='05_shares'!G40*INDEX('06_intensity'!$C$43:$BB$43,1,36) -> 0.016204996 | H40: ='05_shares'!H40*INDEX('06_intensity'!$C$43:$BB$43,1,36) -> 0.0058203989 | I40: ='05_shares'!I40*INDEX('06_intensity'!$C$43:$BB$43,1,36) -> 0 | ... AI40: ='05_shares'!AI40*INDEX('06_intensity'!$C$43:$BB$43,1,36) -> 0.015514085
A41: 37_WaterTransp | B41: ='05_shares'!B41*INDEX('06_intensity'!$C$43:$BB$43,1,37) -> 0.0062340119 | C41: ='05_shares'!C41*INDEX('06_intensity'!$C$43:$BB$43,1,37) -> 0.069567159 | D41: ='05_shares'!D41*INDEX('06_intensity'!$C$43:$BB$43,1,37) -> 0.0068960309 | E41: ='05_shares'!E41*INDEX('06_intensity'!$C$43:$BB$43,1,37) -> 0.11857495 | F41: ='05_shares'!F41*INDEX('06_intensity'!$C$43:$BB$43,1,37) -> 0.046966568 | G41: ='05_shares'!G41*INDEX('06_intensity'!$C$43:$BB$43,1,37) -> 0.082366193 | H41: ='05_shares'!H41*INDEX('06_intensity'!$C$43:$BB$43,1,37) -> 0.002611297 | I41: ='05_shares'!I41*INDEX('06_intensity'!$C$43:$BB$43,1,37) -> 0.065264036 | ... AI41: ='05_shares'!AI41*INDEX('06_intensity'!$C$43:$BB$43,1,37) -> 0.012394466
A42: 38_AirTransp | B42: ='05_shares'!B42*INDEX('06_intensity'!$C$43:$BB$43,1,38) -> 0 | C42: ='05_shares'!C42*INDEX('06_intensity'!$C$43:$BB$43,1,38) -> 0 | D42: ='05_shares'!D42*INDEX('06_intensity'!$C$43:$BB$43,1,38) -> 0.054064733 | E42: ='05_shares'!E42*INDEX('06_intensity'!$C$43:$BB$43,1,38) -> 0.040306857 | F42: ='05_shares'!F42*INDEX('06_intensity'!$C$43:$BB$43,1,38) -> 0 | G42: ='05_shares'!G42*INDEX('06_intensity'!$C$43:$BB$43,1,38) -> 0 | H42: ='05_shares'!H42*INDEX('06_intensity'!$C$43:$BB$43,1,38) -> 0 | I42: ='05_shares'!I42*INDEX('06_intensity'!$C$43:$BB$43,1,38) -> 0 | ... AI42: ='05_shares'!AI42*INDEX('06_intensity'!$C$43:$BB$43,1,38) -> 0.034803707
A43: 39_TranspSvc | B43: ='05_shares'!B43*INDEX('06_intensity'!$C$43:$BB$43,1,39) -> 0.027777691 | C43: ='05_shares'!C43*INDEX('06_intensity'!$C$43:$BB$43,1,39) -> 0.12772856 | D43: ='05_shares'!D43*INDEX('06_intensity'!$C$43:$BB$43,1,39) -> 0.023760834 | E43: ='05_shares'!E43*INDEX('06_intensity'!$C$43:$BB$43,1,39) -> 0.044614931 | F43: ='05_shares'!F43*INDEX('06_intensity'!$C$43:$BB$43,1,39) -> 0.018678447 | G43: ='05_shares'!G43*INDEX('06_intensity'!$C$43:$BB$43,1,39) -> 0.045835361 | H43: ='05_shares'!H43*INDEX('06_intensity'!$C$43:$BB$43,1,39) -> 0.012277057 | I43: ='05_shares'!I43*INDEX('06_intensity'!$C$43:$BB$43,1,39) -> 0.066035825 | ... AI43: ='05_shares'!AI43*INDEX('06_intensity'!$C$43:$BB$43,1,39) -> 0.0069787474
A44: 40_Hotels | B44: ='05_shares'!B44*INDEX('06_intensity'!$C$43:$BB$43,1,40) -> 0.016139461 | C44: ='05_shares'!C44*INDEX('06_intensity'!$C$43:$BB$43,1,40) -> 0.063526375 | D44: ='05_shares'!D44*INDEX('06_intensity'!$C$43:$BB$43,1,40) -> 0.042162825 | E44: ='05_shares'!E44*INDEX('06_intensity'!$C$43:$BB$43,1,40) -> 0.022073444 | F44: ='05_shares'!F44*INDEX('06_intensity'!$C$43:$BB$43,1,40) -> 0.01635789 | G44: ='05_shares'!G44*INDEX('06_intensity'!$C$43:$BB$43,1,40) -> 0.050748291 | H44: ='05_shares'!H44*INDEX('06_intensity'!$C$43:$BB$43,1,40) -> 0.0048903781 | I44: ='05_shares'!I44*INDEX('06_intensity'!$C$43:$BB$43,1,40) -> 0.018727236 | ... AI44: ='05_shares'!AI44*INDEX('06_intensity'!$C$43:$BB$43,1,40) -> 0.0068714059
A45: 41_Restaurant | B45: ='05_shares'!B45*INDEX('06_intensity'!$C$43:$BB$43,1,41) -> 0.030564255 | C45: ='05_shares'!C45*INDEX('06_intensity'!$C$43:$BB$43,1,41) -> 0.13986961 | D45: ='05_shares'!D45*INDEX('06_intensity'!$C$43:$BB$43,1,41) -> 0.051650621 | E45: ='05_shares'!E45*INDEX('06_intensity'!$C$43:$BB$43,1,41) -> 0.049363094 | F45: ='05_shares'!F45*INDEX('06_intensity'!$C$43:$BB$43,1,41) -> 0.021982274 | G45: ='05_shares'!G45*INDEX('06_intensity'!$C$43:$BB$43,1,41) -> 0.047249099 | H45: ='05_shares'!H45*INDEX('06_intensity'!$C$43:$BB$43,1,41) -> 0.010996854 | I45: ='05_shares'!I45*INDEX('06_intensity'!$C$43:$BB$43,1,41) -> 0.055629972 | ... AI45: ='05_shares'!AI45*INDEX('06_intensity'!$C$43:$BB$43,1,41) -> 0.0043755145
A46: 42_Telecom | B46: ='05_shares'!B46*INDEX('06_intensity'!$C$43:$BB$43,1,42) -> 0.039658029 | C46: ='05_shares'!C46*INDEX('06_intensity'!$C$43:$BB$43,1,42) -> 0.16452768 | D46: ='05_shares'!D46*INDEX('06_intensity'!$C$43:$BB$43,1,42) -> 0.055436736 | E46: ='05_shares'!E46*INDEX('06_intensity'!$C$43:$BB$43,1,42) -> 0.040819976 | F46: ='05_shares'!F46*INDEX('06_intensity'!$C$43:$BB$43,1,42) -> 0.025179911 | G46: ='05_shares'!G46*INDEX('06_intensity'!$C$43:$BB$43,1,42) -> 0.095424864 | H46: ='05_shares'!H46*INDEX('06_intensity'!$C$43:$BB$43,1,42) -> 0.030851002 | I46: ='05_shares'!I46*INDEX('06_intensity'!$C$43:$BB$43,1,42) -> 0.10716977 | ... AI46: ='05_shares'!AI46*INDEX('06_intensity'!$C$43:$BB$43,1,42) -> 0.024268839
A47: 43_Finance | B47: ='05_shares'!B47*INDEX('06_intensity'!$C$43:$BB$43,1,43) -> 0.017165646 | C47: ='05_shares'!C47*INDEX('06_intensity'!$C$43:$BB$43,1,43) -> 0.10014588 | D47: ='05_shares'!D47*INDEX('06_intensity'!$C$43:$BB$43,1,43) -> 0.045852729 | E47: ='05_shares'!E47*INDEX('06_intensity'!$C$43:$BB$43,1,43) -> 0.038207155 | F47: ='05_shares'!F47*INDEX('06_intensity'!$C$43:$BB$43,1,43) -> 0.0235348 | G47: ='05_shares'!G47*INDEX('06_intensity'!$C$43:$BB$43,1,43) -> 0.037425251 | H47: ='05_shares'!H47*INDEX('06_intensity'!$C$43:$BB$43,1,43) -> 0.015534521 | I47: ='05_shares'!I47*INDEX('06_intensity'!$C$43:$BB$43,1,43) -> 0.053762389 | ... AI47: ='05_shares'!AI47*INDEX('06_intensity'!$C$43:$BB$43,1,43) -> 0.016541676
A48: 44_Insurance | B48: ='05_shares'!B48*INDEX('06_intensity'!$C$43:$BB$43,1,44) -> 0.0051828568 | C48: ='05_shares'!C48*INDEX('06_intensity'!$C$43:$BB$43,1,44) -> 0.18027234 | D48: ='05_shares'!D48*INDEX('06_intensity'!$C$43:$BB$43,1,44) -> 0.0099103162 | E48: ='05_shares'!E48*INDEX('06_intensity'!$C$43:$BB$43,1,44) -> 0.013228212 | F48: ='05_shares'!F48*INDEX('06_intensity'!$C$43:$BB$43,1,44) -> 0.021685593 | G48: ='05_shares'!G48*INDEX('06_intensity'!$C$43:$BB$43,1,44) -> 0.046537283 | H48: ='05_shares'!H48*INDEX('06_intensity'!$C$43:$BB$43,1,44) -> 0.0010192229 | I48: ='05_shares'!I48*INDEX('06_intensity'!$C$43:$BB$43,1,44) -> 0.059049871 | ... AI48: ='05_shares'!AI48*INDEX('06_intensity'!$C$43:$BB$43,1,44) -> 0
A49: 45_OthFinance | B49: ='05_shares'!B49*INDEX('06_intensity'!$C$43:$BB$43,1,45) -> 0 | C49: ='05_shares'!C49*INDEX('06_intensity'!$C$43:$BB$43,1,45) -> 0 | D49: ='05_shares'!D49*INDEX('06_intensity'!$C$43:$BB$43,1,45) -> 0 | E49: ='05_shares'!E49*INDEX('06_intensity'!$C$43:$BB$43,1,45) -> 0.24459541 | F49: ='05_shares'!F49*INDEX('06_intensity'!$C$43:$BB$43,1,45) -> 0 | G49: ='05_shares'!G49*INDEX('06_intensity'!$C$43:$BB$43,1,45) -> 0 | H49: ='05_shares'!H49*INDEX('06_intensity'!$C$43:$BB$43,1,45) -> 0 | I49: ='05_shares'!I49*INDEX('06_intensity'!$C$43:$BB$43,1,45) -> 0 | ... AI49: ='05_shares'!AI49*INDEX('06_intensity'!$C$43:$BB$43,1,45) -> 0
A50: 46_FinanSvc | B50: ='05_shares'!B50*INDEX('06_intensity'!$C$43:$BB$43,1,46) -> 0.027977764 | C50: ='05_shares'!C50*INDEX('06_intensity'!$C$43:$BB$43,1,46) -> 0.10409829 | D50: ='05_shares'!D50*INDEX('06_intensity'!$C$43:$BB$43,1,46) -> 0.018793759 | E50: ='05_shares'!E50*INDEX('06_intensity'!$C$43:$BB$43,1,46) -> 0.048546398 | F50: ='05_shares'!F50*INDEX('06_intensity'!$C$43:$BB$43,1,46) -> 0.039284983 | G50: ='05_shares'!G50*INDEX('06_intensity'!$C$43:$BB$43,1,46) -> 0.06079911 | H50: ='05_shares'!H50*INDEX('06_intensity'!$C$43:$BB$43,1,46) -> 0.0072764304 | I50: ='05_shares'!I50*INDEX('06_intensity'!$C$43:$BB$43,1,46) -> 0.081854313 | ... AI50: ='05_shares'!AI50*INDEX('06_intensity'!$C$43:$BB$43,1,46) -> 0.0075584198
A51: 47_RealEstate | B51: ='05_shares'!B51*INDEX('06_intensity'!$C$43:$BB$43,1,47) -> 0.0090117774 | C51: ='05_shares'!C51*INDEX('06_intensity'!$C$43:$BB$43,1,47) -> 0.041042769 | D51: ='05_shares'!D51*INDEX('06_intensity'!$C$43:$BB$43,1,47) -> 0.015063637 | E51: ='05_shares'!E51*INDEX('06_intensity'!$C$43:$BB$43,1,47) -> 0.043870661 | F51: ='05_shares'!F51*INDEX('06_intensity'!$C$43:$BB$43,1,47) -> 0.013296205 | G51: ='05_shares'!G51*INDEX('06_intensity'!$C$43:$BB$43,1,47) -> 0.036822225 | H51: ='05_shares'!H51*INDEX('06_intensity'!$C$43:$BB$43,1,47) -> 0.010642926 | I51: ='05_shares'!I51*INDEX('06_intensity'!$C$43:$BB$43,1,47) -> 0.023240675 | ... AI51: ='05_shares'!AI51*INDEX('06_intensity'!$C$43:$BB$43,1,47) -> 0.0012819211
A52: 48_BusSvc | B52: ='05_shares'!B52*INDEX('06_intensity'!$C$43:$BB$43,1,48) -> 0.050050182 | C52: ='05_shares'!C52*INDEX('06_intensity'!$C$43:$BB$43,1,48) -> 0.15475895 | D52: ='05_shares'!D52*INDEX('06_intensity'!$C$43:$BB$43,1,48) -> 0.062343589 | E52: ='05_shares'!E52*INDEX('06_intensity'!$C$43:$BB$43,1,48) -> 0.076451935 | F52: ='05_shares'!F52*INDEX('06_intensity'!$C$43:$BB$43,1,48) -> 0.030071767 | G52: ='05_shares'!G52*INDEX('06_intensity'!$C$43:$BB$43,1,48) -> 0.063485926 | H52: ='05_shares'!H52*INDEX('06_intensity'!$C$43:$BB$43,1,48) -> 0.021406064 | I52: ='05_shares'!I52*INDEX('06_intensity'!$C$43:$BB$43,1,48) -> 0.059657525 | ... AI52: ='05_shares'!AI52*INDEX('06_intensity'!$C$43:$BB$43,1,48) -> 0.011468929
A53: 49_GovAdmin | B53: ='05_shares'!B53*INDEX('06_intensity'!$C$43:$BB$43,1,49) -> 0.0732762 | C53: ='05_shares'!C53*INDEX('06_intensity'!$C$43:$BB$43,1,49) -> 0.11958175 | D53: ='05_shares'!D53*INDEX('06_intensity'!$C$43:$BB$43,1,49) -> 0.059472232 | E53: ='05_shares'!E53*INDEX('06_intensity'!$C$43:$BB$43,1,49) -> 0.063628047 | F53: ='05_shares'!F53*INDEX('06_intensity'!$C$43:$BB$43,1,49) -> 0.044208345 | G53: ='05_shares'!G53*INDEX('06_intensity'!$C$43:$BB$43,1,49) -> 0.069670329 | H53: ='05_shares'!H53*INDEX('06_intensity'!$C$43:$BB$43,1,49) -> 0.033030198 | I53: ='05_shares'!I53*INDEX('06_intensity'!$C$43:$BB$43,1,49) -> 0.068852775 | ... AI53: ='05_shares'!AI53*INDEX('06_intensity'!$C$43:$BB$43,1,49) -> 0.031517977
A54: 50_Education | B54: ='05_shares'!B54*INDEX('06_intensity'!$C$43:$BB$43,1,50) -> 0.059251704 | C54: ='05_shares'!C54*INDEX('06_intensity'!$C$43:$BB$43,1,50) -> 0.12773315 | D54: ='05_shares'!D54*INDEX('06_intensity'!$C$43:$BB$43,1,50) -> 0.067542205 | E54: ='05_shares'!E54*INDEX('06_intensity'!$C$43:$BB$43,1,50) -> 0.063071285 | F54: ='05_shares'!F54*INDEX('06_intensity'!$C$43:$BB$43,1,50) -> 0.030633507 | G54: ='05_shares'!G54*INDEX('06_intensity'!$C$43:$BB$43,1,50) -> 0.070425526 | H54: ='05_shares'!H54*INDEX('06_intensity'!$C$43:$BB$43,1,50) -> 0.022406616 | I54: ='05_shares'!I54*INDEX('06_intensity'!$C$43:$BB$43,1,50) -> 0.068347269 | ... AI54: ='05_shares'!AI54*INDEX('06_intensity'!$C$43:$BB$43,1,50) -> 0.0070547445
A55: 51_HealthSvc | B55: ='05_shares'!B55*INDEX('06_intensity'!$C$43:$BB$43,1,51) -> 0.060999872 | C55: ='05_shares'!C55*INDEX('06_intensity'!$C$43:$BB$43,1,51) -> 0.12626223 | D55: ='05_shares'!D55*INDEX('06_intensity'!$C$43:$BB$43,1,51) -> 0.055127077 | E55: ='05_shares'!E55*INDEX('06_intensity'!$C$43:$BB$43,1,51) -> 0.050281732 | F55: ='05_shares'!F55*INDEX('06_intensity'!$C$43:$BB$43,1,51) -> 0.026276824 | G55: ='05_shares'!G55*INDEX('06_intensity'!$C$43:$BB$43,1,51) -> 0.06356658 | H55: ='05_shares'!H55*INDEX('06_intensity'!$C$43:$BB$43,1,51) -> 0.021427638 | I55: ='05_shares'!I55*INDEX('06_intensity'!$C$43:$BB$43,1,51) -> 0.055312402 | ... AI55: ='05_shares'!AI55*INDEX('06_intensity'!$C$43:$BB$43,1,51) -> 0.011590994
A56: 52_OtherSvc | B56: ='05_shares'!B56*INDEX('06_intensity'!$C$43:$BB$43,1,52) -> 0.054797608 | C56: ='05_shares'!C56*INDEX('06_intensity'!$C$43:$BB$43,1,52) -> 0.023270217 | D56: ='05_shares'!D56*INDEX('06_intensity'!$C$43:$BB$43,1,52) -> 0.04979326 | E56: ='05_shares'!E56*INDEX('06_intensity'!$C$43:$BB$43,1,52) -> 0.038033043 | F56: ='05_shares'!F56*INDEX('06_intensity'!$C$43:$BB$43,1,52) -> 0.036781956 | G56: ='05_shares'!G56*INDEX('06_intensity'!$C$43:$BB$43,1,52) -> 0 | H56: ='05_shares'!H56*INDEX('06_intensity'!$C$43:$BB$43,1,52) -> 0 | I56: ='05_shares'!I56*INDEX('06_intensity'!$C$43:$BB$43,1,52) -> 0.13111391 | ... AI56: ='05_shares'!AI56*INDEX('06_intensity'!$C$43:$BB$43,1,52) -> 0

Sheet 08_dL_manual
A1: dL Manual — Perubahan Jumlah Pekerja
A2: dL[s,p] = E[s,p] / 100 × L0[s,p]
A4: sektor | B4: 1100_ACEH | C4: 1200_SUMATERA UTARA | D4: 1300_SUMATERA BARAT | E4: 1400_RIAU | F4: 1500_JAMBI | G4: 1600_SUMATERA SELATAN | H4: 1700_BENGKULU | I4: 1800_LAMPUNG | J4: 1900_KEPULAUAN BANGKA BELITUNG | K4: 2100_KEPULAUAN RIAU | L4: 3100_DKI JAKARTA | M4: 3200_JAWA BARAT | N4: 3300_JAWA TENGAH | O4: 3400_DI YOGYAKARTA | P4: 3500_JAWA TIMUR | Q4: 3600_BANTEN | R4: 5100_BALI | S4: 5200_NUSA TENGGARA BARAT | T4: 5300_NUSA TENGGARA TIMUR | U4: 6100_KALIMANTAN BARAT | V4: 6200_KALIMANTAN TENGAH | W4: 6300_KALIMANTAN SELATAN | X4: 6400_KALIMANTAN TIMUR | Y4: 6500_KALIMANTAN UTARA | Z4: 7100_SULAWESI UTARA | AA4: 7200_SULAWESI TENGAH | AB4: 7300_SULAWESI SELATAN | AC4: 7400_SULAWESI TENGGARA | AD4: 7500_GORONTALO | AE4: 7600_SULAWESI BARAT | AF4: 8100_MALUKU | AG4: 8200_MALUKU UTARA | AH4: 9100_PAPUA BARAT | AI4: 9400_PAPUA
A5: 01_FoodCrops | B5: ='07_E_manual'!B5/100*'04_L0'!B5 -> 298.01474 | C5: ='07_E_manual'!C5/100*'04_L0'!C5 -> 1802.8683 | D5: ='07_E_manual'!D5/100*'04_L0'!D5 -> 432.23808 | E5: ='07_E_manual'!E5/100*'04_L0'!E5 -> 5.6778825 | F5: ='07_E_manual'!F5/100*'04_L0'!F5 -> 19.175492 | G5: ='07_E_manual'!G5/100*'04_L0'!G5 -> 344.26045 | H5: ='07_E_manual'!H5/100*'04_L0'!H5 -> 13.080773 | I5: ='07_E_manual'!I5/100*'04_L0'!I5 -> 1300.3994 | ... AI5: ='07_E_manual'!AI5/100*'04_L0'!AI5 -> 8.1108026
A6: 02_HortiCrops | B6: ='07_E_manual'!B6/100*'04_L0'!B6 -> 45.716464 | C6: ='07_E_manual'!C6/100*'04_L0'!C6 -> 1078.1057 | D6: ='07_E_manual'!D6/100*'04_L0'!D6 -> 178.67609 | E6: ='07_E_manual'!E6/100*'04_L0'!E6 -> 83.984737 | F6: ='07_E_manual'!F6/100*'04_L0'!F6 -> 292.36856 | G6: ='07_E_manual'!G6/100*'04_L0'!G6 -> 2689.1125 | H6: ='07_E_manual'!H6/100*'04_L0'!H6 -> 42.463877 | I6: ='07_E_manual'!I6/100*'04_L0'!I6 -> 485.65883 | ... AI6: ='07_E_manual'!AI6/100*'04_L0'!AI6 -> 1.058124
A7: 03_Estates | B7: ='07_E_manual'!B7/100*'04_L0'!B7 -> 1400.1448 | C7: ='07_E_manual'!C7/100*'04_L0'!C7 -> 7545.3998 | D7: ='07_E_manual'!D7/100*'04_L0'!D7 -> 409.03785 | E7: ='07_E_manual'!E7/100*'04_L0'!E7 -> 9292.7819 | F7: ='07_E_manual'!F7/100*'04_L0'!F7 -> 1922.9336 | G7: ='07_E_manual'!G7/100*'04_L0'!G7 -> 5446.5038 | H7: ='07_E_manual'!H7/100*'04_L0'!H7 -> 1040.1409 | I7: ='07_E_manual'!I7/100*'04_L0'!I7 -> 1960.5294 | ... AI7: ='07_E_manual'!AI7/100*'04_L0'!AI7 -> 0.53012686
A8: 04_Livestock | B8: ='07_E_manual'!B8/100*'04_L0'!B8 -> 2.4258557 | C8: ='07_E_manual'!C8/100*'04_L0'!C8 -> 66.986691 | D8: ='07_E_manual'!D8/100*'04_L0'!D8 -> 8.8609661 | E8: ='07_E_manual'!E8/100*'04_L0'!E8 -> 2.0305938 | F8: ='07_E_manual'!F8/100*'04_L0'!F8 -> 0.25897726 | G8: ='07_E_manual'!G8/100*'04_L0'!G8 -> 3.7207551 | H8: ='07_E_manual'!H8/100*'04_L0'!H8 -> 0.41413528 | I8: ='07_E_manual'!I8/100*'04_L0'!I8 -> 282.88297 | ... AI8: ='07_E_manual'!AI8/100*'04_L0'!AI8 -> 0.21610149
A9: 05_AgricService | B9: ='07_E_manual'!B9/100*'04_L0'!B9 -> 48.623048 | C9: ='07_E_manual'!C9/100*'04_L0'!C9 -> 207.82297 | D9: ='07_E_manual'!D9/100*'04_L0'!D9 -> 24.391212 | E9: ='07_E_manual'!E9/100*'04_L0'!E9 -> 29.165213 | F9: ='07_E_manual'!F9/100*'04_L0'!F9 -> 4.0886425 | G9: ='07_E_manual'!G9/100*'04_L0'!G9 -> 35.950723 | H9: ='07_E_manual'!H9/100*'04_L0'!H9 -> 2.9666777 | I9: ='07_E_manual'!I9/100*'04_L0'!I9 -> 93.272692 | ... AI9: ='07_E_manual'!AI9/100*'04_L0'!AI9 -> 0.34328099
A10: 06_Forestry | B10: ='07_E_manual'!B10/100*'04_L0'!B10 -> 3.6170469 | C10: ='07_E_manual'!C10/100*'04_L0'!C10 -> 25.275657 | D10: ='07_E_manual'!D10/100*'04_L0'!D10 -> 6.7881067 | E10: ='07_E_manual'!E10/100*'04_L0'!E10 -> 19.764844 | F10: ='07_E_manual'!F10/100*'04_L0'!F10 -> 3.5301453 | G10: ='07_E_manual'!G10/100*'04_L0'!G10 -> 10.885831 | H10: ='07_E_manual'!H10/100*'04_L0'!H10 -> 0.20590801 | I10: ='07_E_manual'!I10/100*'04_L0'!I10 -> 7.8970075 | ... AI10: ='07_E_manual'!AI10/100*'04_L0'!AI10 -> 0.88704067
A11: 07_Fishery | B11: ='07_E_manual'!B11/100*'04_L0'!B11 -> 47.652455 | C11: ='07_E_manual'!C11/100*'04_L0'!C11 -> 181.12699 | D11: ='07_E_manual'!D11/100*'04_L0'!D11 -> 11.558201 | E11: ='07_E_manual'!E11/100*'04_L0'!E11 -> 27.144793 | F11: ='07_E_manual'!F11/100*'04_L0'!F11 -> 4.3506199 | G11: ='07_E_manual'!G11/100*'04_L0'!G11 -> 18.346987 | H11: ='07_E_manual'!H11/100*'04_L0'!H11 -> 0.74966696 | I11: ='07_E_manual'!I11/100*'04_L0'!I11 -> 58.956192 | ... AI11: ='07_E_manual'!AI11/100*'04_L0'!AI11 -> 14.060449
A12: 08_Coal | B12: ='07_E_manual'!B12/100*'04_L0'!B12 -> 0.73222372 | C12: ='07_E_manual'!C12/100*'04_L0'!C12 -> 0.0046359777 | D12: ='07_E_manual'!D12/100*'04_L0'!D12 -> 3.7513026 | E12: ='07_E_manual'!E12/100*'04_L0'!E12 -> 2.705017 | F12: ='07_E_manual'!F12/100*'04_L0'!F12 -> 18.625853 | G12: ='07_E_manual'!G12/100*'04_L0'!G12 -> 322.53049 | H12: ='07_E_manual'!H12/100*'04_L0'!H12 -> 4.0511099 | I12: ='07_E_manual'!I12/100*'04_L0'!I12 -> 0.10459925 | ... AI12: ='07_E_manual'!AI12/100*'04_L0'!AI12 -> 0
A13: 09_OilGasGeo | B13: ='07_E_manual'!B13/100*'04_L0'!B13 -> 15.078787 | C13: ='07_E_manual'!C13/100*'04_L0'!C13 -> 18.756472 | D13: ='07_E_manual'!D13/100*'04_L0'!D13 -> 1.0441473 | E13: ='07_E_manual'!E13/100*'04_L0'!E13 -> 549.95695 | F13: ='07_E_manual'!F13/100*'04_L0'!F13 -> 63.555274 | G13: ='07_E_manual'!G13/100*'04_L0'!G13 -> 429.95983 | H13: ='07_E_manual'!H13/100*'04_L0'!H13 -> 0.019299525 | I13: ='07_E_manual'!I13/100*'04_L0'!I13 -> 10.718355 | ... AI13: ='07_E_manual'!AI13/100*'04_L0'!AI13 -> 0.039672024
A14: 10_IronOre | B14: ='07_E_manual'!B14/100*'04_L0'!B14 -> 59.628414 | C14: ='07_E_manual'!C14/100*'04_L0'!C14 -> 329.42516 | D14: ='07_E_manual'!D14/100*'04_L0'!D14 -> 212.43394 | E14: ='07_E_manual'!E14/100*'04_L0'!E14 -> 24.433824 | F14: ='07_E_manual'!F14/100*'04_L0'!F14 -> 192.59527 | G14: ='07_E_manual'!G14/100*'04_L0'!G14 -> 100.56384 | H14: ='07_E_manual'!H14/100*'04_L0'!H14 -> 6.9584345 | I14: ='07_E_manual'!I14/100*'04_L0'!I14 -> 470.43825 | ... AI14: ='07_E_manual'!AI14/100*'04_L0'!AI14 -> 0.44037903
A15: 11_OtherMine | B15: ='07_E_manual'!B15/100*'04_L0'!B15 -> 0.19185756 | C15: ='07_E_manual'!C15/100*'04_L0'!C15 -> 0.88342746 | D15: ='07_E_manual'!D15/100*'04_L0'!D15 -> 0 | E15: ='07_E_manual'!E15/100*'04_L0'!E15 -> 81.264419 | F15: ='07_E_manual'!F15/100*'04_L0'!F15 -> 0 | G15: ='07_E_manual'!G15/100*'04_L0'!G15 -> 1.8704876 | H15: ='07_E_manual'!H15/100*'04_L0'!H15 -> 0 | I15: ='07_E_manual'!I15/100*'04_L0'!I15 -> 0.024420672 | ... AI15: ='07_E_manual'!AI15/100*'04_L0'!AI15 -> 0.081319835
A16: 12_FoodMan | B16: ='07_E_manual'!B16/100*'04_L0'!B16 -> 47.787159 | C16: ='07_E_manual'!C16/100*'04_L0'!C16 -> 739.92251 | D16: ='07_E_manual'!D16/100*'04_L0'!D16 -> 129.1486 | E16: ='07_E_manual'!E16/100*'04_L0'!E16 -> 167.42858 | F16: ='07_E_manual'!F16/100*'04_L0'!F16 -> 14.113178 | G16: ='07_E_manual'!G16/100*'04_L0'!G16 -> 116.20247 | H16: ='07_E_manual'!H16/100*'04_L0'!H16 -> 8.4099653 | I16: ='07_E_manual'!I16/100*'04_L0'!I16 -> 370.02273 | ... AI16: ='07_E_manual'!AI16/100*'04_L0'!AI16 -> 1.0048443
... A56: 52_OtherSvc | B56: ='07_E_manual'!B56/100*'04_L0'!B56 -> 0.12000676 | C56: ='07_E_manual'!C56/100*'04_L0'!C56 -> 0.021641302 | D56: ='07_E_manual'!D56/100*'04_L0'!D56 -> 0.099088588 | E56: ='07_E_manual'!E56/100*'04_L0'!E56 -> 0.057810225 | F56: ='07_E_manual'!F56/100*'04_L0'!F56 -> 0.054069475 | G56: ='07_E_manual'!G56/100*'04_L0'!G56 -> 0 | H56: ='07_E_manual'!H56/100*'04_L0'!H56 -> 0 | I56: ='07_E_manual'!I56/100*'04_L0'!I56 -> 0.68703689 | ... AI56: ='07_E_manual'!AI56/100*'04_L0'!AI56 -> 0

Sheet 09_dash_E
A1: E dari Dashboard
A2: Sumber: data/output/E_matrix.npy — pembanding
A4: sektor | B4: 1100_ACEH | C4: 1200_SUMATERA UTARA | D4: 1300_SUMATERA BARAT | E4: 1400_RIAU | F4: 1500_JAMBI | G4: 1600_SUMATERA SELATAN | H4: 1700_BENGKULU | I4: 1800_LAMPUNG | J4: 1900_KEPULAUAN BANGKA BELITUNG | K4: 2100_KEPULAUAN RIAU | L4: 3100_DKI JAKARTA | M4: 3200_JAWA BARAT | N4: 3300_JAWA TENGAH | O4: 3400_DI YOGYAKARTA | P4: 3500_JAWA TIMUR | Q4: 3600_BANTEN | R4: 5100_BALI | S4: 5200_NUSA TENGGARA BARAT | T4: 5300_NUSA TENGGARA TIMUR | U4: 6100_KALIMANTAN BARAT | V4: 6200_KALIMANTAN TENGAH | W4: 6300_KALIMANTAN SELATAN | X4: 6400_KALIMANTAN TIMUR | Y4: 6500_KALIMANTAN UTARA | Z4: 7100_SULAWESI UTARA | AA4: 7200_SULAWESI TENGAH | AB4: 7300_SULAWESI SELATAN | AC4: 7400_SULAWESI TENGGARA | AD4: 7500_GORONTALO | AE4: 7600_SULAWESI BARAT | AF4: 8100_MALUKU | AG4: 8200_MALUKU UTARA | AH4: 9100_PAPUA BARAT | AI4: 9400_PAPUA
A5: 01_FoodCrops | B5: 0.077331706 | C5: 0.19020447 | D5: 0.093132279 | E5: 0.010674116 | F5: 0.019616069 | G5: 0.08311555 | H5: 0.016201507 | I5: 0.16153889 | J5: 0.0037001114 | K5: 0.0019318278 | L5: 0.00024120255 | M5: 0.50914207 | N5: 0.58150745 | O5: 0.035079119 | P5: 0.6589724 | Q5: 0.112764 | R5: 0.028590529 | S5: 0.096414199 | T5: 0.15244944 | U5: 0.074109384 | V5: 0.018645439 | W5: 0.053425964 | X5: 0.019701152 | Y5: 0.0085558679 | Z5: 0.018673131 | AA5: 0.044265886 | AB5: 0.17575599 | AC5: 0.031201216 | AD5: 0.025445866 | AE5: 0.020587902 | AF5: 0.029308518 | AG5: 0.0097343892 | AH5: 0.01808979 | AI5: 0.012757649
A6: 02_HortiCrops | B6: 0.039091275 | C6: 0.18983409 | D6: 0.077281713 | E6: 0.052983873 | F6: 0.098857324 | G6: 0.2998113 | H6: 0.037675006 | I6: 0.12741166 | J6: 0.016344744 | K6: 0.0048411168 | L6: 8.3565505e-06 | M6: 0.11352073 | N6: 0.17381124 | O6: 0.019110094 | P6: 0.16671084 | Q6: 0.02061093 | R6: 0.034571718 | S6: 0.019683688 | T6: 0.095359606 | U6: 0.12168073 | V6: 0.034417957 | W6: 0.065523044 | X6: 0.015302515 | Y6: 0.0010903627 | Z6: 0.046989552 | AA6: 0.054365712 | AB6: 0.088850522 | AC6: 0.050973287 | AD6: 0.0063864101 | AE6: 0.0070743214 | AF6: 0.023230208 | AG6: 0.026105529 | AH6: 0.0025584415 | AI6: 0.0059471898
A7: 03_Estates | B7: 0.44328581 | C7: 1.0290547 | D7: 0.23959574 | E7: 1.1420108 | F7: 0.51949275 | G7: 0.87429149 | H7: 0.38207044 | I7: 0.52454655 | J7: 0.12323771 | K7: 0.0079547134 | L7: 0.0047815294 | M7: 0.19998217 | N7: 0.7235042 | O7: 0.010751775 | P7: 1.7446856 | Q7: 0.038183466 | R7: 0.057525714 | S7: 0.31765523 | T7: 0.2362752 | U7: 0.71073428 | V7: 0.32542469 | W7: 0.10631359 | X7: 0.20806039 | Y7: 0.037201057 | Z7: 0.095585678 | AA7: 0.27114794 | AB7: 0.18464956 | AC7: 0.091671476 | AD7: 0.026454896 | AE7: 0.23351743 | AF7: 0.056882937 | AG7: 0.1794091 | AH7: 0.007855069 | AI7: 0.008625559
A8: 04_Livestock | B8: 0.0096589915 | C8: 0.050756722 | D8: 0.018460346 | E8: 0.0088371215 | F8: 0.00315595 | G8: 0.011962304 | H8: 0.0039908961 | I8: 0.10430442 | J8: 0.0013141459 | K8: 0.0010345486 | L8: 0.0018294972 | M8: 0.18140251 | N8: 0.41985019 | O8: 0.065109256 | P8: 0.75296598 | Q8: 0.019123765 | R8: 0.067094128 | S8: 0.10802533 | T8: 0.08119091 | U8: 0.0079417947 | V8: 0.005252353 | W8: 0.011019673 | X8: 0.0032924796 | Y8: 0.0019291062 | Z8: 0.0024709942 | AA8: 0.0058738514 | AB8: 0.064605827 | AC8: 0.0075718186 | AD8: 0.0030821086 | AE8: 0.012874938 | AF8: 0.0019564121 | AG8: 0.00036266888 | AH8: 0.0012864554 | AI8: 0.0028828907
A9: 05_AgricService | B9: 0.065641181 | C9: 0.13570694 | D9: 0.046491332 | E9: 0.050837931 | F9: 0.019034649 | G9: 0.056442873 | H9: 0.016214011 | I9: 0.090914373 | J9: 0.0087800418 | K9: 0.022151262 | L9: 0.079495356 | M9: 0.44311474 | N9: 0.32773447 | O9: 0.01363175 | P9: 0.37985998 | Q9: 0.12354976 | R9: 0.032171923 | S9: 0.048797112 | T9: 0.017927839 | U9: 0.035073201 | V9: 0.022426857 | W9: 0.045070822 | X9: 0.022825627 | Y9: 0.0045858616 | Z9: 0.018128996 | AA9: 0.022183164 | AB9: 0.061031393 | AC9: 0.013505916 | AD9: 0.009736205 | AE9: 0.0072150889 | AF9: 0.0081517566 | AG9: 0.0067418811 | AH9: 0.0024404759 | AI9: 0.0055154401
A10: 06_Forestry | B10: 0.036429116 | C10: 0.096299224 | D10: 0.04990521 | E10: 0.085156589 | F10: 0.03598884 | G10: 0.063197856 | H10: 0.008691769 | I10: 0.05382733 | J10: 0.010926166 | K10: 0.0077084874 | L10: 0 | M10: 0.24779797 | N10: 0.42802835 | O10: 0.033427905 | P10: 0.42877682 | Q10: 0.10739049 | R10: 0.022520084 | S10: 0.042229743 | T10: 0.074520271 | U10: 0.080225505 | V10: 0.074964215 | W10: 0.061477114 | X10: 0.040362242 | Y10: 0.019511536 | Z10: 0.014536424 | AA10: 0.036454798 | AB10: 0.028559194 | AC10: 0.039136809 | AD10: 0.011579241 | AE10: 0.0075764048 | AF10: 0.013593501 | AG10: 0.018961191 | AH10: 0.010203381 | AI10: 0.018040282
A11: 07_Fishery | B11: 0.071734416 | C11: 0.13985452 | D11: 0.035328895 | E11: 0.054141239 | F11: 0.021675069 | G11: 0.044510995 | H11: 0.0089974431 | I11: 0.079790216 | J11: 0.029292444 | K11: 0.0410889 | L11: 0.016639655 | M11: 0.11961999 | N11: 0.21658224 | O11: 0.0079985671 | P11: 0.26997405 | Q11: 0.043030499 | R11: 0.016349171 | S11: 0.067181701 | T11: 0.078673634 | U11: 0.044338216 | V11: 0.035924981 | W11: 0.043009981 | X11: 0.045367329 | Y11: 0.040623477 | Z11: 0.04277673 | AA11: 0.068722669 | AB11: 0.20375775 | AC11: 0.096006563 | AD11: 0.021004473 | AE11: 0.028155345 | AF11: 0.053271947 | AG11: 0.025411406 | AH11: 0.014611666 | AI11: 0.038965883
A12: 08_Coal | B12: 0.039366867 | C12: 0.0031324174 | D12: 0.089104575 | E12: 0.075664811 | F12: 0.1985487 | G12: 0.82621741 | H12: 0.092596797 | I12: 0.014878982 | J12: 0 | K12: 0.0013757238 | L12: 0.023641285 | M12: 0.079791983 | N12: 0.049610718 | O12: 0 | P12: 0.12042875 | Q12: 0.11619575 | R12: 0 | S12: 0 | T12: 0 | U12: 0.0046351311 | V12: 0.44112056 | W12: 1.4528067 | X12: 2.8472404 | Y12: 0.19167008 | Z12: 0.036467264 | AA12: 0.0031959123 | AB12: 0.025207494 | AC12: 0 | AD12: 0.0027091177 | AE12: 0.0029419325 | AF12: 0 | AG12: 0 | AH12: 0 | AI12: 0
A13: 09_OilGasGeo | B13: 0.32497385 | C13: 0.3624439 | D13: 0.085515749 | E13: 1.9625899 | F13: 0.66717692 | G13: 1.7353184 | H13: 0.01162622 | I13: 0.27398658 | J13: 0 | K13: 0.45244205 | L13: 0.12928917 | M13: 3.5034843 | N13: 0.61773047 | O13: 0.062543459 | P13: 1.0476905 | Q13: 0.47555441 | R13: 0.016178655 | S13: 0.020731091 | T13: 0 | U13: 0.0081243463 | V13: 0.037189896 | W13: 0.032567423 | X13: 0.90915638 | Y13: 0.1321607 | Z13: 0.048606003 | AA13: 0.29023527 | AB13: 0.075990653 | AC13: 0.0061632972 | AD13: 0 | AE13: 0 | AF13: 0.039431095 | AG13: 0.013937456 | AH13: 0.060792523 | AI13: 0.016668917
A14: 10_IronOre | B14: 0.19978026 | C14: 0.46957431 | D14: 0.37708382 | E14: 0.1278856 | F14: 0.35904489 | G14: 0.25944593 | H14: 0.068246709 | I14: 0.56114779 | J14: 0.78754132 | K14: 0.040850301 | L14: 0.041225135 | M14: 1.0785068 | N14: 1.0891963 | O14: 0.079879975 | P14: 1.1330855 | Q14: 0.37674914 | R14: 0.075776873 | S14: 0.4896949 | T14: 0.13318684 | U14: 0.5183363 | V14: 0.77553991 | W14: 0.17127273 | X14: 0.1171091 | Y14: 0.0080857223 | Z14: 0.26834156 | AA14: 0.20010824 | AB14: 0.34170878 | AC14: 0.27842863 | AD14: 0.13314668 | AE14: 0.044002929 | AF14: 0.11810643 | AG14: 0.10657357 | AH14: 0.012322694 | AI14: 0.017168773
A15: 11_OtherMine | B15: 0.049962906 | C15: 0.10721207 | D15: 0 | E15: 1.028273 | F15: 0 | G15: 0.15600397 | H15: 0 | I15: 0.017825308 | J15: 0.010799274 | K15: 0.13154296 | L15: 0.51081867 | M15: 0.61738018 | N15: 2.8325325 | O15: 0 | P15: 2.610692 | Q15: 0.1785133 | R15: 0.096933243 | S15: 0.36522364 | T15: 0.34765856 | U15: 0.035130169 | V15: 0.14936827 | W15: 0.28130157 | X15: 1.0459682 | Y15: 0.035910839 | Z15: 0.078587488 | AA15: 0.041115308 | AB15: 0.82894187 | AC15: 0.0079368159 | AD15: 0.013921956 | AE15: 0 | AF15: 0.016263967 | AG15: 0.04801123 | AH15: 0 | AI15: 0.032527934
A16: 12_FoodMan | B16: 0.062310488 | C16: 0.24518769 | D16: 0.10243548 | E16: 0.1166327 | F16: 0.033862417 | G16: 0.097165752 | H16: 0.026139823 | I16: 0.17338828 | J16: 0.035522308 | K16: 0.03570349 | L16: 0.11529861 | M16: 0.96216535 | N16: 0.88073809 | O16: 0.097091004 | P16: 0.84549853 | Q16: 0.2080388 | R16: 0.07055063 | S16: 0.078702212 | T16: 0.065397088 | U16: 0.066866859 | V16: 0.034190658 | W16: 0.055520617 | X16: 0.051521605 | Y16: 0.010106402 | Z16: 0.053036875 | AA16: 0.044964103 | AB16: 0.15212332 | AC16: 0.046016261 | AD16: 0.022560049 | AE16: 0.028537443 | AF16: 0.047516094 | AG16: 0.030179459 | AH16: 0.0061602008 | AI16: 0.009035557
... A56: 52_OtherSvc | B56: 0.054797608 | C56: 0.023270217 | D56: 0.04979326 | E56: 0.038033043 | F56: 0.036781956 | G56: 0 | H56: 0 | I56: 0.13111391 | J56: 0.065556955 | K56: 0 | L56: 0 | M56: 0.048041738 | N56: 0.6087789 | O56: 0.33504108 | P56: 0.63880499 | Q56: 0 | R56: 0.1223563 | S56: 0.079318912 | T56: 0 | U56: 0 | V56: 0 | W56: 0.11409913 | X56: 0.039784565 | Y56: 0.012010435 | Z56: 0 | AA56: 0.044288478 | AB56: 0.11134674 | AC56: 0.03828326 | AD56: 0.020517826 | AE56: 0 | AF56: 0 | AG56: 0.007756739 | AH56: 0 | AI56: 0

Sheet 10_dash_dL
A1: dL dari Dashboard
A2: Sumber: data/output/dL_matrix.npy — pembanding
A4: sektor | B4: 1100_ACEH | C4: 1200_SUMATERA UTARA | D4: 1300_SUMATERA BARAT | E4: 1400_RIAU | F4: 1500_JAMBI | G4: 1600_SUMATERA SELATAN | H4: 1700_BENGKULU | I4: 1800_LAMPUNG | J4: 1900_KEPULAUAN BANGKA BELITUNG | K4: 2100_KEPULAUAN RIAU | L4: 3100_DKI JAKARTA | M4: 3200_JAWA BARAT | N4: 3300_JAWA TENGAH | O4: 3400_DI YOGYAKARTA | P4: 3500_JAWA TIMUR | Q4: 3600_BANTEN | R4: 5100_BALI | S4: 5200_NUSA TENGGARA BARAT | T4: 5300_NUSA TENGGARA TIMUR | U4: 6100_KALIMANTAN BARAT | V4: 6200_KALIMANTAN TENGAH | W4: 6300_KALIMANTAN SELATAN | X4: 6400_KALIMANTAN TIMUR | Y4: 6500_KALIMANTAN UTARA | Z4: 7100_SULAWESI UTARA | AA4: 7200_SULAWESI TENGAH | AB4: 7300_SULAWESI SELATAN | AC4: 7400_SULAWESI TENGGARA | AD4: 7500_GORONTALO | AE4: 7600_SULAWESI BARAT | AF4: 8100_MALUKU | AG4: 8200_MALUKU UTARA | AH4: 9100_PAPUA BARAT | AI4: 9400_PAPUA
A5: 01_FoodCrops | B5: 298.01474 | C5: 1802.8683 | D5: 432.23808 | E5: 5.6778825 | F5: 19.175492 | G5: 344.26045 | H5: 13.080773 | I5: 1300.3994 | J5: 0.68226354 | K5: 0.18597706 | L5: 0.0028992547 | M5: 12918.156 | N5: 16851.289 | O5: 61.322509 | P5: 21639.988 | Q5: 633.67053 | R5: 40.734928 | S5: 463.23841 | T5: 1158.1752 | U5: 273.69633 | V5: 17.324783 | W5: 142.24182 | X5: 19.342197 | Y5: 3.6479654 | Z5: 17.376282 | AA5: 97.647446 | AB5: 1539.3694 | AC5: 48.513834 | AD5: 32.266885 | AE5: 21.12257 | AF5: 42.806556 | AG5: 4.7221522 | AH5: 16.307584 | AI5: 8.1108026
A6: 02_HortiCrops | B6: 45.716464 | C6: 1078.1057 | D6: 178.67609 | E6: 83.984737 | F6: 292.36856 | G6: 2689.1125 | H6: 42.463877 | I6: 485.65883 | J6: 7.992253 | K6: 0.70113895 | L6: 2.0891376e-06 | M6: 385.53456 | N6: 903.79236 | O6: 10.925432 | P6: 831.45866 | Q6: 12.708906 | R6: 35.756491 | S6: 11.591133 | T6: 272.0457 | U6: 442.95194 | V6: 35.439138 | W6: 128.44024 | X6: 7.0054915 | Y6: 0.035567631 | Z6: 66.056502 | AA6: 88.422568 | AB6: 236.17446 | AC6: 77.731713 | AD6: 1.2201875 | AE6: 1.4972094 | AF6: 16.144297 | AG6: 20.388157 | AH6: 0.19582311 | AI6: 1.058124
A7: 03_Estates | B7: 1400.1448 | C7: 7545.3998 | D7: 409.03785 | E7: 9292.7819 | F7: 1922.9336 | G7: 5446.5038 | H7: 1040.1409 | I7: 1960.5294 | J7: 108.21627 | K7: 0.45087316 | L7: 0.16290671 | M7: 284.96259 | N7: 3729.8161 | O7: 0.82369347 | P7: 21689.007 | Q7: 10.388576 | R7: 23.579215 | S7: 718.98084 | T7: 397.77875 | U7: 3599.3147 | V7: 754.58175 | W7: 80.534674 | X7: 308.44952 | Y7: 9.8608841 | Z7: 65.101493 | AA7: 523.86325 | AB7: 242.94158 | AC7: 59.878891 | AD7: 4.9867478 | AE7: 388.54732 | AF7: 23.055223 | AG7: 229.34763 | AH7: 0.43964821 | AI7: 0.53012686
A8: 04_Livestock | B8: 2.4258557 | C8: 66.986691 | D8: 8.8609661 | E8: 2.0305938 | F8: 0.25897726 | G8: 3.7207551 | H8: 0.41413528 | I8: 282.88297 | J8: 0.044904365 | K8: 0.027829356 | L8: 0.087029182 | M8: 855.63393 | N8: 4583.4247 | O8: 110.22671 | P8: 14741.854 | Q8: 9.509292 | R8: 117.04973 | S8: 303.42587 | T8: 171.40213 | U8: 1.6399806 | V8: 0.71731386 | W8: 3.1574669 | X8: 0.28186918 | Y8: 0.096763965 | Z8: 0.15876138 | AA8: 0.89711332 | AB8: 108.52874 | AC8: 1.4907396 | AD8: 0.24700018 | AE8: 4.3101429 | AF8: 0.099522683 | AG8: 0.0034199676 | AH8: 0.043031932 | AI8: 0.21610149
A9: 05_AgricService | B9: 48.623048 | C9: 207.82297 | D9: 24.391212 | E9: 29.165213 | F9: 4.0886425 | G9: 35.950723 | H9: 2.9666777 | I9: 93.272692 | J9: 0.86992654 | K9: 5.537151 | L9: 71.313694 | M9: 2215.7554 | N9: 1212.0866 | O9: 2.0969722 | P9: 1628.3078 | Q9: 172.25554 | R9: 11.680017 | S9: 26.870617 | T9: 3.626981 | U9: 13.881622 | V9: 5.6757889 | W9: 22.923471 | X9: 5.8794251 | Y9: 0.23731834 | Z9: 3.7088301 | AA9: 5.5531114 | AB9: 42.033541 | AC9: 2.0584367 | AD9: 1.0697168 | AE9: 0.58745253 | AF9: 0.74988009 | AG9: 0.51292232 | AH9: 0.067210706 | AI9: 0.34328099
A10: 06_Forestry | B10: 3.6170469 | C10: 25.275657 | D10: 6.7881067 | E10: 19.764844 | F10: 3.5301453 | G10: 10.885831 | H10: 0.20590801 | I10: 7.8970075 | J10: 0.32538124 | K10: 0.16195532 | L10: 0 | M10: 167.36027 | N10: 499.34643 | O10: 3.0456165 | P10: 501.09432 | Q10: 31.433198 | R10: 1.3822827 | S10: 4.8606434 | T10: 15.135812 | U10: 17.542109 | V10: 15.316688 | W10: 10.301105 | X10: 4.4402502 | Y10: 1.0376235 | Z10: 0.57593313 | AA10: 3.6221488 | AB10: 2.2230476 | AC10: 4.1747234 | AD10: 0.36544086 | AE10: 0.15645276 | AF10: 0.50363922 | AG10: 0.97991437 | AH10: 0.28375603 | AI10: 0.88704067
A11: 07_Fishery | B11: 47.652455 | C11: 181.12699 | D11: 11.558201 | E11: 27.144793 | F11: 4.3506199 | G11: 18.346987 | H11: 0.74966696 | I11: 58.956192 | J11: 7.9458683 | K11: 15.634326 | L11: 2.5640044 | M11: 132.50665 | N11: 434.386 | O11: 0.59245387 | P11: 674.95402 | Q11: 17.146793 | R11: 2.4752644 | S11: 41.795751 | T11: 57.317676 | U11: 18.204828 | V11: 11.951523 | W11: 17.130445 | X11: 19.059722 | Y11: 15.282146 | Z11: 16.945146 | AA11: 43.735107 | AB11: 384.46642 | AC11: 85.355595 | AD11: 4.08558 | AE11: 7.3409431 | AF11: 26.280117 | AG11: 5.979812 | AH11: 1.9771046 | AI11: 14.060449
A12: 08_Coal | B12: 0.73222372 | C12: 0.0046359777 | D12: 3.7513026 | E12: 2.705017 | F12: 18.625853 | G12: 322.53049 | H12: 4.0511099 | I12: 0.10459925 | J12: 0 | K12: 0.0008942205 | L12: 0.26407315 | M12: 3.0081577 | N12: 1.1628752 | O12: 0 | P12: 6.8523958 | Q12: 6.3791468 | R12: 0 | S12: 0 | T12: 0 | U12: 0.010150937 | V12: 91.938347 | W12: 997.23558 | X12: 3830.2786 | Y12: 17.357642 | Z12: 0.62833096 | AA12: 0.0048258276 | AB12: 0.30022125 | AC12: 0 | AD12: 0.0034676707 | AE12: 0.0040892862 | AF12: 0 | AG12: 0 | AH12: 0 | AI12: 0
A13: 09_OilGasGeo | B13: 15.078787 | C13: 18.756472 | D13: 1.0441473 | E13: 549.95695 | F13: 63.555274 | G13: 429.95983 | H13: 0.019299525 | I13: 10.718355 | J13: 0 | K13: 29.227756 | L13: 2.386678 | M13: 1752.5479 | N13: 54.483828 | O13: 0.55851309 | P13: 156.72402 | Q13: 32.290144 | R13: 0.037372693 | S13: 0.061364028 | T13: 0 | U13: 0.0094242417 | V13: 0.19747835 | W13: 0.15143852 | X13: 118.01759 | Y13: 2.4938725 | Z13: 0.33732566 | AA13: 12.02735 | AB13: 0.82449859 | AC13: 0.0054237015 | AD13: 0 | AE13: 0 | AF13: 0.22199706 | AG13: 0.027735538 | AH13: 0.5276791 | AI13: 0.039672024
A14: 10_IronOre | B14: 59.628414 | C14: 329.42516 | D14: 212.43394 | E14: 24.433824 | F14: 192.59527 | G14: 100.56384 | H14: 6.9584345 | I14: 470.43825 | J14: 926.60537 | K14: 2.4930939 | L14: 2.5390561 | M14: 1737.7765 | N14: 1772.3947 | O14: 9.5328762 | P14: 1918.1097 | Q14: 212.05702 | R14: 8.5786998 | S14: 358.26079 | T14: 26.501517 | U14: 401.39445 | V14: 898.57932 | W14: 43.825267 | X14: 20.489409 | Y14: 0.097675525 | Z14: 107.57813 | AA14: 59.824359 | AB14: 174.44575 | AC14: 115.81796 | AD14: 26.485537 | AE14: 2.8927526 | AF14: 20.83988 | AG14: 16.968644 | AH14: 0.2268608 | AI14: 0.44037903
A15: 11_OtherMine | B15: 0.19185756 | C15: 0.88342746 | D15: 0 | E15: 81.264419 | F15: 0 | G15: 1.8704876 | H15: 0 | I15: 0.024420672 | J15: 0.0089633975 | K15: 1.3298994 | L15: 20.054741 | M15: 29.29469 | N15: 616.64232 | O15: 0 | P15: 523.83534 | Q15: 2.4492025 | R15: 0.72215266 | S15: 10.251828 | T15: 9.2894366 | U15: 0.094851455 | V15: 1.7147478 | W15: 6.08174 | X15: 84.085387 | Y15: 0.099113916 | Z15: 0.47466843 | AA15: 0.12992437 | AB15: 52.811886 | AC15: 0.0048414577 | AD15: 0.014896493 | AE15: 0 | AF15: 0.020329959 | AG15: 0.17716144 | AH15: 0 | AI15: 0.081319835
A16: 12_FoodMan | B16: 47.787159 | C16: 739.92251 | D16: 129.1486 | E16: 167.42858 | F16: 14.113178 | G16: 116.20247 | H16: 8.4099653 | I16: 370.02273 | J16: 15.530708 | K16: 15.689542 | L16: 163.62026 | M16: 11394.318 | N16: 9547.3418 | O16: 116.02375 | P16: 8798.6212 | Q16: 532.69376 | R16: 61.261934 | S16: 76.236471 | T16: 52.63877 | U16: 55.031425 | V16: 14.388113 | W16: 37.940014 | X16: 32.671396 | Y16: 1.2571353 | Z16: 34.621411 | AA16: 24.884034 | AB16: 284.82658 | AC16: 26.06223 | AD16: 6.2642489 | AE16: 10.023491 | AF16: 27.788837 | AG16: 11.21016 | AH16: 0.46706642 | AI16: 1.0048443
... A56: 52_OtherSvc | B56: 0.12000676 | C56: 0.021641302 | D56: 0.099088588 | E56: 0.057810225 | F56: 0.054069475 | G56: 0 | H56: 0 | I56: 0.68703689 | J56: 0.17175922 | K56: 0 | L56: 0 | M56: 0.092240138 | N56: 14.811591 | O56: 4.4862001 | P56: 16.308691 | Q56: 0 | R56: 0.59832232 | S56: 0.25144095 | T56: 0 | U56: 0 | V56: 0 | W56: 0.52029203 | X56: 0.063257458 | Y56: 0.0057650086 | Z56: 0 | AA56: 0.078390605 | AB56: 0.49549298 | AC56: 0.058573388 | AD56: 0.016824617 | AE56: 0 | AF56: 0 | AG56: 0.0024045891 | AH56: 0 | AI56: 0

Sheet 11_selisih
A1: Perbandingan — Manual vs Dashboard
A2: Selisih per sel. Toleransi 1e-9. Hijau = cocok.
A4: RINGKASAN
A5: Selisih absolut maks — E | B5: =MAX(ABS(B13:AI64)) -> #VALUE!
A6: Selisih absolut maks — dL | B6: =MAX(ABS(B69:AI120)) -> #VALUE!
A7: Jumlah sel |selisih| > 1e-9 — E | B7: =COUNTIF(B13:AI64,">1E-09")+COUNTIF(B13:AI64,"<-1E-09") -> 0
A8: Jumlah sel |selisih| > 1e-9 — dL | B8: =COUNTIF(B69:AI120,">1E-09")+COUNTIF(B69:AI120,"<-1E-09") -> 0
A9: Total sel diperiksa | B9: 1768
A10: Total dL manual | B10: =SUM('08_dL_manual'!B5:AI56) -> 520433.03
A11: SELISIH E (manual − dashboard) | B11: =SUM('10_dash_dL'!B5:AI56) -> 520433.03
A12: sektor | B12: 1100_ACEH | C12: 1200_SUMATERA UTARA | D12: 1300_SUMATERA BARAT | E12: 1400_RIAU | F12: 1500_JAMBI | G12: 1600_SUMATERA SELATAN | H12: 1700_BENGKULU | I12: 1800_LAMPUNG | J12: 1900_KEPULAUAN BANGKA BELITUNG | K12: 2100_KEPULAUAN RIAU | L12: 3100_DKI JAKARTA | M12: 3200_JAWA BARAT | N12: 3300_JAWA TENGAH | O12: 3400_DI YOGYAKARTA | P12: 3500_JAWA TIMUR | Q12: 3600_BANTEN | R12: 5100_BALI | S12: 5200_NUSA TENGGARA BARAT | T12: 5300_NUSA TENGGARA TIMUR | U12: 6100_KALIMANTAN BARAT | V12: 6200_KALIMANTAN TENGAH | W12: 6300_KALIMANTAN SELATAN | X12: 6400_KALIMANTAN TIMUR | Y12: 6500_KALIMANTAN UTARA | Z12: 7100_SULAWESI UTARA | AA12: 7200_SULAWESI TENGAH | AB12: 7300_SULAWESI SELATAN | AC12: 7400_SULAWESI TENGGARA | AD12: 7500_GORONTALO | AE12: 7600_SULAWESI BARAT | AF12: 8100_MALUKU | AG12: 8200_MALUKU UTARA | AH12: 9100_PAPUA BARAT | AI12: 9400_PAPUA
A13: 01_FoodCrops | B13: ='07_E_manual'!B5-'09_dash_E'!B5 -> 0 | C13: ='07_E_manual'!C5-'09_dash_E'!C5 -> 0 | D13: ='07_E_manual'!D5-'09_dash_E'!D5 -> 0 | E13: ='07_E_manual'!E5-'09_dash_E'!E5 -> 0 | F13: ='07_E_manual'!F5-'09_dash_E'!F5 -> 0 | G13: ='07_E_manual'!G5-'09_dash_E'!G5 -> 0 | H13: ='07_E_manual'!H5-'09_dash_E'!H5 -> 0 | I13: ='07_E_manual'!I5-'09_dash_E'!I5 -> 0 | ... AI13: ='07_E_manual'!AI5-'09_dash_E'!AI5 -> 0
