Workbook

Sheet Dashboard_Risiko Sektoral
B1: Heat Map | C1: 33rd percentile | D1: =_xlfn.PERCENTILE.INC(D$6:D$29,1/3) -> 29.543333 | E1: =_xlfn.PERCENTILE.INC(E$6:E$29,1/3) -> 21.850774 | F1: =_xlfn.PERCENTILE.INC(F$6:F$29,1/3) -> 3.2541852 | G1: =_xlfn.PERCENTILE.INC(G$6:G$29,1/3) -> 11.459149 | R1: =(3-1)/3 + 1 -> 1.6666667 | S1: Membagi rata rentang 1-3 menjadi 3 kelompok
C2: 67th percentile | D2: =_xlfn.PERCENTILE.INC(D$6:D$29,2/3) -> 45.1 | E2: =_xlfn.PERCENTILE.INC(E$6:E$29,2/3) -> 40.101812 | F2: =_xlfn.PERCENTILE.INC(F$6:F$29,2/3) -> 5.1293747 | G2: =_xlfn.PERCENTILE.INC(G$6:G$29,2/3) -> 20.793743 | R2: =3 -((3-1)/3) -> 2.3333333
B4: Kode KBLI (2020) | C4: Sektor Industri Pengolahan | D4: Eksposur Ekspor | E4: Eksposur Impor | F4: Eksposur Energi | G4: Intensitas Tenaga Kerja | I4: Eksposur Ekspor | J4: Eksposur Impor | K4: Eksposur Energi | L4: Intensitas Tenaga Kerja | N4: Eksposur Ekspor | O4: Eksposur Impor | P4: Eksposur Energi | Q4: Intensitas Tenaga Kerja | R4: Rata-Rata Skor | S4: Risiko PHK | U4: Provinsi Utama (Top 5 Jumlah Perusahaan Terbanyak)
U5: 1 | V5: 2 | W5: 3 | X5: 4 | Y5: 5
B6: 10 | C6: Makanan | D6: 57.76 | E6: 8.022286 | F6: 1.7244097 | G6: 3.7494466 | I6: =IF(D6<=$D$1,"Rendah",IF(D6<=$D$2,"Sedang","Tinggi")) -> Tinggi | J6: =IF(E6<=$E$1,"Rendah",IF(E6<=$E$2,"Sedang","Tinggi")) -> Rendah | K6: =IF(F6<=$F$1,"Rendah",IF(F6<=$F$2,"Sedang","Tinggi")) -> Rendah | L6: =IF(G6<=$G$1,"Rendah",IF(G6<=$G$2,"Sedang","Tinggi")) -> Rendah | N6: =IF(I6="Tinggi",3,IF(I6="Sedang",2,IF(I6="Rendah",1,""))) -> 3 | O6: =IF(J6="Tinggi",3,IF(J6="Sedang",2,IF(J6="Rendah",1,""))) -> 1 | P6: =IF(K6="Tinggi",3,IF(K6="Sedang",2,IF(K6="Rendah",1,""))) -> 1 | Q6: =IF(L6="Tinggi",3,IF(L6="Sedang",2,IF(L6="Rendah",1,""))) -> 1 | R6: =AVERAGE(N6:Q6) -> 1.5 | S6: =IF(R6<$R$1,"Rendah",IF(R6<$R$2,"Sedang","Tinggi")) -> Rendah | U6: Jawa Timur | V6: Jawa Barat | W6: Jawa Tengah | X6: Sumatera Utara | Y6: Banten
B7: 11 | C7: Minuman | D7: 12.08 | E7: 14.659392 | F7: 9.6004284 | G7: 23.955096 | I7: =IF(D7<=$D$1,"Rendah",IF(D7<=$D$2,"Sedang","Tinggi")) -> Rendah | J7: =IF(E7<=$E$1,"Rendah",IF(E7<=$E$2,"Sedang","Tinggi")) -> Rendah | K7: =IF(F7<=$F$1,"Rendah",IF(F7<=$F$2,"Sedang","Tinggi")) -> Tinggi | L7: =IF(G7<=$G$1,"Rendah",IF(G7<=$G$2,"Sedang","Tinggi")) -> Tinggi | N7: =IF(I7="Tinggi",3,IF(I7="Sedang",2,IF(I7="Rendah",1,""))) -> 1 | O7: =IF(J7="Tinggi",3,IF(J7="Sedang",2,IF(J7="Rendah",1,""))) -> 1 | P7: =IF(K7="Tinggi",3,IF(K7="Sedang",2,IF(K7="Rendah",1,""))) -> 3 | Q7: =IF(L7="Tinggi",3,IF(L7="Sedang",2,IF(L7="Rendah",1,""))) -> 3 | R7: =AVERAGE(N7:Q7) -> 2 | S7: =IF(R7<$R$1,"Rendah",IF(R7<$R$2,"Sedang","Tinggi")) -> Sedang | U7: Jawa Barat | V7: Jawa Timur | W7: Jawa Tengah | X7: Bali | Y7: Banten
B8: 12 | C8: Pengolahan Tembakau | D8: 49.95 | E8: 6.8926004 | F8: 0.83883462 | G8: 11.533097 | I8: =IF(D8<=$D$1,"Rendah",IF(D8<=$D$2,"Sedang","Tinggi")) -> Tinggi | J8: =IF(E8<=$E$1,"Rendah",IF(E8<=$E$2,"Sedang","Tinggi")) -> Rendah | K8: =IF(F8<=$F$1,"Rendah",IF(F8<=$F$2,"Sedang","Tinggi")) -> Rendah | L8: =IF(G8<=$G$1,"Rendah",IF(G8<=$G$2,"Sedang","Tinggi")) -> Sedang | N8: =IF(I8="Tinggi",3,IF(I8="Sedang",2,IF(I8="Rendah",1,""))) -> 3 | O8: =IF(J8="Tinggi",3,IF(J8="Sedang",2,IF(J8="Rendah",1,""))) -> 1 | P8: =IF(K8="Tinggi",3,IF(K8="Sedang",2,IF(K8="Rendah",1,""))) -> 1 | Q8: =IF(L8="Tinggi",3,IF(L8="Sedang",2,IF(L8="Rendah",1,""))) -> 2 | R8: =AVERAGE(N8:Q8) -> 1.75 | S8: =IF(R8<$R$1,"Rendah",IF(R8<$R$2,"Sedang","Tinggi")) -> Sedang | U8: Jawa Timur | V8: Jawa Tengah | W8: Nusa Tenggara Barat | X8: Jawa Barat | Y8: Kepulauan Riau
B9: 13 | C9: Tekstil | D9: 40.83 | E9: 34.801635 | F9: 8.3422448 | G9: 13.701183 | I9: =IF(D9<=$D$1,"Rendah",IF(D9<=$D$2,"Sedang","Tinggi")) -> Sedang | J9: =IF(E9<=$E$1,"Rendah",IF(E9<=$E$2,"Sedang","Tinggi")) -> Sedang | K9: =IF(F9<=$F$1,"Rendah",IF(F9<=$F$2,"Sedang","Tinggi")) -> Tinggi | L9: =IF(G9<=$G$1,"Rendah",IF(G9<=$G$2,"Sedang","Tinggi")) -> Sedang | N9: =IF(I9="Tinggi",3,IF(I9="Sedang",2,IF(I9="Rendah",1,""))) -> 2 | O9: =IF(J9="Tinggi",3,IF(J9="Sedang",2,IF(J9="Rendah",1,""))) -> 2 | P9: =IF(K9="Tinggi",3,IF(K9="Sedang",2,IF(K9="Rendah",1,""))) -> 3 | Q9: =IF(L9="Tinggi",3,IF(L9="Sedang",2,IF(L9="Rendah",1,""))) -> 2 | R9: =AVERAGE(N9:Q9) -> 2.25 | S9: =IF(R9<$R$1,"Rendah",IF(R9<$R$2,"Sedang","Tinggi")) -> Sedang | U9: Jawa Barat | V9: Jawa Tengah | W9: Jawa Timur | X9: Banten | Y9: DKI Jakarta
B10: 14 | C10: Pakaian Jadi | D10: 62.03 | E10: 70.847882 | F10: 4.054556 | G10: 30.579504 | I10: =IF(D10<=$D$1,"Rendah",IF(D10<=$D$2,"Sedang","Tinggi")) -> Tinggi | J10: =IF(E10<=$E$1,"Rendah",IF(E10<=$E$2,"Sedang","Tinggi")) -> Tinggi | K10: =IF(F10<=$F$1,"Rendah",IF(F10<=$F$2,"Sedang","Tinggi")) -> Sedang | L10: =IF(G10<=$G$1,"Rendah",IF(G10<=$G$2,"Sedang","Tinggi")) -> Tinggi | N10: =IF(I10="Tinggi",3,IF(I10="Sedang",2,IF(I10="Rendah",1,""))) -> 3 | O10: =IF(J10="Tinggi",3,IF(J10="Sedang",2,IF(J10="Rendah",1,""))) -> 3 | P10: =IF(K10="Tinggi",3,IF(K10="Sedang",2,IF(K10="Rendah",1,""))) -> 2 | Q10: =IF(L10="Tinggi",3,IF(L10="Sedang",2,IF(L10="Rendah",1,""))) -> 3 | R10: =AVERAGE(N10:Q10) -> 2.75 | S10: =IF(R10<$R$1,"Rendah",IF(R10<$R$2,"Sedang","Tinggi")) -> Tinggi | U10: Jawa Barat | V10: Jawa Tengah | W10: Jawa Timur | X10: DKI Jakarta | Y10: Banten
B11: 15 | C11: Kulit, Barang dari Kulit dan Alas Kaki | D11: 43.65 | E11: 34.884554 | F11: 2.2432006 | G11: 34.188985 | I11: =IF(D11<=$D$1,"Rendah",IF(D11<=$D$2,"Sedang","Tinggi")) -> Sedang | J11: =IF(E11<=$E$1,"Rendah",IF(E11<=$E$2,"Sedang","Tinggi")) -> Sedang | K11: =IF(F11<=$F$1,"Rendah",IF(F11<=$F$2,"Sedang","Tinggi")) -> Rendah | L11: =IF(G11<=$G$1,"Rendah",IF(G11<=$G$2,"Sedang","Tinggi")) -> Tinggi | N11: =IF(I11="Tinggi",3,IF(I11="Sedang",2,IF(I11="Rendah",1,""))) -> 2 | O11: =IF(J11="Tinggi",3,IF(J11="Sedang",2,IF(J11="Rendah",1,""))) -> 2 | P11: =IF(K11="Tinggi",3,IF(K11="Sedang",2,IF(K11="Rendah",1,""))) -> 1 | Q11: =IF(L11="Tinggi",3,IF(L11="Sedang",2,IF(L11="Rendah",1,""))) -> 3 | R11: =AVERAGE(N11:Q11) -> 2 | S11: =IF(R11<$R$1,"Rendah",IF(R11<$R$2,"Sedang","Tinggi")) -> Sedang | U11: Jawa Timur | V11: Jawa Barat | W11: Banten | X11: Jawa Tengah | Y11: DI Yogyakarta
B12: 16 | C12: Kayu, Barang dari Kayu dan Gabus (Tidak Termasuk Furnitur) dan Barang Anyaman dari Bambu, Rotan dan Sejenisnya | D12: 69.82 | E12: 6.4480895 | F12: 7.1492164 | G12: 26.010911 | I12: =IF(D12<=$D$1,"Rendah",IF(D12<=$D$2,"Sedang","Tinggi")) -> Tinggi | J12: =IF(E12<=$E$1,"Rendah",IF(E12<=$E$2,"Sedang","Tinggi")) -> Rendah | K12: =IF(F12<=$F$1,"Rendah",IF(F12<=$F$2,"Sedang","Tinggi")) -> Tinggi | L12: =IF(G12<=$G$1,"Rendah",IF(G12<=$G$2,"Sedang","Tinggi")) -> Tinggi | N12: =IF(I12="Tinggi",3,IF(I12="Sedang",2,IF(I12="Rendah",1,""))) -> 3 | O12: =IF(J12="Tinggi",3,IF(J12="Sedang",2,IF(J12="Rendah",1,""))) -> 1 | P12: =IF(K12="Tinggi",3,IF(K12="Sedang",2,IF(K12="Rendah",1,""))) -> 3 | Q12: =IF(L12="Tinggi",3,IF(L12="Sedang",2,IF(L12="Rendah",1,""))) -> 3 | R12: =AVERAGE(N12:Q12) -> 2.5 | S12: =IF(R12<$R$1,"Rendah",IF(R12<$R$2,"Sedang","Tinggi")) -> Tinggi | U12: Jawa Timur | V12: Jawa Tengah | W12: Jawa Barat | X12: Banten | Y12: Sumatera Utara
B13: 17 | C13: Kertas dan Barang dari Kertas | D13: 26.22 | E13: 11.21393 | F13: 6.9845549 | G13: 9.4763915 | I13: =IF(D13<=$D$1,"Rendah",IF(D13<=$D$2,"Sedang","Tinggi")) -> Rendah | J13: =IF(E13<=$E$1,"Rendah",IF(E13<=$E$2,"Sedang","Tinggi")) -> Rendah | K13: =IF(F13<=$F$1,"Rendah",IF(F13<=$F$2,"Sedang","Tinggi")) -> Tinggi | L13: =IF(G13<=$G$1,"Rendah",IF(G13<=$G$2,"Sedang","Tinggi")) -> Rendah | N13: =IF(I13="Tinggi",3,IF(I13="Sedang",2,IF(I13="Rendah",1,""))) -> 1 | O13: =IF(J13="Tinggi",3,IF(J13="Sedang",2,IF(J13="Rendah",1,""))) -> 1 | P13: =IF(K13="Tinggi",3,IF(K13="Sedang",2,IF(K13="Rendah",1,""))) -> 3 | Q13: =IF(L13="Tinggi",3,IF(L13="Sedang",2,IF(L13="Rendah",1,""))) -> 1 | R13: =AVERAGE(N13:Q13) -> 1.5 | S13: =IF(R13<$R$1,"Rendah",IF(R13<$R$2,"Sedang","Tinggi")) -> Rendah | U13: Jawa Barat | V13: Jawa Timur | W13: Banten | X13: Jawa Tengah | Y13: DKI Jakarta
B14: 18 | C14: Pencetakan dan Reproduksi Media Rekaman | D14: 22.25 | E14: 10.305336 | F14: 3.0821703 | G14: 27.359873 | I14: =IF(D14<=$D$1,"Rendah",IF(D14<=$D$2,"Sedang","Tinggi")) -> Rendah | J14: =IF(E14<=$E$1,"Rendah",IF(E14<=$E$2,"Sedang","Tinggi")) -> Rendah | K14: =IF(F14<=$F$1,"Rendah",IF(F14<=$F$2,"Sedang","Tinggi")) -> Rendah | L14: =IF(G14<=$G$1,"Rendah",IF(G14<=$G$2,"Sedang","Tinggi")) -> Tinggi | N14: =IF(I14="Tinggi",3,IF(I14="Sedang",2,IF(I14="Rendah",1,""))) -> 1 | O14: =IF(J14="Tinggi",3,IF(J14="Sedang",2,IF(J14="Rendah",1,""))) -> 1 | P14: =IF(K14="Tinggi",3,IF(K14="Sedang",2,IF(K14="Rendah",1,""))) -> 1 | Q14: =IF(L14="Tinggi",3,IF(L14="Sedang",2,IF(L14="Rendah",1,""))) -> 3 | R14: =AVERAGE(N14:Q14) -> 1.5 | S14: =IF(R14<$R$1,"Rendah",IF(R14<$R$2,"Sedang","Tinggi")) -> Rendah | U14: DKI Jakarta | V14: Jawa Barat | W14: Jawa Timur | X14: Jawa Tengah | Y14: Banten
B15: 19 | C15: Produk dari Batu Bara dan Pengilangan Minyak Bumi | D15: 38.05 | E15: 39.809315 | F15: 1.4287098 | G15: 1.7170783 | I15: =IF(D15<=$D$1,"Rendah",IF(D15<=$D$2,"Sedang","Tinggi")) -> Sedang | J15: =IF(E15<=$E$1,"Rendah",IF(E15<=$E$2,"Sedang","Tinggi")) -> Sedang | K15: =IF(F15<=$F$1,"Rendah",IF(F15<=$F$2,"Sedang","Tinggi")) -> Rendah | L15: =IF(G15<=$G$1,"Rendah",IF(G15<=$G$2,"Sedang","Tinggi")) -> Rendah | N15: =IF(I15="Tinggi",3,IF(I15="Sedang",2,IF(I15="Rendah",1,""))) -> 2 | O15: =IF(J15="Tinggi",3,IF(J15="Sedang",2,IF(J15="Rendah",1,""))) -> 2 | P15: =IF(K15="Tinggi",3,IF(K15="Sedang",2,IF(K15="Rendah",1,""))) -> 1 | Q15: =IF(L15="Tinggi",3,IF(L15="Sedang",2,IF(L15="Rendah",1,""))) -> 1 | R15: =AVERAGE(N15:Q15) -> 1.5 | S15: =IF(R15<$R$1,"Rendah",IF(R15<$R$2,"Sedang","Tinggi")) -> Rendah | U15: Jawa Barat | V15: Jawa Timur | W15: Banten | X15: Jawa Tengah | Y15: DKI Jakarta
B16: 20 | C16: Bahan Kimia dan Barang dari Bahan Kimia | D16: 32.9 | E16: 28.450133 | F16: 3.9040525 | G16: 5.162486 | I16: =IF(D16<=$D$1,"Rendah",IF(D16<=$D$2,"Sedang","Tinggi")) -> Sedang | J16: =IF(E16<=$E$1,"Rendah",IF(E16<=$E$2,"Sedang","Tinggi")) -> Sedang | K16: =IF(F16<=$F$1,"Rendah",IF(F16<=$F$2,"Sedang","Tinggi")) -> Sedang | L16: =IF(G16<=$G$1,"Rendah",IF(G16<=$G$2,"Sedang","Tinggi")) -> Rendah | N16: =IF(I16="Tinggi",3,IF(I16="Sedang",2,IF(I16="Rendah",1,""))) -> 2 | O16: =IF(J16="Tinggi",3,IF(J16="Sedang",2,IF(J16="Rendah",1,""))) -> 2 | P16: =IF(K16="Tinggi",3,IF(K16="Sedang",2,IF(K16="Rendah",1,""))) -> 2 | Q16: =IF(L16="Tinggi",3,IF(L16="Sedang",2,IF(L16="Rendah",1,""))) -> 1 | R16: =AVERAGE(N16:Q16) -> 1.75 | S16: =IF(R16<$R$1,"Rendah",IF(R16<$R$2,"Sedang","Tinggi")) -> Sedang | U16: Jawa Barat | V16: Banten | W16: Jawa Timur | X16: Jawa Tengah | Y16: DKI Jakarta
B17: 21 | C17: Farmasi, Produk Obat Kimia dan Obat Tradisional | D17: 18.1 | E17: 51.70402 | F17: 2.5846722 | G17: 14.629665 | I17: =IF(D17<=$D$1,"Rendah",IF(D17<=$D$2,"Sedang","Tinggi")) -> Rendah | J17: =IF(E17<=$E$1,"Rendah",IF(E17<=$E$2,"Sedang","Tinggi")) -> Tinggi | K17: =IF(F17<=$F$1,"Rendah",IF(F17<=$F$2,"Sedang","Tinggi")) -> Rendah | L17: =IF(G17<=$G$1,"Rendah",IF(G17<=$G$2,"Sedang","Tinggi")) -> Sedang | N17: =IF(I17="Tinggi",3,IF(I17="Sedang",2,IF(I17="Rendah",1,""))) -> 1 | O17: =IF(J17="Tinggi",3,IF(J17="Sedang",2,IF(J17="Rendah",1,""))) -> 3 | P17: =IF(K17="Tinggi",3,IF(K17="Sedang",2,IF(K17="Rendah",1,""))) -> 1 | Q17: =IF(L17="Tinggi",3,IF(L17="Sedang",2,IF(L17="Rendah",1,""))) -> 2 | R17: =AVERAGE(N17:Q17) -> 1.75 | S17: =IF(R17<$R$1,"Rendah",IF(R17<$R$2,"Sedang","Tinggi")) -> Sedang | U17: Jawa Barat | V17: Jawa Timur | W17: Jawa Tengah | X17: Banten | Y17: DKI Jakarta
... B29: 33 | C29: Reparasi dan Pemasangan Mesin dan Peralatan | D29: 3.33 | E29: 36.606967 | F29: 18.278673 | G29: 47.627115 | I29: =IF(D29<=$D$1,"Rendah",IF(D29<=$D$2,"Sedang","Tinggi")) -> Rendah | J29: =IF(E29<=$E$1,"Rendah",IF(E29<=$E$2,"Sedang","Tinggi")) -> Sedang | K29: =IF(F29<=$F$1,"Rendah",IF(F29<=$F$2,"Sedang","Tinggi")) -> Tinggi | L29: =IF(G29<=$G$1,"Rendah",IF(G29<=$G$2,"Sedang","Tinggi")) -> Tinggi | N29: =IF(I29="Tinggi",3,IF(I29="Sedang",2,IF(I29="Rendah",1,""))) -> 1 | O29: =IF(J29="Tinggi",3,IF(J29="Sedang",2,IF(J29="Rendah",1,""))) -> 2 | P29: =IF(K29="Tinggi",3,IF(K29="Sedang",2,IF(K29="Rendah",1,""))) -> 3 | Q29: =IF(L29="Tinggi",3,IF(L29="Sedang",2,IF(L29="Rendah",1,""))) -> 3 | R29: =AVERAGE(N29:Q29) -> 2.25 | S29: =IF(R29<$R$1,"Rendah",IF(R29<$R$2,"Sedang","Tinggi")) -> Sedang | U29: Jawa Barat | V29: Kepulauan Riau | W29: Jawa Timur | X29: Banten | Y29: Kalimantan Timur

Sheet Dashboard_Eksposur Kurs
Y1: IBS 2022. dummy | AH1: IBS 2022. dummy
Y2: KBLI | Z2: Eksposur Impor | AA2: Eksposur Ekspor | AD2: Impor (X) | AE2: Ekspor (Y) | AH2: Provinsi | AI2: Eksposur Impor | AJ2: Eksposur Ekspor | AM2: Impor (X) | AN2: Ekspor (Y)
X3: 10 | Y3: Makanan | Z3: 2.8762541 | AA3: 7.304348 | AB3: =IF(AND(Z3>=$AD$3,AA3>=$AE$3),"K1",IF(AND(Z3<$AD$3,AA3>=$AE$3),"K2",IF(AND(Z3<$AD$3,AA3<$AE$3),"K3","K4"))) -> K3 | AD3: =AVERAGE(Z3:Z26) -> 8.9126524 | AE3: =AVERAGE(AA3:AA26) -> 11.345507 | AG3: 11 | AH3: Aceh | AI3: 1.1494253 | AJ3: 4.5977011 | AK3: =IF(AND(AI3>=$AM$3,AJ3>=$AN$3),"K1",IF(AND(AI3<$AM$3,AJ3>=$AN$3),"K2",IF(AND(AI3<$AM$3,AJ3<$AN$3),"K3","K4"))) -> K3 | AM3: =AVERAGE(AI3:AI36) -> 4.2970575 | AN3: =AVERAGE(AJ3:AJ36) -> 11.943857
X4: 11 | Y4: Minuman | Z4: 3.0997305 | AA4: 3.3692722 | AB4: =IF(AND(Z4>=$AD$3,AA4>=$AE$3),"K1",IF(AND(Z4<$AD$3,AA4>=$AE$3),"K2",IF(AND(Z4<$AD$3,AA4<$AE$3),"K3","K4"))) -> K3 | AG4: 12 | AH4: Sumatera Utara | AI4: 8.7816458 | AJ4: 11.70886 | AK4: =IF(AND(AI4>=$AM$3,AJ4>=$AN$3),"K1",IF(AND(AI4<$AM$3,AJ4>=$AN$3),"K2",IF(AND(AI4<$AM$3,AJ4<$AN$3),"K3","K4"))) -> K4
X5: 12 | Y5: Pengolahan Tembakau | Z5: 3.4013608 | AA5: 6.666667 | AB5: =IF(AND(Z5>=$AD$3,AA5>=$AE$3),"K1",IF(AND(Z5<$AD$3,AA5>=$AE$3),"K2",IF(AND(Z5<$AD$3,AA5<$AE$3),"K3","K4"))) -> K3 | AD5: Garis Vertikal | AG5: 13 | AH5: Sumatera Barat | AI5: 3.0612245 | AJ5: 9.1836739 | AK5: =IF(AND(AI5>=$AM$3,AJ5>=$AN$3),"K1",IF(AND(AI5<$AM$3,AJ5>=$AN$3),"K2",IF(AND(AI5<$AM$3,AJ5<$AN$3),"K3","K4"))) -> K3 | AM5: Garis Vertikal
X6: 13 | Y6: Tekstil | Z6: 8.0907745 | AA6: 9.02812 | AB6: =IF(AND(Z6>=$AD$3,AA6>=$AE$3),"K1",IF(AND(Z6<$AD$3,AA6>=$AE$3),"K2",IF(AND(Z6<$AD$3,AA6<$AE$3),"K3","K4"))) -> K3 | AD6: =$AD$3 -> 8.9126524 | AE6: 0 | AG6: 14 | AH6: Riau | AI6: 0.51813471 | AJ6: 5.1813474 | AK6: =IF(AND(AI6>=$AM$3,AJ6>=$AN$3),"K1",IF(AND(AI6<$AM$3,AJ6>=$AN$3),"K2",IF(AND(AI6<$AM$3,AJ6<$AN$3),"K3","K4"))) -> K3 | AM6: =$AM$3 -> 4.2970575 | AN6: 0
X7: 14 | Y7: Pakaian Jadi | Z7: 8.513854 | AA7: 14.105794 | AB7: =IF(AND(Z7>=$AD$3,AA7>=$AE$3),"K1",IF(AND(Z7<$AD$3,AA7>=$AE$3),"K2",IF(AND(Z7<$AD$3,AA7<$AE$3),"K3","K4"))) -> K2 | AD7: =$AD$3 -> 8.9126524 | AE7: =MAX(AA3:AA26)*1.1 -> 39.285715 | AG7: 17 | AH7: Jambi | AI7: 1.0362694 | AJ7: 10.362695 | AK7: =IF(AND(AI7>=$AM$3,AJ7>=$AN$3),"K1",IF(AND(AI7<$AM$3,AJ7>=$AN$3),"K2",IF(AND(AI7<$AM$3,AJ7<$AN$3),"K3","K4"))) -> K3 | AM7: =$AM$3 -> 4.2970575 | AN7: =MAX(AJ3:AJ36)*1.1 -> 35.159818
X8: 15 | Y8: Kulit, Barang dari Kulit dan Alas Kaki | Z8: 11.973684 | AA8: 15.000001 | AB8: =IF(AND(Z8>=$AD$3,AA8>=$AE$3),"K1",IF(AND(Z8<$AD$3,AA8>=$AE$3),"K2",IF(AND(Z8<$AD$3,AA8<$AE$3),"K3","K4"))) -> K1 | AG8: 16 | AH8: Sumatera Selatan | AI8: 4.5016074 | AJ8: 8.0385847 | AK8: =IF(AND(AI8>=$AM$3,AJ8>=$AN$3),"K1",IF(AND(AI8<$AM$3,AJ8>=$AN$3),"K2",IF(AND(AI8<$AM$3,AJ8<$AN$3),"K3","K4"))) -> K4
X9: 16 | Y9: Kayu, Barang dari Kayu dan Gabus (Tidak Termasuk Furnitur) dan Barang Anyaman dari Bambu, Rotan dan Sejenisnya | Z9: 3.7390611 | AA9: 35.640411 | AB9: =IF(AND(Z9>=$AD$3,AA9>=$AE$3),"K1",IF(AND(Z9<$AD$3,AA9>=$AE$3),"K2",IF(AND(Z9<$AD$3,AA9<$AE$3),"K3","K4"))) -> K2 | AD9: Garis Horizontal | AG9: 17 | AH9: Bengkulu | AI9: 0 | AJ9: 8.1081076 | AK9: =IF(AND(AI9>=$AM$3,AJ9>=$AN$3),"K1",IF(AND(AI9<$AM$3,AJ9>=$AN$3),"K2",IF(AND(AI9<$AM$3,AJ9<$AN$3),"K3","K4"))) -> K3 | AM9: Garis Horizontal
X10: 17 | Y10: Kertas dan Barang dari Kertas | Z10: 9.7271652 | AA10: 7.4733095 | AB10: =IF(AND(Z10>=$AD$3,AA10>=$AE$3),"K1",IF(AND(Z10<$AD$3,AA10>=$AE$3),"K2",IF(AND(Z10<$AD$3,AA10<$AE$3),"K3","K4"))) -> K4 | AD10: 0 | AE10: =$AE$3 -> 11.345507 | AG10: 18 | AH10: Lampung | AI10: 2.4038463 | AJ10: 7.9326921 | AK10: =IF(AND(AI10>=$AM$3,AJ10>=$AN$3),"K1",IF(AND(AI10<$AM$3,AJ10>=$AN$3),"K2",IF(AND(AI10<$AM$3,AJ10<$AN$3),"K3","K4"))) -> K3 | AM10: 0 | AN10: =$AN$3 -> 11.943857
X11: 18 | Y11: Pencetakan dan Reproduksi Media Rekaman | Z11: 2.8538811 | AA11: 1.7123288 | AB11: =IF(AND(Z11>=$AD$3,AA11>=$AE$3),"K1",IF(AND(Z11<$AD$3,AA11>=$AE$3),"K2",IF(AND(Z11<$AD$3,AA11<$AE$3),"K3","K4"))) -> K3 | AD11: =MAX(Z3:Z26)*1.1 -> 20 | AE11: =$AE$3 -> 11.345507 | AG11: 19 | AH11: Bangka Belitung | AI11: 3.6363635 | AJ11: 23.636364 | AK11: =IF(AND(AI11>=$AM$3,AJ11>=$AN$3),"K1",IF(AND(AI11<$AM$3,AJ11>=$AN$3),"K2",IF(AND(AI11<$AM$3,AJ11<$AN$3),"K3","K4"))) -> K2 | AM11: =MAX(AI3:AI36)*1.1 -> 38.675798 | AN11: =$AN$3 -> 11.943857
X12: 19 | Y12: Produk dari Batu Bara dan Pengilangan Minyak Bumi | Z12: 4.9382715 | AA12: 4.3209877 | AB12: =IF(AND(Z12>=$AD$3,AA12>=$AE$3),"K1",IF(AND(Z12<$AD$3,AA12>=$AE$3),"K2",IF(AND(Z12<$AD$3,AA12<$AE$3),"K3","K4"))) -> K3 | AG12: 21 | AH12: Kepulauan Riau | AI12: 35.159817 | AJ12: 31.96347 | AK12: =IF(AND(AI12>=$AM$3,AJ12>=$AN$3),"K1",IF(AND(AI12<$AM$3,AJ12>=$AN$3),"K2",IF(AND(AI12<$AM$3,AJ12<$AN$3),"K3","K4"))) -> K1
X13: 20 | Y13: Bahan Kimia dan Barang dari Bahan Kimia | Z13: 10.813542 | AA13: 12.632643 | AB13: =IF(AND(Z13>=$AD$3,AA13>=$AE$3),"K1",IF(AND(Z13<$AD$3,AA13>=$AE$3),"K2",IF(AND(Z13<$AD$3,AA13<$AE$3),"K3","K4"))) -> K1 | AG13: 31 | AH13: Dki Jakarta | AI13: 5.096333 | AJ13: 5.3449349 | AK13: =IF(AND(AI13>=$AM$3,AJ13>=$AN$3),"K1",IF(AND(AI13<$AM$3,AJ13>=$AN$3),"K2",IF(AND(AI13<$AM$3,AJ13<$AN$3),"K3","K4"))) -> K4
X14: 21 | Y14: Farmasi, Produk Obat Kimia dan Obat Tradisional | Z14: 16.546762 | AA14: 7.1942449 | AB14: =IF(AND(Z14>=$AD$3,AA14>=$AE$3),"K1",IF(AND(Z14<$AD$3,AA14>=$AE$3),"K2",IF(AND(Z14<$AD$3,AA14<$AE$3),"K3","K4"))) -> K4 | AG14: 32 | AH14: Jawa Barat | AI14: 7.1264634 | AJ14: 8.25109 | AK14: =IF(AND(AI14>=$AM$3,AJ14>=$AN$3),"K1",IF(AND(AI14<$AM$3,AJ14>=$AN$3),"K2",IF(AND(AI14<$AM$3,AJ14<$AN$3),"K3","K4"))) -> K4
X15: 22 | Y15: Karet, Barang dari Karet dan Plastik | Z15: 9.992733 | AA15: 9.992733 | AB15: =IF(AND(Z15>=$AD$3,AA15>=$AE$3),"K1",IF(AND(Z15<$AD$3,AA15>=$AE$3),"K2",IF(AND(Z15<$AD$3,AA15<$AE$3),"K3","K4"))) -> K4 | AG15: 33 | AH15: Jawa Tengah | AI15: 8.0108624 | AJ15: 19.370899 | AK15: =IF(AND(AI15>=$AM$3,AJ15>=$AN$3),"K1",IF(AND(AI15<$AM$3,AJ15>=$AN$3),"K2",IF(AND(AI15<$AM$3,AJ15<$AN$3),"K3","K4"))) -> K1
X16: 23 | Y16: Barang Galian Bukan Logam | Z16: 4.006772 | AA16: 4.571106 | AB16: =IF(AND(Z16>=$AD$3,AA16>=$AE$3),"K1",IF(AND(Z16<$AD$3,AA16>=$AE$3),"K2",IF(AND(Z16<$AD$3,AA16<$AE$3),"K3","K4"))) -> K3 | AG16: 34 | AH16: Di Yogyakarta | AI16: 6.8222618 | AJ16: 24.057451 | AK16: =IF(AND(AI16>=$AM$3,AJ16>=$AN$3),"K1",IF(AND(AI16<$AM$3,AJ16>=$AN$3),"K2",IF(AND(AI16<$AM$3,AJ16<$AN$3),"K3","K4"))) -> K1
X17: 24 | Y17: Logam Dasar | Z17: 14.681892 | AA17: 14.845024 | AB17: =IF(AND(Z17>=$AD$3,AA17>=$AE$3),"K1",IF(AND(Z17<$AD$3,AA17>=$AE$3),"K2",IF(AND(Z17<$AD$3,AA17<$AE$3),"K3","K4"))) -> K1 | AG17: 35 | AH17: Jawa Timur | AI17: 8.1613216 | AJ17: 11.495713 | AK17: =IF(AND(AI17>=$AM$3,AJ17>=$AN$3),"K1",IF(AND(AI17<$AM$3,AJ17>=$AN$3),"K2",IF(AND(AI17<$AM$3,AJ17<$AN$3),"K3","K4"))) -> K4
X18: 25 | Y18: Barang Logam, Bukan Mesin dan Peralatannya | Z18: 9.32304 | AA18: 5.6413302 | AB18: =IF(AND(Z18>=$AD$3,AA18>=$AE$3),"K1",IF(AND(Z18<$AD$3,AA18>=$AE$3),"K2",IF(AND(Z18<$AD$3,AA18<$AE$3),"K3","K4"))) -> K4 | AG18: 36 | AH18: Banten | AI18: 6.2205958 | AJ18: 5.0967069 | AK18: =IF(AND(AI18>=$AM$3,AJ18>=$AN$3),"K1",IF(AND(AI18<$AM$3,AJ18>=$AN$3),"K2",IF(AND(AI18<$AM$3,AJ18<$AN$3),"K3","K4"))) -> K4
X19: 26 | Y19: Komputer, Barang Elektronik dan Optik | Z19: 18.181818 | AA19: 22.038567 | AB19: =IF(AND(Z19>=$AD$3,AA19>=$AE$3),"K1",IF(AND(Z19<$AD$3,AA19>=$AE$3),"K2",IF(AND(Z19<$AD$3,AA19<$AE$3),"K3","K4"))) -> K1 | AG19: 51 | AH19: Bali | AI19: 10.823529 | AJ19: 31.529411 | AK19: =IF(AND(AI19>=$AM$3,AJ19>=$AN$3),"K1",IF(AND(AI19<$AM$3,AJ19>=$AN$3),"K2",IF(AND(AI19<$AM$3,AJ19<$AN$3),"K3","K4"))) -> K1
X20: 27 | Y20: Peralatan Listrik | Z20: 15.242881 | AA20: 9.7152424 | AB20: =IF(AND(Z20>=$AD$3,AA20>=$AE$3),"K1",IF(AND(Z20<$AD$3,AA20>=$AE$3),"K2",IF(AND(Z20<$AD$3,AA20<$AE$3),"K3","K4"))) -> K4 | AG20: 52 | AH20: Nusa Tenggara Barat | AI20: 0 | AJ20: 0.94339621 | AK20: =IF(AND(AI20>=$AM$3,AJ20>=$AN$3),"K1",IF(AND(AI20<$AM$3,AJ20>=$AN$3),"K2",IF(AND(AI20<$AM$3,AJ20<$AN$3),"K3","K4"))) -> K3
X21: 28 | Y21: Mesin dan Perlengkapan ytdl | Z21: 10.887573 | AA21: 8.1656809 | AB21: =IF(AND(Z21>=$AD$3,AA21>=$AE$3),"K1",IF(AND(Z21<$AD$3,AA21>=$AE$3),"K2",IF(AND(Z21<$AD$3,AA21<$AE$3),"K3","K4"))) -> K4 | AG21: 53 | AH21: Nusa Tenggara Timur | AI21: 1.3157895 | AJ21: 1.3157895 | AK21: =IF(AND(AI21>=$AM$3,AJ21>=$AN$3),"K1",IF(AND(AI21<$AM$3,AJ21>=$AN$3),"K2",IF(AND(AI21<$AM$3,AJ21<$AN$3),"K3","K4"))) -> K3
X22: 29 | Y22: Kendaraan Bermotor, Trailer dan Semi Trailer | Z22: 7.4358978 | AA22: 7.5641026 | AB22: =IF(AND(Z22>=$AD$3,AA22>=$AE$3),"K1",IF(AND(Z22<$AD$3,AA22>=$AE$3),"K2",IF(AND(Z22<$AD$3,AA22<$AE$3),"K3","K4"))) -> K3 | AG22: 61 | AH22: Kalimantan Barat | AI22: 6.060606 | AJ22: 9.090909 | AK22: =IF(AND(AI22>=$AM$3,AJ22>=$AN$3),"K1",IF(AND(AI22<$AM$3,AJ22>=$AN$3),"K2",IF(AND(AI22<$AM$3,AJ22<$AN$3),"K3","K4"))) -> K4
X23: 30 | Y23: Alat Angkutan Lainnya | Z23: 10.126582 | AA23: 6.1181436 | AB23: =IF(AND(Z23>=$AD$3,AA23>=$AE$3),"K1",IF(AND(Z23<$AD$3,AA23>=$AE$3),"K2",IF(AND(Z23<$AD$3,AA23<$AE$3),"K3","K4"))) -> K4 | AG23: 62 | AH23: Kalimantan Tengah | AI23: 0 | AJ23: 6.6265063 | AK23: =IF(AND(AI23>=$AM$3,AJ23>=$AN$3),"K1",IF(AND(AI23<$AM$3,AJ23>=$AN$3),"K2",IF(AND(AI23<$AM$3,AJ23<$AN$3),"K3","K4"))) -> K3
... X26: 33 | Y26: Reparasi dan Pemasangan Mesin dan Peralatan | Z26: 5.0898204 | AA26: 1.7964072 | AB26: =IF(AND(Z26>=$AD$3,AA26>=$AE$3),"K1",IF(AND(Z26<$AD$3,AA26>=$AE$3),"K2",IF(AND(Z26<$AD$3,AA26<$AE$3),"K3","K4"))) -> K3 | AG26: 65 | AH26: Kalimantan Utara | AI26: 0 | AJ26: 21.052631 | AK26: =IF(AND(AI26>=$AM$3,AJ26>=$AN$3),"K1",IF(AND(AI26<$AM$3,AJ26>=$AN$3),"K2",IF(AND(AI26<$AM$3,AJ26<$AN$3),"K3","K4"))) -> K2
AG27: 71 | AH27: Sulawesi Utara | AI27: 7.4074073 | AJ27: 21.296297 | AK27: =IF(AND(AI27>=$AM$3,AJ27>=$AN$3),"K1",IF(AND(AI27<$AM$3,AJ27>=$AN$3),"K2",IF(AND(AI27<$AM$3,AJ27<$AN$3),"K3","K4"))) -> K1
AG28: 72 | AH28: Sulawesi Tengah | AI28: 6.3829789 | AJ28: 18.085106 | AK28: =IF(AND(AI28>=$AM$3,AJ28>=$AN$3),"K1",IF(AND(AI28<$AM$3,AJ28>=$AN$3),"K2",IF(AND(AI28<$AM$3,AJ28<$AN$3),"K3","K4"))) -> K1
AG29: 73 | AH29: Sulawesi Selatan | AI29: 2.1459227 | AJ29: 8.5836906 | AK29: =IF(AND(AI29>=$AM$3,AJ29>=$AN$3),"K1",IF(AND(AI29<$AM$3,AJ29>=$AN$3),"K2",IF(AND(AI29<$AM$3,AJ29<$AN$3),"K3","K4"))) -> K3
AG30: 74 | AH30: Sulawesi Tenggara | AI30: 0.74626863 | AJ30: 5.2238808 | AK30: =IF(AND(AI30>=$AM$3,AJ30>=$AN$3),"K1",IF(AND(AI30<$AM$3,AJ30>=$AN$3),"K2",IF(AND(AI30<$AM$3,AJ30<$AN$3),"K3","K4"))) -> K3
AG31: 75 | AH31: Gorontalo | AI31: 3.4482758 | AJ31: 3.4482758 | AK31: =IF(AND(AI31>=$AM$3,AJ31>=$AN$3),"K1",IF(AND(AI31<$AM$3,AJ31>=$AN$3),"K2",IF(AND(AI31<$AM$3,AJ31<$AN$3),"K3","K4"))) -> K3
AG32: 76 | AH32: Sulawesi Barat | AI32: 0 | AJ32: 11.111112 | AK32: =IF(AND(AI32>=$AM$3,AJ32>=$AN$3),"K1",IF(AND(AI32<$AM$3,AJ32>=$AN$3),"K2",IF(AND(AI32<$AM$3,AJ32<$AN$3),"K3","K4"))) -> K3
AG33: 81 | AH33: Maluku | AI33: 0 | AJ33: 21.052631 | AK33: =IF(AND(AI33>=$AM$3,AJ33>=$AN$3),"K1",IF(AND(AI33<$AM$3,AJ33>=$AN$3),"K2",IF(AND(AI33<$AM$3,AJ33<$AN$3),"K3","K4"))) -> K2
AG34: 82 | AH34: Maluku Utara | AI34: 0 | AJ34: 24.13793 | AK34: =IF(AND(AI34>=$AM$3,AJ34>=$AN$3),"K1",IF(AND(AI34<$AM$3,AJ34>=$AN$3),"K2",IF(AND(AI34<$AM$3,AJ34<$AN$3),"K3","K4"))) -> K2
AG35: 91 | AH35: Papua Barat | AI35: 2.5 | AJ35: 12.5 | AK35: =IF(AND(AI35>=$AM$3,AJ35>=$AN$3),"K1",IF(AND(AI35<$AM$3,AJ35>=$AN$3),"K2",IF(AND(AI35<$AM$3,AJ35<$AN$3),"K3","K4"))) -> K2
AG36: 94 | AH36: Papua | AI36: 0 | AJ36: 0 | AK36: =IF(AND(AI36>=$AM$3,AJ36>=$AN$3),"K1",IF(AND(AI36<$AM$3,AJ36>=$AN$3),"K2",IF(AND(AI36<$AM$3,AJ36<$AN$3),"K3","K4"))) -> K3
Y40: IBS 2015, by value | AD40: Impor (X) | AE40: Ekspor (Y) | AH40: IBS 2015, by value | AM40: Impor (X) | AN40: Ekspor (Y)
Y41: KBLI | Z41: Eksposur Impor | AA41: Eksposur Ekspor | AH41: Provinsi | AI41: Eksposur Impor | AJ41: Eksposur Ekspor
X42: 10 | Y42: Makanan | Z42: 10.286595 | AA42: 57.763515 | AB42: =IF(AND(Z42>=$AD$42,AA42>=$AE$42),"K1",IF(AND(Z42<$AD$42,AA42>=$AE$42),"K2",IF(AND(Z42<$AD$42,AA42<$AE$42),"K3","K4"))) -> K2 | AD42: =AVERAGE(Z42:Z65) -> 27.317001 | AE42: =AVERAGE(AA42:AA65) -> 39.456602 | AG42: 11 | AH42: Aceh | AI42: 1.9298599 | AJ42: 52.56 | AK42: =IF(AND(AI42>=$AM$42,AJ42>=$AN$42),"K1",IF(AND(AI42<$AM$42,AJ42>=$AN$42),"K2",IF(AND(AI42<$AM$42,AJ42<$AN$42),"K3","K4"))) -> K3 | AM42: =AVERAGE(AI42:AI75) -> 8.3122503 | AN42: =AVERAGE(AJ42:AJ75) -> 67.936142
X43: 11 | Y43: Minuman | Z43: 18.341961 | AA43: 12.082777 | AB43: =IF(AND(Z43>=$AD$42,AA43>=$AE$42),"K1",IF(AND(Z43<$AD$42,AA43>=$AE$42),"K2",IF(AND(Z43<$AD$42,AA43<$AE$42),"K3","K4"))) -> K3 | AG43: 12 | AH43: Sumatera Utara | AI43: 6.7991339 | AJ43: 73.708539 | AK43: =IF(AND(AI43>=$AM$42,AJ43>=$AN$42),"K1",IF(AND(AI43<$AM$42,AJ43>=$AN$42),"K2",IF(AND(AI43<$AM$42,AJ43<$AN$42),"K3","K4"))) -> K2
X44: 12 | Y44: Pengolahan Tembakau | Z44: 5.2597781 | AA44: 49.946392 | AB44: =IF(AND(Z44>=$AD$42,AA44>=$AE$42),"K1",IF(AND(Z44<$AD$42,AA44>=$AE$42),"K2",IF(AND(Z44<$AD$42,AA44<$AE$42),"K3","K4"))) -> K2 | AD44: Garis Vertikal | AG44: 13 | AH44: Sumatera Barat | AI44: 0.73298033 | AJ44: 62.238103 | AK44: =IF(AND(AI44>=$AM$42,AJ44>=$AN$42),"K1",IF(AND(AI44<$AM$42,AJ44>=$AN$42),"K2",IF(AND(AI44<$AM$42,AJ44<$AN$42),"K3","K4"))) -> K3 | AM44: Garis Vertikal
X45: 13 | Y45: Tekstil | Z45: 26.924796 | AA45: 40.829237 | AB45: =IF(AND(Z45>=$AD$42,AA45>=$AE$42),"K1",IF(AND(Z45<$AD$42,AA45>=$AE$42),"K2",IF(AND(Z45<$AD$42,AA45<$AE$42),"K3","K4"))) -> K2 | AD45: =$AD$42 -> 27.317001 | AE45: 0 | AG45: 14 | AH45: Riau | AI45: 0.47011442 | AJ45: 63.8541 | AK45: =IF(AND(AI45>=$AM$42,AJ45>=$AN$42),"K1",IF(AND(AI45<$AM$42,AJ45>=$AN$42),"K2",IF(AND(AI45<$AM$42,AJ45<$AN$42),"K3","K4"))) -> K3 | AM45: =$AM$42 -> 8.3122503 | AN45: 0
X46: 14 | Y46: Pakaian Jadi | Z46: 40.379095 | AA46: 62.02848 | AB46: =IF(AND(Z46>=$AD$42,AA46>=$AE$42),"K1",IF(AND(Z46<$AD$42,AA46>=$AE$42),"K2",IF(AND(Z46<$AD$42,AA46<$AE$42),"K3","K4"))) -> K1 | AD46: =$AD$42 -> 27.317001 | AE46: =MAX(AA42:AA65)*1.1 -> 85.600601 | AG46: 17 | AH46: Jambi | AI46: 0.46810596 | AJ46: 71.364534 | AK46: =IF(AND(AI46>=$AM$42,AJ46>=$AN$42),"K1",IF(AND(AI46<$AM$42,AJ46>=$AN$42),"K2",IF(AND(AI46<$AM$42,AJ46<$AN$42),"K3","K4"))) -> K2 | AM46: =$AM$42 -> 8.3122503 | AN46: =MAX(AJ42:AJ75)*1.1 -> 110
X47: 15 | Y47: Kulit, Barang dari Kulit dan Alas Kaki | Z47: 27.327825 | AA47: 43.646983 | AB47: =IF(AND(Z47>=$AD$42,AA47>=$AE$42),"K1",IF(AND(Z47<$AD$42,AA47>=$AE$42),"K2",IF(AND(Z47<$AD$42,AA47<$AE$42),"K3","K4"))) -> K1 | AG47: 16 | AH47: Sumatera Selatan | AI47: 0.98438138 | AJ47: 82.283256 | AK47: =IF(AND(AI47>=$AM$42,AJ47>=$AN$42),"K1",IF(AND(AI47<$AM$42,AJ47>=$AN$42),"K2",IF(AND(AI47<$AM$42,AJ47<$AN$42),"K3","K4"))) -> K2
X48: 16 | Y48: Kayu, Barang dari Kayu dan Gabus (Tidak Termasuk Furnitur) dan Barang Anyaman dari Bambu, Rotan dan Sejenisnya | Z48: 6.8987478 | AA48: 69.815778 | AB48: =IF(AND(Z48>=$AD$42,AA48>=$AE$42),"K1",IF(AND(Z48<$AD$42,AA48>=$AE$42),"K2",IF(AND(Z48<$AD$42,AA48<$AE$42),"K3","K4"))) -> K2 | AD48: Garis Horizontal | AG48: 17 | AH48: Bengkulu | AI48: 0.0077126133 | AJ48: 86.892 | AK48: =IF(AND(AI48>=$AM$42,AJ48>=$AN$42),"K1",IF(AND(AI48<$AM$42,AJ48>=$AN$42),"K2",IF(AND(AI48<$AM$42,AJ48<$AN$42),"K3","K4"))) -> K2 | AM48: Garis Horizontal
X49: 17 | Y49: Kertas dan Barang dari Kertas | Z49: 14.748204 | AA49: 26.22246 | AB49: =IF(AND(Z49>=$AD$42,AA49>=$AE$42),"K1",IF(AND(Z49<$AD$42,AA49>=$AE$42),"K2",IF(AND(Z49<$AD$42,AA49<$AE$42),"K3","K4"))) -> K3 | AD49: 0 | AE49: =$AE$42 -> 39.456602 | AG49: 18 | AH49: Lampung | AI49: 13.29437 | AJ49: 66.907639 | AK49: =IF(AND(AI49>=$AM$42,AJ49>=$AN$42),"K1",IF(AND(AI49<$AM$42,AJ49>=$AN$42),"K2",IF(AND(AI49<$AM$42,AJ49<$AN$42),"K3","K4"))) -> K4 | AM49: 0 | AN49: =$AN$42 -> 67.936142
X50: 18 | Y50: Pencetakan dan Reproduksi Media Rekaman | Z50: 8.0606694 | AA50: 22.251556 | AB50: =IF(AND(Z50>=$AD$42,AA50>=$AE$42),"K1",IF(AND(Z50<$AD$42,AA50>=$AE$42),"K2",IF(AND(Z50<$AD$42,AA50<$AE$42),"K3","K4"))) -> K3 | AD50: =MAX(Z42:Z65)*1.1 -> 71.8559 | AE50: =$AE$42 -> 39.456602 | AG50: 19 | AH50: Bangka Belitung | AI50: 0.39376654 | AJ50: 88.029707 | AK50: =IF(AND(AI50>=$AM$42,AJ50>=$AN$42),"K1",IF(AND(AI50<$AM$42,AJ50>=$AN$42),"K2",IF(AND(AI50<$AM$42,AJ50<$AN$42),"K3","K4"))) -> K2 | AM50: =MAX(AI42:AI75)*1.1 -> 42.092049 | AN50: =$AN$42 -> 67.936142
X51: 19 | Y51: Produk dari Batu Bara dan Pengilangan Minyak Bumi | Z51: 11.986769 | AA51: 38.045789 | AB51: =IF(AND(Z51>=$AD$42,AA51>=$AE$42),"K1",IF(AND(Z51<$AD$42,AA51>=$AE$42),"K2",IF(AND(Z51<$AD$42,AA51<$AE$42),"K3","K4"))) -> K3 | AG51: 21 | AH51: Kepulauan Riau | AI51: 38.265499 | AJ51: 77.710719 | AK51: =IF(AND(AI51>=$AM$42,AJ51>=$AN$42),"K1",IF(AND(AI51<$AM$42,AJ51>=$AN$42),"K2",IF(AND(AI51<$AM$42,AJ51<$AN$42),"K3","K4"))) -> K1
X52: 20 | Y52: Bahan Kimia dan Barang dari Bahan Kimia | Z52: 36.000408 | AA52: 32.896715 | AB52: =IF(AND(Z52>=$AD$42,AA52>=$AE$42),"K1",IF(AND(Z52<$AD$42,AA52>=$AE$42),"K2",IF(AND(Z52<$AD$42,AA52<$AE$42),"K3","K4"))) -> K4 | AD52: Impor (X) | AE52: Ekspor (Y) | AG52: 31 | AH52: Dki Jakarta | AI52: 30.348546 | AJ52: 38.218827 | AK52: =IF(AND(AI52>=$AM$42,AJ52>=$AN$42),"K1",IF(AND(AI52<$AM$42,AJ52>=$AN$42),"K2",IF(AND(AI52<$AM$42,AJ52<$AN$42),"K3","K4"))) -> K4
X53: 21 | Y53: Farmasi, Produk Obat Kimia dan Obat Tradisional | Z53: 38.440681 | AA53: 18.100142 | AB53: =IF(AND(Z53>=$AD$42,AA53>=$AE$42),"K1",IF(AND(Z53<$AD$42,AA53>=$AE$42),"K2",IF(AND(Z53<$AD$42,AA53<$AE$42),"K3","K4"))) -> K4 | AG53: 32 | AH53: Jawa Barat | AI53: 38.159048 | AJ53: 36.321702 | AK53: =IF(AND(AI53>=$AM$42,AJ53>=$AN$42),"K1",IF(AND(AI53<$AM$42,AJ53>=$AN$42),"K2",IF(AND(AI53<$AM$42,AJ53<$AN$42),"K3","K4"))) -> K4
X54: 22 | Y54: Karet, Barang dari Karet dan Plastik | Z54: 16.748413 | AA54: 43.045849 | AB54: =IF(AND(Z54>=$AD$42,AA54>=$AE$42),"K1",IF(AND(Z54<$AD$42,AA54>=$AE$42),"K2",IF(AND(Z54<$AD$42,AA54<$AE$42),"K3","K4"))) -> K2 | AD54: =MEDIAN(Z42:Z65) -> 28.53246 | AE54: =MEDIAN(AA42:AA65) -> 35.471252 | AG54: 33 | AH54: Jawa Tengah | AI54: 20.383105 | AJ54: 74.558132 | AK54: =IF(AND(AI54>=$AM$42,AJ54>=$AN$42),"K1",IF(AND(AI54<$AM$42,AJ54>=$AN$42),"K2",IF(AND(AI54<$AM$42,AJ54<$AN$42),"K3","K4"))) -> K1 | AM54: Impor (X) | AN54: Ekspor (Y)
X55: 23 | Y55: Barang Galian Bukan Logam | Z55: 20.696203 | AA55: 29.722375 | AB55: =IF(AND(Z55>=$AD$42,AA55>=$AE$42),"K1",IF(AND(Z55<$AD$42,AA55>=$AE$42),"K2",IF(AND(Z55<$AD$42,AA55<$AE$42),"K3","K4"))) -> K3 | AG55: 34 | AH55: Di Yogyakarta | AI55: 31.068103 | AJ55: 77.384182 | AK55: =IF(AND(AI55>=$AM$42,AJ55>=$AN$42),"K1",IF(AND(AI55<$AM$42,AJ55>=$AN$42),"K2",IF(AND(AI55<$AM$42,AJ55<$AN$42),"K3","K4"))) -> K1
X56: 24 | Y56: Logam Dasar | Z56: 38.924375 | AA56: 47.999677 | AB56: =IF(AND(Z56>=$AD$42,AA56>=$AE$42),"K1",IF(AND(Z56<$AD$42,AA56>=$AE$42),"K2",IF(AND(Z56<$AD$42,AA56<$AE$42),"K3","K4"))) -> K1 | AD56: Garis Vertikal | AG56: 35 | AH56: Jawa Timur | AI56: 21.309498 | AJ56: 43.315822 | AK56: =IF(AND(AI56>=$AM$42,AJ56>=$AN$42),"K1",IF(AND(AI56<$AM$42,AJ56>=$AN$42),"K2",IF(AND(AI56<$AM$42,AJ56<$AN$42),"K3","K4"))) -> K4 | AM56: =MEDIAN(AI42:AI75) -> 1.4874325 | AN56: =MEDIAN(AJ42:AJ75) -> 71.839525
X57: 25 | Y57: Barang Logam, Bukan Mesin dan Peralatannya | Z57: 30.67352 | AA57: 28.538671 | AB57: =IF(AND(Z57>=$AD$42,AA57>=$AE$42),"K1",IF(AND(Z57<$AD$42,AA57>=$AE$42),"K2",IF(AND(Z57<$AD$42,AA57<$AE$42),"K3","K4"))) -> K4 | AD57: =$AD$54 -> 28.53246 | AE57: 0 | AG57: 36 | AH57: Banten | AI57: 29.487722 | AJ57: 36.117926 | AK57: =IF(AND(AI57>=$AM$42,AJ57>=$AN$42),"K1",IF(AND(AI57<$AM$42,AJ57>=$AN$42),"K2",IF(AND(AI57<$AM$42,AJ57<$AN$42),"K3","K4"))) -> K4
X58: 26 | Y58: Komputer, Barang Elektronik dan Optik | Z58: 65.323545 | AA58: 50.435337 | AB58: =IF(AND(Z58>=$AD$42,AA58>=$AE$42),"K1",IF(AND(Z58<$AD$42,AA58>=$AE$42),"K2",IF(AND(Z58<$AD$42,AA58<$AE$42),"K3","K4"))) -> K1 | AD58: =$AD$54 -> 28.53246 | AE58: =MAX(AA42:AA65)*1.1 -> 85.600601 | AG58: 51 | AH58: Bali | AI58: 16.101761 | AJ58: 75.207098 | AK58: =IF(AND(AI58>=$AM$42,AJ58>=$AN$42),"K1",IF(AND(AI58<$AM$42,AJ58>=$AN$42),"K2",IF(AND(AI58<$AM$42,AJ58<$AN$42),"K3","K4"))) -> K1 | AM58: Garis Vertikal
X59: 27 | Y59: Peralatan Listrik | Z59: 41.873258 | AA59: 29.191353 | AB59: =IF(AND(Z59>=$AD$42,AA59>=$AE$42),"K1",IF(AND(Z59<$AD$42,AA59>=$AE$42),"K2",IF(AND(Z59<$AD$42,AA59<$AE$42),"K3","K4"))) -> K4 | AG59: 52 | AH59: Nusa Tenggara Barat | AI59: 0.19869823 | AJ59: 68.246667 | AK59: =IF(AND(AI59>=$AM$42,AJ59>=$AN$42),"K1",IF(AND(AI59<$AM$42,AJ59>=$AN$42),"K2",IF(AND(AI59<$AM$42,AJ59<$AN$42),"K3","K4"))) -> K2 | AM59: =AM56 -> 1.4874325 | AN59: 0
X60: 28 | Y60: Mesin dan Perlengkapan ytdl | Z60: 35.180478 | AA60: 28.846573 | AB60: =IF(AND(Z60>=$AD$42,AA60>=$AE$42),"K1",IF(AND(Z60<$AD$42,AA60>=$AE$42),"K2",IF(AND(Z60<$AD$42,AA60<$AE$42),"K3","K4"))) -> K4 | AD60: Garis Horizontal | AG60: 53 | AH60: Nusa Tenggara Timur | AI60: 0.2804244 | AJ60: 56.023333 | AK60: =IF(AND(AI60>=$AM$42,AJ60>=$AN$42),"K1",IF(AND(AI60<$AM$42,AJ60>=$AN$42),"K2",IF(AND(AI60<$AM$42,AJ60<$AN$42),"K3","K4"))) -> K3 | AM60: =AM56 -> 1.4874325 | AN60: =MAX(AJ42:AJ75)*1.1 -> 110
X61: 29 | Y61: Kendaraan Bermotor, Trailer dan Semi Trailer | Z61: 33.579929 | AA61: 31.315642 | AB61: =IF(AND(Z61>=$AD$42,AA61>=$AE$42),"K1",IF(AND(Z61<$AD$42,AA61>=$AE$42),"K2",IF(AND(Z61<$AD$42,AA61<$AE$42),"K3","K4"))) -> K4 | AD61: 0 | AE61: =$AE$54 -> 35.471252 | AG61: 61 | AH61: Kalimantan Barat | AI61: 1.3424857 | AJ61: 72.314516 | AK61: =IF(AND(AI61>=$AM$42,AJ61>=$AN$42),"K1",IF(AND(AI61<$AM$42,AJ61>=$AN$42),"K2",IF(AND(AI61<$AM$42,AJ61<$AN$42),"K3","K4"))) -> K2
X62: 30 | Y62: Alat Angkutan Lainnya | Z62: 29.737096 | AA62: 32.113344 | AB62: =IF(AND(Z62>=$AD$42,AA62>=$AE$42),"K1",IF(AND(Z62<$AD$42,AA62>=$AE$42),"K2",IF(AND(Z62<$AD$42,AA62<$AE$42),"K3","K4"))) -> K4 | AD62: =MAX(Z42:Z65)*1.1 -> 71.8559 | AE62: =$AE$54 -> 35.471252 | AG62: 62 | AH62: Kalimantan Tengah | AI62: 0.046489773 | AJ62: 77.509251 | AK62: =IF(AND(AI62>=$AM$42,AJ62>=$AN$42),"K1",IF(AND(AI62<$AM$42,AJ62>=$AN$42),"K2",IF(AND(AI62<$AM$42,AJ62<$AN$42),"K3","K4"))) -> K2 | AM62: Garis Horizontal
X63: 31 | Y63: Furnitur | Z63: 7.3534437 | AA63: 77.818728 | AB63: =IF(AND(Z63>=$AD$42,AA63>=$AE$42),"K1",IF(AND(Z63<$AD$42,AA63>=$AE$42),"K2",IF(AND(Z63<$AD$42,AA63<$AE$42),"K3","K4"))) -> K2 | AG63: 63 | AH63: Kalimantan Selatan | AI63: 3.1259434 | AJ63: 68.413125 | AK63: =IF(AND(AI63>=$AM$42,AJ63>=$AN$42),"K1",IF(AND(AI63<$AM$42,AJ63>=$AN$42),"K2",IF(AND(AI63<$AM$42,AJ63<$AN$42),"K3","K4"))) -> K2 | AM63: 0 | AN63: =AN56 -> 71.839525
X64: 32 | Y64: Pengolahan Lainnya | Z64: 54.077973 | AA64: 70.967738 | AB64: =IF(AND(Z64>=$AD$42,AA64>=$AE$42),"K1",IF(AND(Z64<$AD$42,AA64>=$AE$42),"K2",IF(AND(Z64<$AD$42,AA64<$AE$42),"K3","K4"))) -> K1 | AG64: 64 | AH64: Kalimantan Timur | AI64: 1.3438614 | AJ64: 50.526145 | AK64: =IF(AND(AI64>=$AM$42,AJ64>=$AN$42),"K1",IF(AND(AI64<$AM$42,AJ64>=$AN$42),"K2",IF(AND(AI64<$AM$42,AJ64<$AN$42),"K3","K4"))) -> K3 | AM64: =MAX(AI42:AI75)*1.1 -> 42.092049 | AN64: =AN56 -> 71.839525
X65: 33 | Y65: Reparasi dan Pemasangan Mesin dan Peralatan | Z65: 36.784252 | AA65: 3.3333333 | AB65: =IF(AND(Z65>=$AD$42,AA65>=$AE$42),"K1",IF(AND(Z65<$AD$42,AA65>=$AE$42),"K2",IF(AND(Z65<$AD$42,AA65<$AE$42),"K3","K4"))) -> K4 | AG65: 65 | AH65: Kalimantan Utara | AI65: 2.4233883 | AJ65: 88.945173 | AK65: =IF(AND(AI65>=$AM$42,AJ65>=$AN$42),"K1",IF(AND(AI65<$AM$42,AJ65>=$AN$42),"K2",IF(AND(AI65<$AM$42,AJ65<$AN$42),"K3","K4"))) -> K2
AG66: 71 | AH66: Sulawesi Utara | AI66: 1.6310036 | AJ66: 61.759706 | AK66: =IF(AND(AI66>=$AM$42,AJ66>=$AN$42),"K1",IF(AND(AI66<$AM$42,AJ66>=$AN$42),"K2",IF(AND(AI66<$AM$42,AJ66<$AN$42),"K3","K4"))) -> K3
AG67: 72 | AH67: Sulawesi Tengah | AI67: 0.063964782 | AJ67: 73.008182 | AK67: =IF(AND(AI67>=$AM$42,AJ67>=$AN$42),"K1",IF(AND(AI67<$AM$42,AJ67>=$AN$42),"K2",IF(AND(AI67<$AM$42,AJ67<$AN$42),"K3","K4"))) -> K2
AG68: 73 | AH68: Sulawesi Selatan | AI68: 15.628928 | AJ68: 67.401505 | AK68: =IF(AND(AI68>=$AM$42,AJ68>=$AN$42),"K1",IF(AND(AI68<$AM$42,AJ68>=$AN$42),"K2",IF(AND(AI68<$AM$42,AJ68<$AN$42),"K3","K4"))) -> K4
AG69: 74 | AH69: Sulawesi Tenggara | AI69: 0.23156513 | AJ69: 96.578947 | AK69: =IF(AND(AI69>=$AM$42,AJ69>=$AN$42),"K1",IF(AND(AI69<$AM$42,AJ69>=$AN$42),"K2",IF(AND(AI69<$AM$42,AJ69<$AN$42),"K3","K4"))) -> K2
AG70: 75 | AH70: Gorontalo | AI70: 1.9962619 | AJ70: 100 | AK70: =IF(AND(AI70>=$AM$42,AJ70>=$AN$42),"K1",IF(AND(AI70<$AM$42,AJ70>=$AN$42),"K2",IF(AND(AI70<$AM$42,AJ70<$AN$42),"K3","K4"))) -> K2
AG71: 76 | AH71: Sulawesi Barat | AI71: 0.29562666 | AJ71: 80 | AK71: =IF(AND(AI71>=$AM$42,AJ71>=$AN$42),"K1",IF(AND(AI71<$AM$42,AJ71>=$AN$42),"K2",IF(AND(AI71<$AM$42,AJ71<$AN$42),"K3","K4"))) -> K2
AG72: 81 | AH72: Maluku | AI72: 0.078643069 | AJ72: 93.843571 | AK72: =IF(AND(AI72>=$AM$42,AJ72>=$AN$42),"K1",IF(AND(AI72<$AM$42,AJ72>=$AN$42),"K2",IF(AND(AI72<$AM$42,AJ72<$AN$42),"K3","K4"))) -> K2
AG73: 82 | AH73: Maluku Utara | AI73: 0 | AJ73: 0 | AK73: =IF(AND(AI73>=$AM$42,AJ73>=$AN$42),"K1",IF(AND(AI73<$AM$42,AJ73>=$AN$42),"K2",IF(AND(AI73<$AM$42,AJ73<$AN$42),"K3","K4"))) -> K3
AG74: 91 | AH74: Papua Barat | AI74: 3.7155316 | AJ74: 80.656 | AK74: =IF(AND(AI74>=$AM$42,AJ74>=$AN$42),"K1",IF(AND(AI74<$AM$42,AJ74>=$AN$42),"K2",IF(AND(AI74<$AM$42,AJ74<$AN$42),"K3","K4"))) -> K2
AG75: 94 | AH75: Papua | AI75: 0.0099857625 | AJ75: 67.930431 | AK75: =IF(AND(AI75>=$AM$42,AJ75>=$AN$42),"K1",IF(AND(AI75<$AM$42,AJ75>=$AN$42),"K2",IF(AND(AI75<$AM$42,AJ75<$AN$42),"K3","K4"))) -> K3

Sheet Summary
A2: IBS 2015, by value | F2: Impor (X) | G2: Ekspor (Y)
A3: KBLI | B3: Eksposur Impor | C3: Eksposur Ekspor
A4: Makanan | B4: 10.286595 | C4: 57.763515 | D4: =IF(AND(B4>=$F$4,C4>=$G$4),"K1",IF(AND(B4<$F$4,C4>=$G$4),"K2",IF(AND(B4<$F$4,C4<$G$4),"K3","K4"))) -> K2 | F4: =AVERAGE(B4:B27) -> 27.317001 | G4: =AVERAGE(C4:C27) -> 39.456602
A5: Minuman | B5: 18.341961 | C5: 12.082777 | D5: =IF(AND(B5>=$F$4,C5>=$G$4),"K1",IF(AND(B5<$F$4,C5>=$G$4),"K2",IF(AND(B5<$F$4,C5<$G$4),"K3","K4"))) -> K3
A6: Pengolahan Tembakau | B6: 5.2597781 | C6: 49.946392 | D6: =IF(AND(B6>=$F$4,C6>=$G$4),"K1",IF(AND(B6<$F$4,C6>=$G$4),"K2",IF(AND(B6<$F$4,C6<$G$4),"K3","K4"))) -> K2 | F6: Garis Vertikal
A7: Tekstil | B7: 26.924796 | C7: 40.829237 | D7: =IF(AND(B7>=$F$4,C7>=$G$4),"K1",IF(AND(B7<$F$4,C7>=$G$4),"K2",IF(AND(B7<$F$4,C7<$G$4),"K3","K4"))) -> K2 | F7: =$F$4 -> 27.317001 | G7: 0
A8: Pakaian Jadi | B8: 40.379095 | C8: 62.02848 | D8: =IF(AND(B8>=$F$4,C8>=$G$4),"K1",IF(AND(B8<$F$4,C8>=$G$4),"K2",IF(AND(B8<$F$4,C8<$G$4),"K3","K4"))) -> K1 | F8: =$F$4 -> 27.317001 | G8: =MAX(C4:C27)*1.1 -> 85.600601
A9: Kulit. Barang dari Kulit dan Alas Kaki | B9: 27.327825 | C9: 43.646983 | D9: =IF(AND(B9>=$F$4,C9>=$G$4),"K1",IF(AND(B9<$F$4,C9>=$G$4),"K2",IF(AND(B9<$F$4,C9<$G$4),"K3","K4"))) -> K1
A10: Kayu. Barang dari Kayu dan Gabus (Tidak Termasuk Furnitur) dan Barang Anyaman dari Bambu. Rotan dan Sejenisnya | B10: 6.8987478 | C10: 69.815778 | D10: =IF(AND(B10>=$F$4,C10>=$G$4),"K1",IF(AND(B10<$F$4,C10>=$G$4),"K2",IF(AND(B10<$F$4,C10<$G$4),"K3","K4"))) -> K2 | F10: Garis Horizontal
A11: Kertas dan Barang dari Kertas | B11: 14.748204 | C11: 26.22246 | D11: =IF(AND(B11>=$F$4,C11>=$G$4),"K1",IF(AND(B11<$F$4,C11>=$G$4),"K2",IF(AND(B11<$F$4,C11<$G$4),"K3","K4"))) -> K3 | F11: 0 | G11: =$G$4 -> 39.456602
A12: Pencetakan dan Reproduksi Media Rekaman | B12: 8.0606694 | C12: 22.251556 | D12: =IF(AND(B12>=$F$4,C12>=$G$4),"K1",IF(AND(B12<$F$4,C12>=$G$4),"K2",IF(AND(B12<$F$4,C12<$G$4),"K3","K4"))) -> K3 | F12: =MAX(B4:B27)*1.1 -> 71.8559 | G12: =$G$4 -> 39.456602
A13: Produk dari Batu Bara dan Pengilangan Minyak Bumi | B13: 11.986769 | C13: 38.045789 | D13: =IF(AND(B13>=$F$4,C13>=$G$4),"K1",IF(AND(B13<$F$4,C13>=$G$4),"K2",IF(AND(B13<$F$4,C13<$G$4),"K3","K4"))) -> K3
A14: Bahan Kimia dan Barang dari Bahan Kimia | B14: 36.000408 | C14: 32.896715 | D14: =IF(AND(B14>=$F$4,C14>=$G$4),"K1",IF(AND(B14<$F$4,C14>=$G$4),"K2",IF(AND(B14<$F$4,C14<$G$4),"K3","K4"))) -> K4 | F14: Impor (X) | G14: Ekspor (Y)
A15: Farmasi. Produk Obat Kimia dan Obat Tradisional | B15: 38.440681 | C15: 18.100142 | D15: =IF(AND(B15>=$F$4,C15>=$G$4),"K1",IF(AND(B15<$F$4,C15>=$G$4),"K2",IF(AND(B15<$F$4,C15<$G$4),"K3","K4"))) -> K4
A16: Karet. Barang dari Karet dan Plastik | B16: 16.748413 | C16: 43.045849 | D16: =IF(AND(B16>=$F$4,C16>=$G$4),"K1",IF(AND(B16<$F$4,C16>=$G$4),"K2",IF(AND(B16<$F$4,C16<$G$4),"K3","K4"))) -> K2 | F16: =MEDIAN(B4:B27) -> 28.53246 | G16: =MEDIAN(C4:C27) -> 35.471252
A17: Barang Galian Bukan Logam | B17: 20.696203 | C17: 29.722375 | D17: =IF(AND(B17>=$F$4,C17>=$G$4),"K1",IF(AND(B17<$F$4,C17>=$G$4),"K2",IF(AND(B17<$F$4,C17<$G$4),"K3","K4"))) -> K3
A18: Logam Dasar | B18: 38.924375 | C18: 47.999677 | D18: =IF(AND(B18>=$F$4,C18>=$G$4),"K1",IF(AND(B18<$F$4,C18>=$G$4),"K2",IF(AND(B18<$F$4,C18<$G$4),"K3","K4"))) -> K1 | F18: Garis Vertikal
A19: Barang Logam. Bukan Mesin dan Peralatannya | B19: 30.67352 | C19: 28.538671 | D19: =IF(AND(B19>=$F$4,C19>=$G$4),"K1",IF(AND(B19<$F$4,C19>=$G$4),"K2",IF(AND(B19<$F$4,C19<$G$4),"K3","K4"))) -> K4 | F19: =$F$16 -> 28.53246 | G19: 0
A20: Komputer. Barang Elektronik dan Optik | B20: 65.323545 | C20: 50.435337 | D20: =IF(AND(B20>=$F$4,C20>=$G$4),"K1",IF(AND(B20<$F$4,C20>=$G$4),"K2",IF(AND(B20<$F$4,C20<$G$4),"K3","K4"))) -> K1 | F20: =$F$16 -> 28.53246 | G20: =MAX(C4:C27)*1.1 -> 85.600601
A21: Peralatan Listrik | B21: 41.873258 | C21: 29.191353 | D21: =IF(AND(B21>=$F$4,C21>=$G$4),"K1",IF(AND(B21<$F$4,C21>=$G$4),"K2",IF(AND(B21<$F$4,C21<$G$4),"K3","K4"))) -> K4
A22: Mesin dan Perlengkapan ytdl | B22: 35.180478 | C22: 28.846573 | D22: =IF(AND(B22>=$F$4,C22>=$G$4),"K1",IF(AND(B22<$F$4,C22>=$G$4),"K2",IF(AND(B22<$F$4,C22<$G$4),"K3","K4"))) -> K4 | F22: Garis Horizontal
A23: Kendaraan Bermotor. Trailer dan Semi Trailer | B23: 33.579929 | C23: 31.315642 | D23: =IF(AND(B23>=$F$4,C23>=$G$4),"K1",IF(AND(B23<$F$4,C23>=$G$4),"K2",IF(AND(B23<$F$4,C23<$G$4),"K3","K4"))) -> K4 | F23: 0 | G23: =$G$16 -> 35.471252
A24: Alat Angkutan Lainnya | B24: 29.737096 | C24: 32.113344 | D24: =IF(AND(B24>=$F$4,C24>=$G$4),"K1",IF(AND(B24<$F$4,C24>=$G$4),"K2",IF(AND(B24<$F$4,C24<$G$4),"K3","K4"))) -> K4 | F24: =MAX(B4:B27)*1.1 -> 71.8559 | G24: =$G$16 -> 35.471252
A25: Furnitur | B25: 7.3534437 | C25: 77.818728 | D25: =IF(AND(B25>=$F$4,C25>=$G$4),"K1",IF(AND(B25<$F$4,C25>=$G$4),"K2",IF(AND(B25<$F$4,C25<$G$4),"K3","K4"))) -> K2
A26: Pengolahan Lainnya | B26: 54.077973 | C26: 70.967738 | D26: =IF(AND(B26>=$F$4,C26>=$G$4),"K1",IF(AND(B26<$F$4,C26>=$G$4),"K2",IF(AND(B26<$F$4,C26<$G$4),"K3","K4"))) -> K1
A27: Jasa Reparasi dan Pemasangan Mesin dan Peralatan | B27: 36.784252 | C27: 3.3333333 | D27: =IF(AND(B27>=$F$4,C27>=$G$4),"K1",IF(AND(B27<$F$4,C27>=$G$4),"K2",IF(AND(B27<$F$4,C27<$G$4),"K3","K4"))) -> K4
A29: IBS 2015, by value | F29: Impor (X) | G29: Ekspor (Y)
A30: Provinsi | B30: Eksposur Impor | C30: Eksposur Ekspor
A31: Aceh | B31: 1.9298599 | C31: 52.56 | D31: =IF(AND(B31>=$F$31,C31>=$G$31),"K1",IF(AND(B31<$F$31,C31>=$G$31),"K2",IF(AND(B31<$F$31,C31<$G$31),"K3","K4"))) -> K3 | F31: =AVERAGE(B31:B64) -> 8.3122503 | G31: =AVERAGE(C31:C64) -> 67.936142
A32: Sumatera Utara | B32: 6.7991339 | C32: 73.708539 | D32: =IF(AND(B32>=$F$31,C32>=$G$31),"K1",IF(AND(B32<$F$31,C32>=$G$31),"K2",IF(AND(B32<$F$31,C32<$G$31),"K3","K4"))) -> K2
A33: Sumatera Barat | B33: 0.73298033 | C33: 62.238103 | D33: =IF(AND(B33>=$F$31,C33>=$G$31),"K1",IF(AND(B33<$F$31,C33>=$G$31),"K2",IF(AND(B33<$F$31,C33<$G$31),"K3","K4"))) -> K3 | F33: Garis Vertikal
A34: Riau | B34: 0.47011442 | C34: 63.8541 | D34: =IF(AND(B34>=$F$31,C34>=$G$31),"K1",IF(AND(B34<$F$31,C34>=$G$31),"K2",IF(AND(B34<$F$31,C34<$G$31),"K3","K4"))) -> K3 | F34: =$F$31 -> 8.3122503 | G34: 0
A35: Jambi | B35: 0.46810596 | C35: 71.364534 | D35: =IF(AND(B35>=$F$31,C35>=$G$31),"K1",IF(AND(B35<$F$31,C35>=$G$31),"K2",IF(AND(B35<$F$31,C35<$G$31),"K3","K4"))) -> K2 | F35: =$F$31 -> 8.3122503 | G35: =MAX(C31:C64)*1.1 -> 110
A36: Sumatera Selatan | B36: 0.98438138 | C36: 82.283256 | D36: =IF(AND(B36>=$F$31,C36>=$G$31),"K1",IF(AND(B36<$F$31,C36>=$G$31),"K2",IF(AND(B36<$F$31,C36<$G$31),"K3","K4"))) -> K2
A37: Bengkulu | B37: 0.0077126133 | C37: 86.892 | D37: =IF(AND(B37>=$F$31,C37>=$G$31),"K1",IF(AND(B37<$F$31,C37>=$G$31),"K2",IF(AND(B37<$F$31,C37<$G$31),"K3","K4"))) -> K2 | F37: Garis Horizontal
A38: Lampung | B38: 13.29437 | C38: 66.907639 | D38: =IF(AND(B38>=$F$31,C38>=$G$31),"K1",IF(AND(B38<$F$31,C38>=$G$31),"K2",IF(AND(B38<$F$31,C38<$G$31),"K3","K4"))) -> K4 | F38: 0 | G38: =$G$31 -> 67.936142
A39: Bangka Belitung | B39: 0.39376654 | C39: 88.029707 | D39: =IF(AND(B39>=$F$31,C39>=$G$31),"K1",IF(AND(B39<$F$31,C39>=$G$31),"K2",IF(AND(B39<$F$31,C39<$G$31),"K3","K4"))) -> K2 | F39: =MAX(B31:B64)*1.1 -> 42.092049 | G39: =$G$31 -> 67.936142
A40: Kepulauan Riau | B40: 38.265499 | C40: 77.710719 | D40: =IF(AND(B40>=$F$31,C40>=$G$31),"K1",IF(AND(B40<$F$31,C40>=$G$31),"K2",IF(AND(B40<$F$31,C40<$G$31),"K3","K4"))) -> K1
A41: Dki Jakarta | B41: 30.348546 | C41: 38.218827 | D41: =IF(AND(B41>=$F$31,C41>=$G$31),"K1",IF(AND(B41<$F$31,C41>=$G$31),"K2",IF(AND(B41<$F$31,C41<$G$31),"K3","K4"))) -> K4
A42: Jawa Barat | B42: 38.159048 | C42: 36.321702 | D42: =IF(AND(B42>=$F$31,C42>=$G$31),"K1",IF(AND(B42<$F$31,C42>=$G$31),"K2",IF(AND(B42<$F$31,C42<$G$31),"K3","K4"))) -> K4
A43: Jawa Tengah | B43: 20.383105 | C43: 74.558132 | D43: =IF(AND(B43>=$F$31,C43>=$G$31),"K1",IF(AND(B43<$F$31,C43>=$G$31),"K2",IF(AND(B43<$F$31,C43<$G$31),"K3","K4"))) -> K1 | F43: Impor (X) | G43: Ekspor (Y)
A44: Di Yogyakarta | B44: 31.068103 | C44: 77.384182 | D44: =IF(AND(B44>=$F$31,C44>=$G$31),"K1",IF(AND(B44<$F$31,C44>=$G$31),"K2",IF(AND(B44<$F$31,C44<$G$31),"K3","K4"))) -> K1
A45: Jawa Timur | B45: 21.309498 | C45: 43.315822 | D45: =IF(AND(B45>=$F$31,C45>=$G$31),"K1",IF(AND(B45<$F$31,C45>=$G$31),"K2",IF(AND(B45<$F$31,C45<$G$31),"K3","K4"))) -> K4 | F45: =MEDIAN(B31:B64) -> 1.4874325 | G45: =MEDIAN(C31:C64) -> 71.839525
A46: Banten | B46: 29.487722 | C46: 36.117926 | D46: =IF(AND(B46>=$F$31,C46>=$G$31),"K1",IF(AND(B46<$F$31,C46>=$G$31),"K2",IF(AND(B46<$F$31,C46<$G$31),"K3","K4"))) -> K4
A47: Bali | B47: 16.101761 | C47: 75.207098 | D47: =IF(AND(B47>=$F$31,C47>=$G$31),"K1",IF(AND(B47<$F$31,C47>=$G$31),"K2",IF(AND(B47<$F$31,C47<$G$31),"K3","K4"))) -> K1 | F47: Garis Vertikal
A48: Nusa Tenggara Barat | B48: 0.19869823 | C48: 68.246667 | D48: =IF(AND(B48>=$F$31,C48>=$G$31),"K1",IF(AND(B48<$F$31,C48>=$G$31),"K2",IF(AND(B48<$F$31,C48<$G$31),"K3","K4"))) -> K2 | F48: =F45 -> 1.4874325 | G48: 0
A49: Nusa Tenggara Timur | B49: 0.2804244 | C49: 56.023333 | D49: =IF(AND(B49>=$F$31,C49>=$G$31),"K1",IF(AND(B49<$F$31,C49>=$G$31),"K2",IF(AND(B49<$F$31,C49<$G$31),"K3","K4"))) -> K3 | F49: =F45 -> 1.4874325 | G49: =MAX(C31:C64)*1.1 -> 110
A50: Kalimantan Barat | B50: 1.3424857 | C50: 72.314516 | D50: =IF(AND(B50>=$F$31,C50>=$G$31),"K1",IF(AND(B50<$F$31,C50>=$G$31),"K2",IF(AND(B50<$F$31,C50<$G$31),"K3","K4"))) -> K2
A51: Kalimantan Tengah | B51: 0.046489773 | C51: 77.509251 | D51: =IF(AND(B51>=$F$31,C51>=$G$31),"K1",IF(AND(B51<$F$31,C51>=$G$31),"K2",IF(AND(B51<$F$31,C51<$G$31),"K3","K4"))) -> K2 | F51: Garis Horizontal
A52: Kalimantan Selatan | B52: 3.1259434 | C52: 68.413125 | D52: =IF(AND(B52>=$F$31,C52>=$G$31),"K1",IF(AND(B52<$F$31,C52>=$G$31),"K2",IF(AND(B52<$F$31,C52<$G$31),"K3","K4"))) -> K2 | F52: 0 | G52: =G45 -> 71.839525
A53: Kalimantan Timur | B53: 1.3438614 | C53: 50.526145 | D53: =IF(AND(B53>=$F$31,C53>=$G$31),"K1",IF(AND(B53<$F$31,C53>=$G$31),"K2",IF(AND(B53<$F$31,C53<$G$31),"K3","K4"))) -> K3 | F53: =MAX(B31:B64)*1.1 -> 42.092049 | G53: =G45 -> 71.839525
A54: Kalimantan Utara | B54: 2.4233883 | C54: 88.945173 | D54: =IF(AND(B54>=$F$31,C54>=$G$31),"K1",IF(AND(B54<$F$31,C54>=$G$31),"K2",IF(AND(B54<$F$31,C54<$G$31),"K3","K4"))) -> K2
A55: Sulawesi Utara | B55: 1.6310036 | C55: 61.759706 | D55: =IF(AND(B55>=$F$31,C55>=$G$31),"K1",IF(AND(B55<$F$31,C55>=$G$31),"K2",IF(AND(B55<$F$31,C55<$G$31),"K3","K4"))) -> K3
A56: Sulawesi Tengah | B56: 0.063964782 | C56: 73.008182 | D56: =IF(AND(B56>=$F$31,C56>=$G$31),"K1",IF(AND(B56<$F$31,C56>=$G$31),"K2",IF(AND(B56<$F$31,C56<$G$31),"K3","K4"))) -> K2
A57: Sulawesi Selatan | B57: 15.628928 | C57: 67.401505 | D57: =IF(AND(B57>=$F$31,C57>=$G$31),"K1",IF(AND(B57<$F$31,C57>=$G$31),"K2",IF(AND(B57<$F$31,C57<$G$31),"K3","K4"))) -> K4
A58: Sulawesi Tenggara | B58: 0.23156513 | C58: 96.578947 | D58: =IF(AND(B58>=$F$31,C58>=$G$31),"K1",IF(AND(B58<$F$31,C58>=$G$31),"K2",IF(AND(B58<$F$31,C58<$G$31),"K3","K4"))) -> K2
A59: Gorontalo | B59: 1.9962619 | C59: 100 | D59: =IF(AND(B59>=$F$31,C59>=$G$31),"K1",IF(AND(B59<$F$31,C59>=$G$31),"K2",IF(AND(B59<$F$31,C59<$G$31),"K3","K4"))) -> K2
A60: Sulawesi Barat | B60: 0.29562666 | C60: 80 | D60: =IF(AND(B60>=$F$31,C60>=$G$31),"K1",IF(AND(B60<$F$31,C60>=$G$31),"K2",IF(AND(B60<$F$31,C60<$G$31),"K3","K4"))) -> K2
A61: Maluku | B61: 0.078643069 | C61: 93.843571 | D61: =IF(AND(B61>=$F$31,C61>=$G$31),"K1",IF(AND(B61<$F$31,C61>=$G$31),"K2",IF(AND(B61<$F$31,C61<$G$31),"K3","K4"))) -> K2
A62: Maluku Utara | B62: 0 | C62: 0 | D62: =IF(AND(B62>=$F$31,C62>=$G$31),"K1",IF(AND(B62<$F$31,C62>=$G$31),"K2",IF(AND(B62<$F$31,C62<$G$31),"K3","K4"))) -> K3
A63: Papua Barat | B63: 3.7155316 | C63: 80.656 | D63: =IF(AND(B63>=$F$31,C63>=$G$31),"K1",IF(AND(B63<$F$31,C63>=$G$31),"K2",IF(AND(B63<$F$31,C63<$G$31),"K3","K4"))) -> K2
A64: Papua | B64: 0.0099857625 | C64: 67.930431 | D64: =IF(AND(B64>=$F$31,C64>=$G$31),"K1",IF(AND(B64<$F$31,C64>=$G$31),"K2",IF(AND(B64<$F$31,C64<$G$31),"K3","K4"))) -> K3
A67: IBS 2022. dummy
A68: KBLI | B68: Eksposur Impor | C68: Eksposur Ekspor | F68: Impor (X) | G68: Ekspor (Y)
A69: Makanan | B69: 2.8762541 | C69: 7.304348 | D69: =IF(AND(B69>=$F$69,C69>=$G$69),"K1",IF(AND(B69<$F$69,C69>=$G$69),"K2",IF(AND(B69<$F$69,C69<$G$69),"K3","K4"))) -> K3 | F69: =AVERAGE(B69:B92) -> 8.9126524 | G69: =AVERAGE(C69:C92) -> 11.345507
A70: Minuman | B70: 3.0997305 | C70: 3.3692722 | D70: =IF(AND(B70>=$F$69,C70>=$G$69),"K1",IF(AND(B70<$F$69,C70>=$G$69),"K2",IF(AND(B70<$F$69,C70<$G$69),"K3","K4"))) -> K3
A71: Pengolahan Tembakau | B71: 3.4013608 | C71: 6.666667 | D71: =IF(AND(B71>=$F$69,C71>=$G$69),"K1",IF(AND(B71<$F$69,C71>=$G$69),"K2",IF(AND(B71<$F$69,C71<$G$69),"K3","K4"))) -> K3 | F71: Garis Vertikal
A72: Tekstil | B72: 8.0907745 | C72: 9.02812 | D72: =IF(AND(B72>=$F$69,C72>=$G$69),"K1",IF(AND(B72<$F$69,C72>=$G$69),"K2",IF(AND(B72<$F$69,C72<$G$69),"K3","K4"))) -> K3 | F72: =$F$69 -> 8.9126524 | G72: 0
A73: Pakaian Jadi | B73: 8.513854 | C73: 14.105794 | D73: =IF(AND(B73>=$F$69,C73>=$G$69),"K1",IF(AND(B73<$F$69,C73>=$G$69),"K2",IF(AND(B73<$F$69,C73<$G$69),"K3","K4"))) -> K2 | F73: =$F$69 -> 8.9126524 | G73: =MAX(C69:C92)*1.1 -> 39.285715
A74: Kulit. Barang dari Kulit dan Alas Kaki | B74: 11.973684 | C74: 15.000001 | D74: =IF(AND(B74>=$F$69,C74>=$G$69),"K1",IF(AND(B74<$F$69,C74>=$G$69),"K2",IF(AND(B74<$F$69,C74<$G$69),"K3","K4"))) -> K1
A75: Kayu. Barang dari Kayu dan Gabus (Tidak Termasuk Furnitur) dan Barang Anyaman dari Bambu. Rotan dan Sejenisnya | B75: 3.7390611 | C75: 35.640411 | D75: =IF(AND(B75>=$F$69,C75>=$G$69),"K1",IF(AND(B75<$F$69,C75>=$G$69),"K2",IF(AND(B75<$F$69,C75<$G$69),"K3","K4"))) -> K2 | F75: Garis Horizontal
A76: Kertas dan Barang dari Kertas | B76: 9.7271652 | C76: 7.4733095 | D76: =IF(AND(B76>=$F$69,C76>=$G$69),"K1",IF(AND(B76<$F$69,C76>=$G$69),"K2",IF(AND(B76<$F$69,C76<$G$69),"K3","K4"))) -> K4 | F76: 0 | G76: =$G$69 -> 11.345507
A77: Pencetakan dan Reproduksi Media Rekaman | B77: 2.8538811 | C77: 1.7123288 | D77: =IF(AND(B77>=$F$69,C77>=$G$69),"K1",IF(AND(B77<$F$69,C77>=$G$69),"K2",IF(AND(B77<$F$69,C77<$G$69),"K3","K4"))) -> K3 | F77: =MAX(B69:B92)*1.1 -> 20 | G77: =$G$69 -> 11.345507
A78: Produk dari Batu Bara dan Pengilangan Minyak Bumi | B78: 4.9382715 | C78: 4.3209877 | D78: =IF(AND(B78>=$F$69,C78>=$G$69),"K1",IF(AND(B78<$F$69,C78>=$G$69),"K2",IF(AND(B78<$F$69,C78<$G$69),"K3","K4"))) -> K3
A79: Bahan Kimia dan Barang dari Bahan Kimia | B79: 10.813542 | C79: 12.632643 | D79: =IF(AND(B79>=$F$69,C79>=$G$69),"K1",IF(AND(B79<$F$69,C79>=$G$69),"K2",IF(AND(B79<$F$69,C79<$G$69),"K3","K4"))) -> K1
A80: Farmasi. Produk Obat Kimia dan Obat Tradisional | B80: 16.546762 | C80: 7.1942449 | D80: =IF(AND(B80>=$F$69,C80>=$G$69),"K1",IF(AND(B80<$F$69,C80>=$G$69),"K2",IF(AND(B80<$F$69,C80<$G$69),"K3","K4"))) -> K4
A81: Karet. Barang dari Karet dan Plastik | B81: 9.992733 | C81: 9.992733 | D81: =IF(AND(B81>=$F$69,C81>=$G$69),"K1",IF(AND(B81<$F$69,C81>=$G$69),"K2",IF(AND(B81<$F$69,C81<$G$69),"K3","K4"))) -> K4
A82: Barang Galian Bukan Logam | B82: 4.006772 | C82: 4.571106 | D82: =IF(AND(B82>=$F$69,C82>=$G$69),"K1",IF(AND(B82<$F$69,C82>=$G$69),"K2",IF(AND(B82<$F$69,C82<$G$69),"K3","K4"))) -> K3
A83: Logam Dasar | B83: 14.681892 | C83: 14.845024 | D83: =IF(AND(B83>=$F$69,C83>=$G$69),"K1",IF(AND(B83<$F$69,C83>=$G$69),"K2",IF(AND(B83<$F$69,C83<$G$69),"K3","K4"))) -> K1
A84: Barang Logam. Bukan Mesin dan Peralatannya | B84: 9.32304 | C84: 5.6413302 | D84: =IF(AND(B84>=$F$69,C84>=$G$69),"K1",IF(AND(B84<$F$69,C84>=$G$69),"K2",IF(AND(B84<$F$69,C84<$G$69),"K3","K4"))) -> K4
A85: Komputer. Barang Elektronik dan Optik | B85: 18.181818 | C85: 22.038567 | D85: =IF(AND(B85>=$F$69,C85>=$G$69),"K1",IF(AND(B85<$F$69,C85>=$G$69),"K2",IF(AND(B85<$F$69,C85<$G$69),"K3","K4"))) -> K1
A86: Peralatan Listrik | B86: 15.242881 | C86: 9.7152424 | D86: =IF(AND(B86>=$F$69,C86>=$G$69),"K1",IF(AND(B86<$F$69,C86>=$G$69),"K2",IF(AND(B86<$F$69,C86<$G$69),"K3","K4"))) -> K4
A87: Mesin dan Perlengkapan ytdl | B87: 10.887573 | C87: 8.1656809 | D87: =IF(AND(B87>=$F$69,C87>=$G$69),"K1",IF(AND(B87<$F$69,C87>=$G$69),"K2",IF(AND(B87<$F$69,C87<$G$69),"K3","K4"))) -> K4
A88: Kendaraan Bermotor. Trailer dan Semi Trailer | B88: 7.4358978 | C88: 7.5641026 | D88: =IF(AND(B88>=$F$69,C88>=$G$69),"K1",IF(AND(B88<$F$69,C88>=$G$69),"K2",IF(AND(B88<$F$69,C88<$G$69),"K3","K4"))) -> K3
A89: Alat Angkutan Lainnya | B89: 10.126582 | C89: 6.1181436 | D89: =IF(AND(B89>=$F$69,C89>=$G$69),"K1",IF(AND(B89<$F$69,C89>=$G$69),"K2",IF(AND(B89<$F$69,C89<$G$69),"K3","K4"))) -> K4
... A92: Jasa Reparasi dan Pemasangan Mesin dan Peralatan | B92: 5.0898204 | C92: 1.7964072 | D92: =IF(AND(B92>=$F$69,C92>=$G$69),"K1",IF(AND(B92<$F$69,C92>=$G$69),"K2",IF(AND(B92<$F$69,C92<$G$69),"K3","K4"))) -> K3
A94: IBS 2022. dummy
A95: Provinsi | B95: Eksposur Impor | C95: Eksposur Ekspor | F95: Impor (X) | G95: Ekspor (Y)
A96: Aceh | B96: 1.1494253 | C96: 4.5977011 | D96: =IF(AND(B96>=$F$96,C96>=$G$96),"K1",IF(AND(B96<$F$96,C96>=$G$96),"K2",IF(AND(B96<$F$96,C96<$G$96),"K3","K4"))) -> K3 | F96: =AVERAGE(B96:B129) -> 4.2970575 | G96: =AVERAGE(C96:C129) -> 11.943857
A97: Sumatera Utara | B97: 8.7816458 | C97: 11.70886 | D97: =IF(AND(B97>=$F$96,C97>=$G$96),"K1",IF(AND(B97<$F$96,C97>=$G$96),"K2",IF(AND(B97<$F$96,C97<$G$96),"K3","K4"))) -> K4
A98: Sumatera Barat | B98: 3.0612245 | C98: 9.1836739 | D98: =IF(AND(B98>=$F$96,C98>=$G$96),"K1",IF(AND(B98<$F$96,C98>=$G$96),"K2",IF(AND(B98<$F$96,C98<$G$96),"K3","K4"))) -> K3 | F98: Garis Vertikal
A99: Riau | B99: 0.51813471 | C99: 5.1813474 | D99: =IF(AND(B99>=$F$96,C99>=$G$96),"K1",IF(AND(B99<$F$96,C99>=$G$96),"K2",IF(AND(B99<$F$96,C99<$G$96),"K3","K4"))) -> K3 | F99: =$F$96 -> 4.2970575 | G99: 0
A100: Jambi | B100: 1.0362694 | C100: 10.362695 | D100: =IF(AND(B100>=$F$96,C100>=$G$96),"K1",IF(AND(B100<$F$96,C100>=$G$96),"K2",IF(AND(B100<$F$96,C100<$G$96),"K3","K4"))) -> K3 | F100: =$F$96 -> 4.2970575 | G100: =MAX(C96:C129)*1.1 -> 35.159818
A101: Sumatera Selatan | B101: 4.5016074 | C101: 8.0385847 | D101: =IF(AND(B101>=$F$96,C101>=$G$96),"K1",IF(AND(B101<$F$96,C101>=$G$96),"K2",IF(AND(B101<$F$96,C101<$G$96),"K3","K4"))) -> K4
A102: Bengkulu | B102: 0 | C102: 8.1081076 | D102: =IF(AND(B102>=$F$96,C102>=$G$96),"K1",IF(AND(B102<$F$96,C102>=$G$96),"K2",IF(AND(B102<$F$96,C102<$G$96),"K3","K4"))) -> K3 | F102: Garis Horizontal
A103: Lampung | B103: 2.4038463 | C103: 7.9326921 | D103: =IF(AND(B103>=$F$96,C103>=$G$96),"K1",IF(AND(B103<$F$96,C103>=$G$96),"K2",IF(AND(B103<$F$96,C103<$G$96),"K3","K4"))) -> K3 | F103: 0 | G103: =$G$96 -> 11.943857
A104: Bangka Belitung | B104: 3.6363635 | C104: 23.636364 | D104: =IF(AND(B104>=$F$96,C104>=$G$96),"K1",IF(AND(B104<$F$96,C104>=$G$96),"K2",IF(AND(B104<$F$96,C104<$G$96),"K3","K4"))) -> K2 | F104: =MAX(B96:B129)*1.1 -> 38.675798 | G104: =$G$96 -> 11.943857
A105: Kepulauan Riau | B105: 35.159817 | C105: 31.96347 | D105: =IF(AND(B105>=$F$96,C105>=$G$96),"K1",IF(AND(B105<$F$96,C105>=$G$96),"K2",IF(AND(B105<$F$96,C105<$G$96),"K3","K4"))) -> K1
A106: Dki Jakarta | B106: 5.096333 | C106: 5.3449349 | D106: =IF(AND(B106>=$F$96,C106>=$G$96),"K1",IF(AND(B106<$F$96,C106>=$G$96),"K2",IF(AND(B106<$F$96,C106<$G$96),"K3","K4"))) -> K4
A107: Jawa Barat | B107: 7.1264634 | C107: 8.25109 | D107: =IF(AND(B107>=$F$96,C107>=$G$96),"K1",IF(AND(B107<$F$96,C107>=$G$96),"K2",IF(AND(B107<$F$96,C107<$G$96),"K3","K4"))) -> K4
...

Sheet Comparables_Data IBS
A2: Per KBLI
A3: Kode KBLI | B3: Uraian Deskripsi | C3: Eksposur Ekspor | D3: Eksposur Impor | K3: Biaya Energi | R3: Biaya Tenaga Kerja
C4: 2015 | D4: 2015 | E4: 2017 | F4: 2018 | G4: 2019 | H4: 2020 | I4: 2021 | J4: 2022 | K4: 2015 | L4: 2017 | M4: 2018 | N4: 2019 | O4: 2020 | P4: 2021 | Q4: 2022 | R4: 2015 | S4: 2017 | T4: 2018 | U4: 2019 | V4: 2020 | W4: 2021 | X4: 2022
A5: 10 | B5: Makanan | C5: ='Data IBS per Tahun'!C5 -> 57.76 | D5: ='Data IBS per Tahun'!F5 -> 10.286595 | E5: ='Data IBS per Tahun'!O5 -> 3.9071189 | F5: ='Data IBS per Tahun'!X5 -> 6.0050081 | G5: ='Data IBS per Tahun'!AG5 -> 7.9811348 | H5: ='Data IBS per Tahun'!AP5 -> 10.876492 | I5: ='Data IBS per Tahun'!AY5 -> 8.0643363 | J5: ='Data IBS per Tahun'!BH5 -> 8.022286 | K5: ='Data IBS per Tahun'!I5 -> 4.9471794 | L5: ='Data IBS per Tahun'!R5 -> 2.1335904 | M5: ='Data IBS per Tahun'!AA5 -> 2.777781 | N5: ='Data IBS per Tahun'!AJ5 -> 1.7362296 | O5: ='Data IBS per Tahun'!AS5 -> 1.631643 | P5: ='Data IBS per Tahun'!BB5 -> 1.2295314 | Q5: ='Data IBS per Tahun'!BK5 -> 1.7244097 | R5: ='Data IBS per Tahun'!L5 -> 4.249545 | S5: ='Data IBS per Tahun'!U5 -> 4.1298754 | T5: ='Data IBS per Tahun'!AD5 -> 4.6004015 | U5: ='Data IBS per Tahun'!AM5 -> 4.689495 | V5: ='Data IBS per Tahun'!AV5 -> 4.5262182 | W5: ='Data IBS per Tahun'!BE5 -> 4.0736086 | X5: ='Data IBS per Tahun'!BN5 -> 3.7494466
A6: 11 | B6: Minuman | C6: ='Data IBS per Tahun'!C6 -> 12.08 | D6: ='Data IBS per Tahun'!F6 -> 18.341961 | E6: ='Data IBS per Tahun'!O6 -> 8.3242182 | F6: ='Data IBS per Tahun'!X6 -> 8.9451197 | G6: ='Data IBS per Tahun'!AG6 -> 4.9321992 | H6: ='Data IBS per Tahun'!AP6 -> 7.6222475 | I6: ='Data IBS per Tahun'!AY6 -> 11.781227 | J6: ='Data IBS per Tahun'!BH6 -> 14.659392 | K6: ='Data IBS per Tahun'!I6 -> 11.358543 | L6: ='Data IBS per Tahun'!R6 -> 9.0520401 | M6: ='Data IBS per Tahun'!AA6 -> 8.6007802 | N6: ='Data IBS per Tahun'!AJ6 -> 4.1983327 | O6: ='Data IBS per Tahun'!AS6 -> 6.7975943 | P6: ='Data IBS per Tahun'!BB6 -> 9.5615079 | Q6: ='Data IBS per Tahun'!BK6 -> 9.6004284 | R6: ='Data IBS per Tahun'!L6 -> 20.340764 | S6: ='Data IBS per Tahun'!U6 -> 30.062742 | T6: ='Data IBS per Tahun'!AD6 -> 16.604686 | U6: ='Data IBS per Tahun'!AM6 -> 16.059616 | V6: ='Data IBS per Tahun'!AV6 -> 16.303495 | W6: ='Data IBS per Tahun'!BE6 -> 22.352723 | X6: ='Data IBS per Tahun'!BN6 -> 23.955096
A7: 12 | B7: Pengolahan Tembakau | C7: ='Data IBS per Tahun'!C7 -> 49.95 | D7: ='Data IBS per Tahun'!F7 -> 5.2597781 | E7: ='Data IBS per Tahun'!O7 -> 6.7192596 | F7: ='Data IBS per Tahun'!X7 -> 2.280357 | G7: ='Data IBS per Tahun'!AG7 -> 10.604225 | H7: ='Data IBS per Tahun'!AP7 -> 3.5517356 | I7: ='Data IBS per Tahun'!AY7 -> 4.1333655 | J7: ='Data IBS per Tahun'!BH7 -> 6.8926004 | K7: ='Data IBS per Tahun'!I7 -> 7.4135049 | L7: ='Data IBS per Tahun'!R7 -> 1.7253626 | M7: ='Data IBS per Tahun'!AA7 -> 1.558403 | N7: ='Data IBS per Tahun'!AJ7 -> 0.71497095 | O7: ='Data IBS per Tahun'!AS7 -> 0.5439276 | P7: ='Data IBS per Tahun'!BB7 -> 1.7836268 | Q7: ='Data IBS per Tahun'!BK7 -> 0.83883462 | R7: ='Data IBS per Tahun'!L7 -> 10.040084 | S7: ='Data IBS per Tahun'!U7 -> 15.755684 | T7: ='Data IBS per Tahun'!AD7 -> 6.1901252 | U7: ='Data IBS per Tahun'!AM7 -> 12.808096 | V7: ='Data IBS per Tahun'!AV7 -> 11.889189 | W7: ='Data IBS per Tahun'!BE7 -> 12.486688 | X7: ='Data IBS per Tahun'!BN7 -> 11.533097
A8: 13 | B8: Tekstil | C8: ='Data IBS per Tahun'!C8 -> 40.83 | D8: ='Data IBS per Tahun'!F8 -> 23.877255 | E8: ='Data IBS per Tahun'!O8 -> 28.023789 | F8: ='Data IBS per Tahun'!X8 -> 28.705487 | G8: ='Data IBS per Tahun'!AG8 -> 22.757643 | H8: ='Data IBS per Tahun'!AP8 -> 30.603991 | I8: ='Data IBS per Tahun'!AY8 -> 20.838298 | J8: ='Data IBS per Tahun'!BH8 -> 34.801635 | K8: ='Data IBS per Tahun'!I8 -> 17.823805 | L8: ='Data IBS per Tahun'!R8 -> 13.05477 | M8: ='Data IBS per Tahun'!AA8 -> 10.635997 | N8: ='Data IBS per Tahun'!AJ8 -> 5.6076435 | O8: ='Data IBS per Tahun'!AS8 -> 5.6081108 | P8: ='Data IBS per Tahun'!BB8 -> 3.8396151 | Q8: ='Data IBS per Tahun'!BK8 -> 8.3422448 | R8: ='Data IBS per Tahun'!L8 -> 7.6056083 | S8: ='Data IBS per Tahun'!U8 -> 18.543663 | T8: ='Data IBS per Tahun'!AD8 -> 12.733929 | U8: ='Data IBS per Tahun'!AM8 -> 12.408387 | V8: ='Data IBS per Tahun'!AV8 -> 11.139974 | W8: ='Data IBS per Tahun'!BE8 -> 11.087166 | X8: ='Data IBS per Tahun'!BN8 -> 13.701183
A9: 14 | B9: Pakaian Jadi | C9: ='Data IBS per Tahun'!C9 -> 62.03 | D9: ='Data IBS per Tahun'!F9 -> 40.379095 | E9: ='Data IBS per Tahun'!O9 -> 56.64104 | F9: ='Data IBS per Tahun'!X9 -> 56.414638 | G9: ='Data IBS per Tahun'!AG9 -> 44.477051 | H9: ='Data IBS per Tahun'!AP9 -> 55.366891 | I9: ='Data IBS per Tahun'!AY9 -> 78.39551 | J9: ='Data IBS per Tahun'!BH9 -> 70.847882 | K9: ='Data IBS per Tahun'!I9 -> 10.80069 | L9: ='Data IBS per Tahun'!R9 -> 8.3919588 | M9: ='Data IBS per Tahun'!AA9 -> 4.2742892 | N9: ='Data IBS per Tahun'!AJ9 -> 3.0782239 | O9: ='Data IBS per Tahun'!AS9 -> 5.504098 | P9: ='Data IBS per Tahun'!BB9 -> 2.8376337 | Q9: ='Data IBS per Tahun'!BK9 -> 4.054556 | R9: ='Data IBS per Tahun'!L9 -> 24.345768 | S9: ='Data IBS per Tahun'!U9 -> 80.849355 | T9: ='Data IBS per Tahun'!AD9 -> 48.754277 | U9: ='Data IBS per Tahun'!AM9 -> 33.690628 | V9: ='Data IBS per Tahun'!AV9 -> 36.721967 | W9: ='Data IBS per Tahun'!BE9 -> 22.259562 | X9: ='Data IBS per Tahun'!BN9 -> 30.579504
A10: 15 | B10: Kulit. Barang dari Kulit dan Alas Kaki | C10: ='Data IBS per Tahun'!C10 -> 43.65 | D10: ='Data IBS per Tahun'!F10 -> 27.327825 | E10: ='Data IBS per Tahun'!O10 -> 33.007514 | F10: ='Data IBS per Tahun'!X10 -> 36.167703 | G10: ='Data IBS per Tahun'!AG10 -> 41.880489 | H10: ='Data IBS per Tahun'!AP10 -> 43.654115 | I10: ='Data IBS per Tahun'!AY10 -> 51.82807 | J10: ='Data IBS per Tahun'!BH10 -> 34.884554 | K10: ='Data IBS per Tahun'!I10 -> 11.240078 | L10: ='Data IBS per Tahun'!R10 -> 4.9154874 | M10: ='Data IBS per Tahun'!AA10 -> 10.483626 | N10: ='Data IBS per Tahun'!AJ10 -> 28.749538 | O10: ='Data IBS per Tahun'!AS10 -> 2.9476272 | P10: ='Data IBS per Tahun'!BB10 -> 0.87392719 | Q10: ='Data IBS per Tahun'!BK10 -> 2.2432006 | R10: ='Data IBS per Tahun'!L10 -> 32.537282 | S10: ='Data IBS per Tahun'!U10 -> 38.631894 | T10: ='Data IBS per Tahun'!AD10 -> 26.456134 | U10: ='Data IBS per Tahun'!AM10 -> 53.068453 | V10: ='Data IBS per Tahun'!AV10 -> 41.376521 | W10: ='Data IBS per Tahun'!BE10 -> 28.334449 | X10: ='Data IBS per Tahun'!BN10 -> 34.188985
A11: 16 | B11: Kayu. Barang dari Kayu dan Gabus (Tidak Termasuk Furnitur) dan Barang Anyaman dari Bambu. Rotan dan Sejenisnya | C11: ='Data IBS per Tahun'!C11 -> 69.82 | D11: ='Data IBS per Tahun'!F11 -> 6.8987478 | E11: ='Data IBS per Tahun'!O11 -> 6.3386315 | F11: ='Data IBS per Tahun'!X11 -> 5.2276788 | G11: ='Data IBS per Tahun'!AG11 -> 4.70815 | H11: ='Data IBS per Tahun'!AP11 -> 4.9220473 | I11: ='Data IBS per Tahun'!AY11 -> 4.6126491 | J11: ='Data IBS per Tahun'!BH11 -> 6.4480895 | K11: ='Data IBS per Tahun'!I11 -> 9.1308046 | L11: ='Data IBS per Tahun'!R11 -> 9.7327499 | M11: ='Data IBS per Tahun'!AA11 -> 5.4215583 | N11: ='Data IBS per Tahun'!AJ11 -> 6.503116 | O11: ='Data IBS per Tahun'!AS11 -> 4.3665723 | P11: ='Data IBS per Tahun'!BB11 -> 5.1779452 | Q11: ='Data IBS per Tahun'!BK11 -> 7.1492164 | R11: ='Data IBS per Tahun'!L11 -> 26.452061 | S11: ='Data IBS per Tahun'!U11 -> 22.606136 | T11: ='Data IBS per Tahun'!AD11 -> 16.830829 | U11: ='Data IBS per Tahun'!AM11 -> 22.600758 | V11: ='Data IBS per Tahun'!AV11 -> 22.457655 | W11: ='Data IBS per Tahun'!BE11 -> 25.741451 | X11: ='Data IBS per Tahun'!BN11 -> 26.010911
A12: 17 | B12: Kertas dan Barang dari Kertas | C12: ='Data IBS per Tahun'!C12 -> 26.22 | D12: ='Data IBS per Tahun'!F12 -> 14.748204 | E12: ='Data IBS per Tahun'!O12 -> 12.206216 | F12: ='Data IBS per Tahun'!X12 -> 9.219786 | G12: ='Data IBS per Tahun'!AG12 -> 11.282842 | H12: ='Data IBS per Tahun'!AP12 -> 14.79878 | I12: ='Data IBS per Tahun'!AY12 -> 12.367185 | J12: ='Data IBS per Tahun'!BH12 -> 12.64029 | K12: ='Data IBS per Tahun'!I12 -> 15.578901 | L12: ='Data IBS per Tahun'!R12 -> 13.859415 | M12: ='Data IBS per Tahun'!AA12 -> 12.828293 | N12: ='Data IBS per Tahun'!AJ12 -> 2.9268061 | O12: ='Data IBS per Tahun'!AS12 -> 9.9251514 | P12: ='Data IBS per Tahun'!BB12 -> 4.5552606 | Q12: ='Data IBS per Tahun'!BK12 -> 6.9845549 | R12: ='Data IBS per Tahun'!L12 -> 7.9318925 | S12: ='Data IBS per Tahun'!U12 -> 17.856856 | T12: ='Data IBS per Tahun'!AD12 -> 11.058908 | U12: ='Data IBS per Tahun'!AM12 -> 7.0895334 | V12: ='Data IBS per Tahun'!AV12 -> 7.868275 | W12: ='Data IBS per Tahun'!BE12 -> 10.128308 | X12: ='Data IBS per Tahun'!BN12 -> 9.4763915
A13: 18 | B13: Pencetakan dan Reproduksi Media Rekaman | C13: ='Data IBS per Tahun'!C13 -> 22.25 | D13: ='Data IBS per Tahun'!F13 -> 7.1621298 | E13: ='Data IBS per Tahun'!O13 -> 5.5996008 | F13: ='Data IBS per Tahun'!X13 -> 7.2843422 | G13: ='Data IBS per Tahun'!AG13 -> 11.476961 | H13: ='Data IBS per Tahun'!AP13 -> 23.298253 | I13: ='Data IBS per Tahun'!AY13 -> 6.7337378 | J13: ='Data IBS per Tahun'!BH13 -> 10.305336 | K13: ='Data IBS per Tahun'!I13 -> 10.184928 | L13: ='Data IBS per Tahun'!R13 -> 7.7783227 | M13: ='Data IBS per Tahun'!AA13 -> 4.8277924 | N13: ='Data IBS per Tahun'!AJ13 -> 1.7376258 | O13: ='Data IBS per Tahun'!AS13 -> 1.5722909 | P13: ='Data IBS per Tahun'!BB13 -> 1.8491489 | Q13: ='Data IBS per Tahun'!BK13 -> 3.0821703 | R13: ='Data IBS per Tahun'!L13 -> 16.282539 | S13: ='Data IBS per Tahun'!U13 -> 64.388293 | T13: ='Data IBS per Tahun'!AD13 -> 13.232599 | U13: ='Data IBS per Tahun'!AM13 -> 12.261791 | V13: ='Data IBS per Tahun'!AV13 -> 13.435607 | W13: ='Data IBS per Tahun'!BE13 -> 25.34682 | X13: ='Data IBS per Tahun'!BN13 -> 27.359873
A14: 19 | B14: Produk dari Batu Bara dan Pengilangan Minyak Bumi | C14: ='Data IBS per Tahun'!C14 -> 38.05 | D14: ='Data IBS per Tahun'!F14 -> 11.986769 | E14: ='Data IBS per Tahun'!O14 -> 20.453907 | F14: ='Data IBS per Tahun'!X14 -> 29.108167 | G14: ='Data IBS per Tahun'!AG14 -> 23.010713 | H14: ='Data IBS per Tahun'!AP14 -> 23.25549 | I14: ='Data IBS per Tahun'!AY14 -> 7.8359927 | J14: ='Data IBS per Tahun'!BH14 -> 35.282602 | K14: ='Data IBS per Tahun'!I14 -> 24.924531 | L14: ='Data IBS per Tahun'!R14 -> 3.6877566 | M14: ='Data IBS per Tahun'!AA14 -> 0.19229015 | N14: ='Data IBS per Tahun'!AJ14 -> 0.63035891 | O14: ='Data IBS per Tahun'!AS14 -> 3.9411892 | P14: ='Data IBS per Tahun'!BB14 -> 0.72427097 | Q14: ='Data IBS per Tahun'!BK14 -> 1.2662514 | R14: ='Data IBS per Tahun'!L14 -> 13.89076 | S14: ='Data IBS per Tahun'!U14 -> 5.281684 | T14: ='Data IBS per Tahun'!AD14 -> 1.1570151 | U14: ='Data IBS per Tahun'!AM14 -> 0.84953266 | V14: ='Data IBS per Tahun'!AV14 -> 2.3310103 | W14: ='Data IBS per Tahun'!BE14 -> 1.5088109 | X14: ='Data IBS per Tahun'!BN14 -> 1.5218295
A15: 20 | B15: Bahan Kimia dan Barang dari Bahan Kimia | C15: ='Data IBS per Tahun'!C15 -> 32.9 | D15: ='Data IBS per Tahun'!F15 -> 36.000408 | E15: ='Data IBS per Tahun'!O15 -> 21.140298 | F15: ='Data IBS per Tahun'!X15 -> 29.858577 | G15: ='Data IBS per Tahun'!AG15 -> 27.208118 | H15: ='Data IBS per Tahun'!AP15 -> 44.884505 | I15: ='Data IBS per Tahun'!AY15 -> 28.222592 | J15: ='Data IBS per Tahun'!BH15 -> 28.450133 | K15: ='Data IBS per Tahun'!I15 -> 19.092618 | L15: ='Data IBS per Tahun'!R15 -> 12.065865 | M15: ='Data IBS per Tahun'!AA15 -> 8.8959129 | N15: ='Data IBS per Tahun'!AJ15 -> 5.8422486 | O15: ='Data IBS per Tahun'!AS15 -> 3.646951 | P15: ='Data IBS per Tahun'!BB15 -> 3.6754013 | Q15: ='Data IBS per Tahun'!BK15 -> 4.417136 | R15: ='Data IBS per Tahun'!L15 -> 5.6000968 | S15: ='Data IBS per Tahun'!U15 -> 8.8252403 | T15: ='Data IBS per Tahun'!AD15 -> 9.6636696 | U15: ='Data IBS per Tahun'!AM15 -> 5.3321269 | V15: ='Data IBS per Tahun'!AV15 -> 4.4688099 | W15: ='Data IBS per Tahun'!BE15 -> 4.4696787 | X15: ='Data IBS per Tahun'!BN15 -> 5.162486
A16: 21 | B16: Farmasi. Produk Obat Kimia dan Obat Tradisional | C16: ='Data IBS per Tahun'!C16 -> 18.1 | D16: ='Data IBS per Tahun'!F16 -> 38.440681 | E16: ='Data IBS per Tahun'!O16 -> 49.359729 | F16: ='Data IBS per Tahun'!X16 -> 33.077772 | G16: ='Data IBS per Tahun'!AG16 -> 42.474842 | H16: ='Data IBS per Tahun'!AP16 -> 36.617124 | I16: ='Data IBS per Tahun'!AY16 -> 48.235757 | J16: ='Data IBS per Tahun'!BH16 -> 51.70402 | K16: ='Data IBS per Tahun'!I16 -> 19.647533 | L16: ='Data IBS per Tahun'!R16 -> 3.757599 | M16: ='Data IBS per Tahun'!AA16 -> 5.1069985 | N16: ='Data IBS per Tahun'!AJ16 -> 2.5123088 | O16: ='Data IBS per Tahun'!AS16 -> 4.5950795 | P16: ='Data IBS per Tahun'!BB16 -> 1.6151952 | Q16: ='Data IBS per Tahun'!BK16 -> 2.5846722 | R16: ='Data IBS per Tahun'!L16 -> 22.781011 | S16: ='Data IBS per Tahun'!U16 -> 25.862947 | T16: ='Data IBS per Tahun'!AD16 -> 16.955575 | U16: ='Data IBS per Tahun'!AM16 -> 21.226718 | V16: ='Data IBS per Tahun'!AV16 -> 15.366898 | W16: ='Data IBS per Tahun'!BE16 -> 13.85809 | X16: ='Data IBS per Tahun'!BN16 -> 14.629665
... A28: 33 | B28: Jasa Reparasi dan Pemasangan Mesin dan Peralatan | C28: ='Data IBS per Tahun'!C28 -> 3.33 | D28: ='Data IBS per Tahun'!F28 -> 36.784252 | E28: ='Data IBS per Tahun'!O28 -> 20.383268 | F28: ='Data IBS per Tahun'!X28 -> 0.39330311 | G28: ='Data IBS per Tahun'!AG28 -> 7.6597826 | H28: ='Data IBS per Tahun'!AP28 -> 3.4746887 | I28: ='Data IBS per Tahun'!AY28 -> 24.26511 | J28: ='Data IBS per Tahun'!BH28 -> 36.606967 | K28: ='Data IBS per Tahun'!I28 -> 40.142892 | L28: ='Data IBS per Tahun'!R28 -> 8.1247782 | M28: ='Data IBS per Tahun'!AA28 -> 5.0692507 | N28: ='Data IBS per Tahun'!AJ28 -> 17.360277 | O28: ='Data IBS per Tahun'!AS28 -> 2.2536718 | P28: ='Data IBS per Tahun'!BB28 -> 47.663581 | Q28: ='Data IBS per Tahun'!BK28 -> 18.278673 | R28: ='Data IBS per Tahun'!L28 -> 70.102767 | S28: ='Data IBS per Tahun'!U28 -> 34.700612 | T28: ='Data IBS per Tahun'!AD28 -> 22.461973 | U28: ='Data IBS per Tahun'!AM28 -> 19.919636 | V28: ='Data IBS per Tahun'!AV28 -> 16.597704 | W28: ='Data IBS per Tahun'!BE28 -> 219.26592 | X28: ='Data IBS per Tahun'!BN28 -> 47.627115
A31: Per Provinsi
A32: Kode Prov | B32: Uraian Deskripsi | C32: Eksposur Ekspor | D32: Eksposur Impor | K32: Biaya Energi | R32: Biaya Tenaga Kerja
C33: 2015 | D33: 2015 | E33: 2017 | F33: 2018 | G33: 2019 | H33: 2020 | I33: 2021 | J33: 2022 | K33: 2015 | L33: 2017 | M33: 2018 | N33: 2019 | O33: 2020 | P33: 2021 | Q33: 2022 | R33: 2015 | S33: 2017 | T33: 2018 | U33: 2019 | V33: 2020 | W33: 2021 | X33: 2022
A34: 11 | B34: Aceh | C34: ='Data IBS per Tahun'!C34 -> 52.56 | D34: ='Data IBS per Tahun'!F34 -> 1.9298599 | E34: ='Data IBS per Tahun'!O34 -> 5.3042313 | F34: ='Data IBS per Tahun'!X34 -> 0.33096501 | G34: ='Data IBS per Tahun'!AG34 -> 0.60668051 | H34: ='Data IBS per Tahun'!AP34 -> 2.2340829 | I34: ='Data IBS per Tahun'!AY34 -> 0.28026889 | J34: ='Data IBS per Tahun'!BH34 -> 1.6875567 | K34: ='Data IBS per Tahun'!I34 -> 22.881793 | L34: ='Data IBS per Tahun'!R34 -> 2.3096216 | M34: ='Data IBS per Tahun'!AA34 -> 3.9144696 | N34: ='Data IBS per Tahun'!AJ34 -> 4.6439732 | O34: ='Data IBS per Tahun'!AS34 -> 2.4045964 | P34: ='Data IBS per Tahun'!BB34 -> 2.523839 | Q34: ='Data IBS per Tahun'!BK34 -> 3.7841139 | R34: ='Data IBS per Tahun'!L34 -> 7.8270718 | S34: ='Data IBS per Tahun'!U34 -> 3.6555693 | T34: ='Data IBS per Tahun'!AD34 -> 11.78593 | U34: ='Data IBS per Tahun'!AM34 -> 9.6337763 | V34: ='Data IBS per Tahun'!AV34 -> 6.6508288 | W34: ='Data IBS per Tahun'!BE34 -> 6.0727701 | X34: ='Data IBS per Tahun'!BN34 -> 6.556044
A35: 12 | B35: Sumatera Utara | C35: ='Data IBS per Tahun'!C35 -> 73.708539 | D35: ='Data IBS per Tahun'!F35 -> 6.7991339 | E35: ='Data IBS per Tahun'!O35 -> 6.0327164 | F35: ='Data IBS per Tahun'!X35 -> 10.943522 | G35: ='Data IBS per Tahun'!AG35 -> 11.982184 | H35: ='Data IBS per Tahun'!AP35 -> 10.156831 | I35: ='Data IBS per Tahun'!AY35 -> 11.017647 | J35: ='Data IBS per Tahun'!BH35 -> 7.9632771 | K35: ='Data IBS per Tahun'!I35 -> 3.6896007 | L35: ='Data IBS per Tahun'!R35 -> 2.7997304 | M35: ='Data IBS per Tahun'!AA35 -> 3.4644919 | N35: ='Data IBS per Tahun'!AJ35 -> 2.9233244 | O35: ='Data IBS per Tahun'!AS35 -> 2.973817 | P35: ='Data IBS per Tahun'!BB35 -> 2.6381687 | Q35: ='Data IBS per Tahun'!BK35 -> 2.9654109 | R35: ='Data IBS per Tahun'!L35 -> 5.5291612 | S35: ='Data IBS per Tahun'!U35 -> 4.9645737 | T35: ='Data IBS per Tahun'!AD35 -> 5.7166129 | U35: ='Data IBS per Tahun'!AM35 -> 6.3567055 | V35: ='Data IBS per Tahun'!AV35 -> 6.0641202 | W35: ='Data IBS per Tahun'!BE35 -> 5.8565947 | X35: ='Data IBS per Tahun'!BN35 -> 5.1696765
A36: 13 | B36: Sumatera Barat | C36: ='Data IBS per Tahun'!C36 -> 62.238103 | D36: ='Data IBS per Tahun'!F36 -> 0.73298033 | E36: ='Data IBS per Tahun'!O36 -> 0.55905285 | F36: ='Data IBS per Tahun'!X36 -> 3.1384832 | G36: ='Data IBS per Tahun'!AG36 -> 5.5060856 | H36: ='Data IBS per Tahun'!AP36 -> 4.3839972 | I36: ='Data IBS per Tahun'!AY36 -> 3.5009209 | J36: ='Data IBS per Tahun'!BH36 -> 0.96051259 | K36: ='Data IBS per Tahun'!I36 -> 10.973861 | L36: ='Data IBS per Tahun'!R36 -> 6.7440372 | M36: ='Data IBS per Tahun'!AA36 -> 7.7603509 | N36: ='Data IBS per Tahun'!AJ36 -> 8.5536036 | O36: ='Data IBS per Tahun'!AS36 -> 7.5652911 | P36: ='Data IBS per Tahun'!BB36 -> 6.9155869 | Q36: ='Data IBS per Tahun'!BK36 -> 5.1537691 | R36: ='Data IBS per Tahun'!L36 -> 7.9833115 | S36: ='Data IBS per Tahun'!U36 -> 5.3912249 | T36: ='Data IBS per Tahun'!AD36 -> 7.5249437 | U36: ='Data IBS per Tahun'!AM36 -> 6.3402069 | V36: ='Data IBS per Tahun'!AV36 -> 5.174305 | W36: ='Data IBS per Tahun'!BE36 -> 5.068838 | X36: ='Data IBS per Tahun'!BN36 -> 2.3006415
A37: 14 | B37: Riau | C37: ='Data IBS per Tahun'!C37 -> 63.8541 | D37: ='Data IBS per Tahun'!F37 -> 0.47011442 | E37: ='Data IBS per Tahun'!O37 -> 1.0916159 | F37: ='Data IBS per Tahun'!X37 -> 5.3070037 | G37: ='Data IBS per Tahun'!AG37 -> 3.3554431 | H37: ='Data IBS per Tahun'!AP37 -> 3.8444344 | I37: ='Data IBS per Tahun'!AY37 -> 1.3072317 | J37: ='Data IBS per Tahun'!BH37 -> 0.76063299 | K37: ='Data IBS per Tahun'!I37 -> 1.388774 | L37: ='Data IBS per Tahun'!R37 -> 1.997758 | M37: ='Data IBS per Tahun'!AA37 -> 2.3793374 | N37: ='Data IBS per Tahun'!AJ37 -> 1.3154146 | O37: ='Data IBS per Tahun'!AS37 -> 1.7613692 | P37: ='Data IBS per Tahun'!BB37 -> 1.1833141 | Q37: ='Data IBS per Tahun'!BK37 -> 1.6420371 | R37: ='Data IBS per Tahun'!L37 -> 2.4224518 | S37: ='Data IBS per Tahun'!U37 -> 2.8913819 | T37: ='Data IBS per Tahun'!AD37 -> 2.4893289 | U37: ='Data IBS per Tahun'!AM37 -> 2.3944758 | V37: ='Data IBS per Tahun'!AV37 -> 2.0887252 | W37: ='Data IBS per Tahun'!BE37 -> 1.8133846 | X37: ='Data IBS per Tahun'!BN37 -> 1.7322497
A38: 17 | B38: Jambi | C38: ='Data IBS per Tahun'!C38 -> 71.364534 | D38: ='Data IBS per Tahun'!F38 -> 0.46810596 | E38: ='Data IBS per Tahun'!O38 -> 4.4745271 | F38: ='Data IBS per Tahun'!X38 -> 0.066281145 | G38: ='Data IBS per Tahun'!AG38 -> 0.066519508 | H38: ='Data IBS per Tahun'!AP38 -> 0.23526625 | I38: ='Data IBS per Tahun'!AY38 -> 1.0256564 | J38: ='Data IBS per Tahun'!BH38 -> 0.97251384 | K38: ='Data IBS per Tahun'!I38 -> 5.6438125 | L38: ='Data IBS per Tahun'!R38 -> 3.6249693 | M38: ='Data IBS per Tahun'!AA38 -> 9.0810614 | N38: ='Data IBS per Tahun'!AJ38 -> 3.2356237 | O38: ='Data IBS per Tahun'!AS38 -> 1.615057 | P38: ='Data IBS per Tahun'!BB38 -> 1.7562398 | Q38: ='Data IBS per Tahun'!BK38 -> 1.6218861 | R38: ='Data IBS per Tahun'!L38 -> 3.2442293 | S38: ='Data IBS per Tahun'!U38 -> 3.0626912 | T38: ='Data IBS per Tahun'!AD38 -> 5.2303399 | U38: ='Data IBS per Tahun'!AM38 -> 4.4170698 | V38: ='Data IBS per Tahun'!AV38 -> 4.0651347 | W38: ='Data IBS per Tahun'!BE38 -> 4.6143971 | X38: ='Data IBS per Tahun'!BN38 -> 5.0820267
A39: 16 | B39: Sumatera Selatan | C39: ='Data IBS per Tahun'!C39 -> 82.283256 | D39: ='Data IBS per Tahun'!F39 -> 0.98438138 | E39: ='Data IBS per Tahun'!O39 -> 0.91670591 | F39: ='Data IBS per Tahun'!X39 -> 13.531113 | G39: ='Data IBS per Tahun'!AG39 -> 9.3381953 | H39: ='Data IBS per Tahun'!AP39 -> 8.0163941 | I39: ='Data IBS per Tahun'!AY39 -> 21.10761 | J39: ='Data IBS per Tahun'!BH39 -> 5.9905761 | K39: ='Data IBS per Tahun'!I39 -> 4.4945637 | L39: ='Data IBS per Tahun'!R39 -> 6.0327129 | M39: ='Data IBS per Tahun'!AA39 -> 2.6835507 | N39: ='Data IBS per Tahun'!AJ39 -> 4.5004271 | O39: ='Data IBS per Tahun'!AS39 -> 5.2654355 | P39: ='Data IBS per Tahun'!BB39 -> 4.501143 | Q39: ='Data IBS per Tahun'!BK39 -> 6.0315825 | R39: ='Data IBS per Tahun'!L39 -> 8.139609 | S39: ='Data IBS per Tahun'!U39 -> 5.639923 | T39: ='Data IBS per Tahun'!AD39 -> 5.5190154 | U39: ='Data IBS per Tahun'!AM39 -> 5.6554831 | V39: ='Data IBS per Tahun'!AV39 -> 6.2131364 | W39: ='Data IBS per Tahun'!BE39 -> 6.059346 | X39: ='Data IBS per Tahun'!BN39 -> 6.4448753
A40: 17 | B40: Bengkulu | C40: ='Data IBS per Tahun'!C40 -> 86.892 | D40: ='Data IBS per Tahun'!F40 -> 0.0077126133 | E40: ='Data IBS per Tahun'!O40 -> 0.21943553 | F40: ='Data IBS per Tahun'!X40 -> 0.055701258 | G40: ='Data IBS per Tahun'!AG40 -> 0.4941638 | H40: ='Data IBS per Tahun'!AP40 -> 0.011206221 | I40: ='Data IBS per Tahun'!AY40 -> 0.014670293 | J40: ='Data IBS per Tahun'!BH40 -> 0.0046269137 | K40: ='Data IBS per Tahun'!I40 -> 1.8099967 | L40: ='Data IBS per Tahun'!R40 -> 1.4813897 | M40: ='Data IBS per Tahun'!AA40 -> 2.1785627 | N40: ='Data IBS per Tahun'!AJ40 -> 1.7469988 | O40: ='Data IBS per Tahun'!AS40 -> 1.2974416 | P40: ='Data IBS per Tahun'!BB40 -> 1.4274611 | Q40: ='Data IBS per Tahun'!BK40 -> 1.3979569 | R40: ='Data IBS per Tahun'!L40 -> 3.7773048 | S40: ='Data IBS per Tahun'!U40 -> 4.4400558 | T40: ='Data IBS per Tahun'!AD40 -> 3.6638732 | U40: ='Data IBS per Tahun'!AM40 -> 5.177268 | V40: ='Data IBS per Tahun'!AV40 -> 4.1512705 | W40: ='Data IBS per Tahun'!BE40 -> 3.0734201 | X40: ='Data IBS per Tahun'!BN40 -> 2.8383428
A41: 18 | B41: Lampung | C41: ='Data IBS per Tahun'!C41 -> 66.907639 | D41: ='Data IBS per Tahun'!F41 -> 13.29437 | E41: ='Data IBS per Tahun'!O41 -> 8.9576921 | F41: ='Data IBS per Tahun'!X41 -> 9.0841073 | G41: ='Data IBS per Tahun'!AG41 -> 11.332659 | H41: ='Data IBS per Tahun'!AP41 -> 16.6745 | I41: ='Data IBS per Tahun'!AY41 -> 6.4326442 | J41: ='Data IBS per Tahun'!BH41 -> 9.3969149 | K41: ='Data IBS per Tahun'!I41 -> 5.6245233 | L41: ='Data IBS per Tahun'!R41 -> 8.0669281 | M41: ='Data IBS per Tahun'!AA41 -> 6.4987331 | N41: ='Data IBS per Tahun'!AJ41 -> 2.0131575 | O41: ='Data IBS per Tahun'!AS41 -> 5.0594911 | P41: ='Data IBS per Tahun'!BB41 -> 2.0529966 | Q41: ='Data IBS per Tahun'!BK41 -> 3.7835383 | R41: ='Data IBS per Tahun'!L41 -> 5.9695598 | S41: ='Data IBS per Tahun'!U41 -> 5.9911926 | T41: ='Data IBS per Tahun'!AD41 -> 7.3260718 | U41: ='Data IBS per Tahun'!AM41 -> 7.2725682 | V41: ='Data IBS per Tahun'!AV41 -> 7.1616367 | W41: ='Data IBS per Tahun'!BE41 -> 4.6852055 | X41: ='Data IBS per Tahun'!BN41 -> 5.3641221
A42: 19 | B42: Bangka Belitung | C42: ='Data IBS per Tahun'!C42 -> 88.029707 | D42: ='Data IBS per Tahun'!F42 -> 0.39376654 | E42: ='Data IBS per Tahun'!O42 -> 0.26802744 | F42: ='Data IBS per Tahun'!X42 -> 1.183796 | G42: ='Data IBS per Tahun'!AG42 -> 0.59892423 | H42: ='Data IBS per Tahun'!AP42 -> 1.4427549 | I42: ='Data IBS per Tahun'!AY42 -> 0.40064984 | J42: ='Data IBS per Tahun'!BH42 -> 0.2130717 | K42: ='Data IBS per Tahun'!I42 -> 5.2130415 | L42: ='Data IBS per Tahun'!R42 -> 2.1119795 | M42: ='Data IBS per Tahun'!AA42 -> 2.7540223 | N42: ='Data IBS per Tahun'!AJ42 -> 1.8947255 | O42: ='Data IBS per Tahun'!AS42 -> 2.0351766 | P42: ='Data IBS per Tahun'!BB42 -> 1.9676743 | Q42: ='Data IBS per Tahun'!BK42 -> 1.6920474 | R42: ='Data IBS per Tahun'!L42 -> 4.2152207 | S42: ='Data IBS per Tahun'!U42 -> 8.354891 | T42: ='Data IBS per Tahun'!AD42 -> 4.7135712 | U42: ='Data IBS per Tahun'!AM42 -> 2.9513218 | V42: ='Data IBS per Tahun'!AV42 -> 3.2503557 | W42: ='Data IBS per Tahun'!BE42 -> 4.0147823 | X42: ='Data IBS per Tahun'!BN42 -> 3.8436936
A43: 21 | B43: Kepulauan Riau | C43: ='Data IBS per Tahun'!C43 -> 77.710719 | D43: ='Data IBS per Tahun'!F43 -> 38.265499 | E43: ='Data IBS per Tahun'!O43 -> 60.58307 | F43: ='Data IBS per Tahun'!X43 -> 67.879696 | G43: ='Data IBS per Tahun'!AG43 -> 49.23977 | H43: ='Data IBS per Tahun'!AP43 -> 61.543693 | I43: ='Data IBS per Tahun'!AY43 -> 49.970921 | J43: ='Data IBS per Tahun'!BH43 -> 52.639084 | K43: ='Data IBS per Tahun'!I43 -> 14.589796 | L43: ='Data IBS per Tahun'!R43 -> 8.8213263 | M43: ='Data IBS per Tahun'!AA43 -> 30.212966 | N43: ='Data IBS per Tahun'!AJ43 -> 5.8262503 | O43: ='Data IBS per Tahun'!AS43 -> 4.5814517 | P43: ='Data IBS per Tahun'!BB43 -> 5.9288808 | Q43: ='Data IBS per Tahun'!BK43 -> 10.280832 | R43: ='Data IBS per Tahun'!L43 -> 17.423993 | S43: ='Data IBS per Tahun'!U43 -> 32.34264 | T43: ='Data IBS per Tahun'!AD43 -> 41.025829 | U43: ='Data IBS per Tahun'!AM43 -> 21.151589 | V43: ='Data IBS per Tahun'!AV43 -> 20.853986 | W43: ='Data IBS per Tahun'!BE43 -> 26.572015 | X43: ='Data IBS per Tahun'!BN43 -> 16.57621
A44: 31 | B44: Dki Jakarta | C44: ='Data IBS per Tahun'!C44 -> 38.218827 | D44: ='Data IBS per Tahun'!F44 -> 30.348546 | E44: ='Data IBS per Tahun'!O44 -> 21.304113 | F44: ='Data IBS per Tahun'!X44 -> 22.527012 | G44: ='Data IBS per Tahun'!AG44 -> 29.796313 | H44: ='Data IBS per Tahun'!AP44 -> 39.125109 | I44: ='Data IBS per Tahun'!AY44 -> 38.156832 | J44: ='Data IBS per Tahun'!BH44 -> 41.99447 | K44: ='Data IBS per Tahun'!I44 -> 22.97523 | L44: ='Data IBS per Tahun'!R44 -> 8.9645403 | M44: ='Data IBS per Tahun'!AA44 -> 6.2478829 | N44: ='Data IBS per Tahun'!AJ44 -> 2.3314858 | O44: ='Data IBS per Tahun'!AS44 -> 1.7432375 | P44: ='Data IBS per Tahun'!BB44 -> 1.9079394 | Q44: ='Data IBS per Tahun'!BK44 -> 2.2284206 | R44: ='Data IBS per Tahun'!L44 -> 13.750462 | S44: ='Data IBS per Tahun'!U44 -> 9.7301938 | T44: ='Data IBS per Tahun'!AD44 -> 7.4626983 | U44: ='Data IBS per Tahun'!AM44 -> 7.8385218 | V44: ='Data IBS per Tahun'!AV44 -> 6.3943059 | W44: ='Data IBS per Tahun'!BE44 -> 6.6598989 | X44: ='Data IBS per Tahun'!BN44 -> 6.9505584
A45: 32 | B45: Jawa Barat | C45: ='Data IBS per Tahun'!C45 -> 36.321702 | D45: ='Data IBS per Tahun'!F45 -> 38.159048 | E45: ='Data IBS per Tahun'!O45 -> 28.60432 | F45: ='Data IBS per Tahun'!X45 -> 32.097 | G45: ='Data IBS per Tahun'!AG45 -> 30.403133 | H45: ='Data IBS per Tahun'!AP45 -> 36.804962 | I45: ='Data IBS per Tahun'!AY45 -> 38.496742 | J45: ='Data IBS per Tahun'!BH45 -> 38.619669 | K45: ='Data IBS per Tahun'!I45 -> 16.912712 | L45: ='Data IBS per Tahun'!R45 -> 10.145461 | M45: ='Data IBS per Tahun'!AA45 -> 8.3398893 | N45: ='Data IBS per Tahun'!AJ45 -> 3.9264977 | O45: ='Data IBS per Tahun'!AS45 -> 3.0317202 | P45: ='Data IBS per Tahun'!BB45 -> 3.1249618 | Q45: ='Data IBS per Tahun'!BK45 -> 4.5195088 | R45: ='Data IBS per Tahun'!L45 -> 10.496625 | S45: ='Data IBS per Tahun'!U45 -> 17.240763 | T45: ='Data IBS per Tahun'!AD45 -> 12.760444 | U45: ='Data IBS per Tahun'!AM45 -> 11.356439 | V45: ='Data IBS per Tahun'!AV45 -> 10.351612 | W45: ='Data IBS per Tahun'!BE45 -> 12.343271 | X45: ='Data IBS per Tahun'!BN45 -> 12.918695
... A66: 91 | B66: Papua Barat | C66: ='Data IBS per Tahun'!C66 -> 80.656 | D66: ='Data IBS per Tahun'!F66 -> 3.7155316 | E66: ='Data IBS per Tahun'!O66 -> 1.9568962 | F66: ='Data IBS per Tahun'!X66 -> 19.618496 | G66: ='Data IBS per Tahun'!AG66 -> 0.57229798 | H66: ='Data IBS per Tahun'!AP66 -> 11.568949 | I66: ='Data IBS per Tahun'!AY66 -> 0.46113169 | J66: ='Data IBS per Tahun'!BH66 -> 0.43200523 | K66: ='Data IBS per Tahun'!I66 -> 10.782682 | L66: ='Data IBS per Tahun'!R66 -> 3.0197821 | M66: ='Data IBS per Tahun'!AA66 -> 8.1850185 | N66: ='Data IBS per Tahun'!AJ66 -> 5.6827223 | O66: ='Data IBS per Tahun'!AS66 -> 15.136998 | P66: ='Data IBS per Tahun'!BB66 -> 4.4212071 | Q66: ='Data IBS per Tahun'!BK66 -> 6.8277943 | R66: ='Data IBS per Tahun'!L66 -> 4.1516194 | S66: ='Data IBS per Tahun'!U66 -> 4.0981423 | T66: ='Data IBS per Tahun'!AD66 -> 6.2343978 | U66: ='Data IBS per Tahun'!AM66 -> 6.4160511 | V66: ='Data IBS per Tahun'!AV66 -> 10.634285 | W66: ='Data IBS per Tahun'!BE66 -> 13.726235 | X66: ='Data IBS per Tahun'!BN66 -> 15.932287
A67: 92 | B67: Papua Barat Daya
A68: 94 | B68: Papua | C68: ='Data IBS per Tahun'!C68 -> 67.930431 | D68: ='Data IBS per Tahun'!F68 -> 0.0099857625 | E68: ='Data IBS per Tahun'!O68 -> 1.2506563 | F68: ='Data IBS per Tahun'!X68 -> 2.8957582 | G68: ='Data IBS per Tahun'!AG68 -> 0.43548775 | H68: ='Data IBS per Tahun'!AP68 -> 0.745138 | I68: ='Data IBS per Tahun'!AY68 -> 0.91382789 | J68: ='Data IBS per Tahun'!BH68 -> 0.031100896 | K68: ='Data IBS per Tahun'!I68 -> 7.0408039 | L68: ='Data IBS per Tahun'!R68 -> 1.9128884 | M68: ='Data IBS per Tahun'!AA68 -> 2.6623435 | N68: ='Data IBS per Tahun'!AJ68 -> 1.5108949 | O68: ='Data IBS per Tahun'!AS68 -> 0.81754265 | P68: ='Data IBS per Tahun'!BB68 -> 5.2310209 | Q68: ='Data IBS per Tahun'!BK68 -> 3.8986787 | R68: ='Data IBS per Tahun'!L68 -> 6.2228347 | S68: ='Data IBS per Tahun'!U68 -> 8.4644951 | T68: ='Data IBS per Tahun'!AD68 -> 3.9623963 | U68: ='Data IBS per Tahun'!AM68 -> 10.089422 | V68: ='Data IBS per Tahun'!AV68 -> 8.8441953 | W68: ='Data IBS per Tahun'!BE68 -> 15.817564 | X68: ='Data IBS per Tahun'!BN68 -> 15.756959
A69: 95 | B69: Papua Selatan
A70: 96 | B70: Papua Tengah
A71: 97 | B71: Papua Pegunungan

Sheet Data IBS per Tahun
A2: Per KBLI
A3: Kode KBLI | B3: Uraian Deskripsi | C3: 2015 | M3: 2017 | V3: 2018 | AE3: 2019 | AN3: 2020 | AW3: 2021 | BF3: 2022
C4: Export Share | D4: RIMVCU15 | E4: RTLVCU15 | F4: Import Exposure | G4: energy_cost | H4: RTLVCU15 | I4: Energy Share | J4: labour_cost | K4: RTLVCU15 | L4: Labour Intensity | M4: RIMVCU17 | N4: RTLVCU17 | O4: Import Exposure | P4: energy_cost | Q4: RTLVCU17 | R4: Energy Share | S4: labour_cost | T4: RTLVCU17 | U4: Labour Intensity | V4: RIMVCU | W4: RTLVCU | X4: Import Exposure | Y4: energy_cost | Z4: RTLVCU | AA4: Energy Share | AB4: labour_cost | AC4: RTLVCU | AD4: Labour Intensity | AE4: RIMVCU | AF4: RTLVCU | AG4: Import Exposure | AH4: energy_cost | AI4: RTLVCU | AJ4: Energy Share | AK4: labour_cost | AL4: RTLVCU | AM4: Labour Intensity | AN4: RIMVCU | AO4: RTLVCU | AP4: Import Exposure | AQ4: energy_cost | AR4: RTLVCU | AS4: Energy Share | AT4: labour_cost | AU4: RTLVCU | AV4: Labour Intensity | AW4: RIMVCU | AX4: RTLVCU | AY4: Import Exposure | AZ4: energy_cost | BA4: RTLVCU | BB4: Energy Share | BC4: labour_cost | BD4: RTLVCU | BE4: Labour Intensity | BF4: RIMVCU | BG4: RTLVCU | BH4: Exposure Import | BI4: energy_cost | BJ4: RTLVCU | BK4: Energy Share | BL4: labour_cost | BM4: RTLVCU | BN4: Labour Intensity
A5: 10 | B5: Makanan | C5: 57.76 | D5: 62679858819 | E5: 609335367566 | F5: =(D5/E5)*100 -> 10.286595 | G5: 30144913992 | H5: 609335367566 | I5: =(G5/H5)*100 -> 4.9471794 | J5: 25893980900 | K5: 609335367566 | L5: =(J5/K5)*100 -> 4.249545 | M5: 37923041752 | N5: 970613974191 | O5: =(M5/N5)*100 -> 3.9071189 | P5: 20708926770 | Q5: 970613974191 | R5: =(P5/Q5)*100 -> 2.1335904 | S5: 40085148051 | T5: 970613974191 | U5: =(S5/T5)*100 -> 4.1298754 | V5: 58207219217 | W5: 969311259125 | X5: =(V5/W5)*100 -> 6.0050081 | Y5: 26925343591 | Z5: 969311259125 | AA5: =(Y5/Z5)*100 -> 2.777781 | AB5: 44592210130 | AC5: 969311259125 | AD5: =(AB5/AC5)*100 -> 4.6004015 | AE5: 79.733.820.263 | AF5: 999.028.616.112 | AG5: =(AE5/AF5)*100 -> 7.9811348 | AH5: 17345430988 | AI5: 999028616112 | AJ5: =(AH5/AI5)*100 -> 1.7362296 | AK5: 46849397145 | AL5: 999028616112 | AM5: =(AK5/AL5)*100 -> 4.689495 | AN5: 107669940317 | AO5: 989932647333 | AP5: =(AN5/AO5)*100 -> 10.876492 | AQ5: 16152166920 | AR5: 989932647333 | AS5: =(AQ5/AR5)*100 -> 1.631643 | AT5: 44806512131 | AU5: 989932647333 | AV5: =(AT5/AU5)*100 -> 4.5262182 | AW5: 97450030131 | AX5: 1208407312280 | AY5: =(AW5/AX5)*100 -> 8.0643363 | AZ5: 14857746884 | BA5: 1208407312280 | BB5: =(AZ5/BA5)*100 -> 1.2295314 | BC5: 49225784483 | BD5: 1208407312280 | BE5: =(BC5/BD5)*100 -> 4.0736086 | BF5: 107197233851 | BG5: 1336242979303 | BH5: =(BF5/BG5)*100 -> 8.022286 | BI5: 23042303094 | BJ5: 1336242979303 | BK5: =(BI5/BJ5)*100 -> 1.7244097 | BL5: 50101716388 | BM5: 1336242979303 | BN5: =(BL5/BM5)*100 -> 3.7494466
A6: 11 | B6: Minuman | C6: 12.08 | D6: 1901988784 | E6: 10369604490 | F6: =(D6/E6)*100 -> 18.341961 | G6: 1177836035 | H6: 10369604490 | I6: =(G6/H6)*100 -> 11.358543 | J6: 2109256820 | K6: 10369604490 | L6: =(J6/K6)*100 -> 20.340764 | M6: 1124916113 | N6: 13513774921 | O6: =(M6/N6)*100 -> 8.3242182 | P6: 1223272330 | Q6: 13513774921 | R6: =(P6/Q6)*100 -> 9.0520401 | S6: 4062611327 | T6: 13513774921 | U6: =(S6/T6)*100 -> 30.062742 | V6: 2163388709 | W6: 24185128575 | X6: =(V6/W6)*100 -> 8.9451197 | Y6: 2080109747 | Z6: 24185128575 | AA6: =(Y6/Z6)*100 -> 8.6007802 | AB6: 4015864687 | AC6: 24185128575 | AD6: =(AB6/AC6)*100 -> 16.604686 | AE6: 1.274.052.369 | AF6: 25.831.324.129 | AG6: =(AE6/AF6)*100 -> 4.9321992 | AH6: 1084484927 | AI6: 25831324129 | AJ6: =(AH6/AI6)*100 -> 4.1983327 | AK6: 4148411421 | AL6: 25831324129 | AM6: =(AK6/AL6)*100 -> 16.059616 | AN6: 1652871956 | AO6: 21684837012 | AP6: =(AN6/AO6)*100 -> 7.6222475 | AQ6: 1474047240 | AR6: 21684837012 | AS6: =(AQ6/AR6)*100 -> 6.7975943 | AT6: 3535386231 | AU6: 21684837012 | AV6: =(AT6/AU6)*100 -> 16.303495 | AW6: 2518799119 | AX6: 21379769905 | AY6: =(AW6/AX6)*100 -> 11.781227 | AZ6: 2044228378 | BA6: 21379769905 | BB6: =(AZ6/BA6)*100 -> 9.5615079 | BC6: 4778960668 | BD6: 21379769905 | BE6: =(BC6/BD6)*100 -> 22.352723 | BF6: 3085138277 | BG6: 21045471624 | BH6: =(BF6/BG6)*100 -> 14.659392 | BI6: 2020455430 | BJ6: 21045471624 | BK6: =(BI6/BJ6)*100 -> 9.6004284 | BL6: 5041462849 | BM6: 21045471624 | BN6: =(BL6/BM6)*100 -> 23.955096
A7: 12 | B7: Pengolahan Tembakau | C7: 49.95 | D7: 3347864817 | E7: 63650305544 | F7: =(D7/E7)*100 -> 5.2597781 | G7: 4718718522 | H7: 63650305544 | I7: =(G7/H7)*100 -> 7.4135049 | J7: 6390544321 | K7: 63650305544 | L7: =(J7/K7)*100 -> 10.040084 | M7: 4044871217 | N7: 60198168732 | O7: =(M7/N7)*100 -> 6.7192596 | P7: 1038636693 | Q7: 60198168732 | R7: =(P7/Q7)*100 -> 1.7253626 | S7: 9484633110 | T7: 60198168732 | U7: =(S7/T7)*100 -> 15.755684 | V7: 2860402804 | W7: 125436621902 | X7: =(V7/W7)*100 -> 2.280357 | Y7: 1954808039 | Z7: 125436621902 | AA7: =(Y7/Z7)*100 -> 1.558403 | AB7: 7764683947 | AC7: 125436621902 | AD7: =(AB7/AC7)*100 -> 6.1901252 | AE7: 7.711.629.515 | AF7: 72.722.239.079 | AG7: =(AE7/AF7)*100 -> 10.604225 | AH7: 519942883 | AI7: 72722239079 | AJ7: =(AH7/AI7)*100 -> 0.71497095 | AK7: 9314334273 | AL7: 72722239079 | AM7: =(AK7/AL7)*100 -> 12.808096 | AN7: 2914987079 | AO7: 82072187508 | AP7: =(AN7/AO7)*100 -> 3.5517356 | AQ7: 446413279 | AR7: 82072187508 | AS7: =(AQ7/AR7)*100 -> 0.5439276 | AT7: 9757717390 | AU7: 82072187508 | AV7: =(AT7/AU7)*100 -> 11.889189 | AW7: 3574651443 | AX7: 86482830547 | AY7: =(AW7/AX7)*100 -> 4.1333655 | AZ7: 1542530922 | BA7: 86482830547 | BB7: =(AZ7/BA7)*100 -> 1.7836268 | BC7: 10798841250 | BD7: 86482830547 | BE7: =(BC7/BD7)*100 -> 12.486688 | BF7: 6978266005 | BG7: 101242863169 | BH7: =(BF7/BG7)*100 -> 6.8926004 | BI7: 849260187 | BJ7: 101242863169 | BK7: =(BI7/BJ7)*100 -> 0.83883462 | BL7: 11676437455 | BM7: 101242863169 | BN7: =(BL7/BM7)*100 -> 11.533097
A8: 13 | B8: Tekstil | C8: 40.83 | D8: 42190747771 | E8: 176698483872 | F8: =(D8/E8)*100 -> 23.877255 | G8: 31494392694 | H8: 176698483872 | I8: =(G8/H8)*100 -> 17.823805 | J8: 13438994471 | K8: 176698483872 | L8: =(J8/K8)*100 -> 7.6056083 | M8: 35172912207 | N8: 125510909356 | O8: =(M8/N8)*100 -> 28.023789 | P8: 16385160414 | Q8: 125510909356 | R8: =(P8/Q8)*100 -> 13.05477 | S8: 23274320176 | T8: 125510909356 | U8: =(S8/T8)*100 -> 18.543663 | V8: 53494257975 | W8: 186355514995 | X8: =(V8/W8)*100 -> 28.705487 | Y8: 19820767677 | Z8: 186355514995 | AA8: =(Y8/Z8)*100 -> 10.635997 | AB8: 23730379255 | AC8: 186355514995 | AD8: =(AB8/AC8)*100 -> 12.733929 | AE8: 45.675.259.851 | AF8: 200.702.945.858 | AG8: =(AE8/AF8)*100 -> 22.757643 | AH8: 11254705618 | AI8: 200702945858 | AJ8: =(AH8/AI8)*100 -> 5.6076435 | AK8: 24903997963 | AL8: 200702945858 | AM8: =(AK8/AL8)*100 -> 12.408387 | AN8: 52698628141 | AO8: 172195280009 | AP8: =(AN8/AO8)*100 -> 30.603991 | AQ8: 9656902014 | AR8: 172195280009 | AS8: =(AQ8/AR8)*100 -> 5.6081108 | AT8: 19182509714 | AU8: 172195280009 | AV8: =(AT8/AU8)*100 -> 11.139974 | AW8: 30444109540 | AX8: 146096909479 | AY8: =(AW8/AX8)*100 -> 20.838298 | AZ8: 5609559058 | BA8: 146096909479 | BB8: =(AZ8/BA8)*100 -> 3.8396151 | BC8: 16198007172 | BD8: 146096909479 | BE8: =(BC8/BD8)*100 -> 11.087166 | BF8: 46916141972 | BG8: 134810164401 | BH8: =(BF8/BG8)*100 -> 34.801635 | BI8: 11246193869 | BJ8: 134810164401 | BK8: =(BI8/BJ8)*100 -> 8.3422448 | BL8: 18470587673 | BM8: 134810164401 | BN8: =(BL8/BM8)*100 -> 13.701183
A9: 14 | B9: Pakaian Jadi | C9: 62.03 | D9: 27823551539 | E9: 68905833186 | F9: =(D9/E9)*100 -> 40.379095 | G9: 7442305193 | H9: 68905833186 | I9: =(G9/H9)*100 -> 10.80069 | J9: 16775653984 | K9: 68905833186 | L9: =(J9/K9)*100 -> 24.345768 | M9: 22046605095 | N9: 38923376524 | O9: =(M9/N9)*100 -> 56.64104 | P9: 3266433732 | Q9: 38923376524 | R9: =(P9/Q9)*100 -> 8.3919588 | S9: 31469298803 | T9: 38923376524 | U9: =(S9/T9)*100 -> 80.849355 | V9: 35130811600 | W9: 62272510589 | X9: =(V9/W9)*100 -> 56.414638 | Y9: 2661707216 | Z9: 62272510589 | AA9: =(Y9/Z9)*100 -> 4.2742892 | AB9: 30360512177 | AC9: 62272510589 | AD9: =(AB9/AC9)*100 -> 48.754277 | AE9: 41.834.149.917 | AF9: 94.057.832.436 | AG9: =(AE9/AF9)*100 -> 44.477051 | AH9: 2895310659 | AI9: 94057832436 | AJ9: =(AH9/AI9)*100 -> 3.0782239 | AK9: 31688674256 | AL9: 94057832436 | AM9: =(AK9/AL9)*100 -> 33.690628 | AN9: 39945142215 | AO9: 72146261656 | AP9: =(AN9/AO9)*100 -> 55.366891 | AQ9: 3971000914 | AR9: 72146261656 | AS9: =(AQ9/AR9)*100 -> 5.504098 | AT9: 26493526111 | AU9: 72146261656 | AV9: =(AT9/AU9)*100 -> 36.721967 | AW9: 96782344076 | AX9: 123453937801 | AY9: =(AW9/AX9)*100 -> 78.39551 | AZ9: 3503170512 | BA9: 123453937801 | BB9: =(AZ9/BA9)*100 -> 2.8376337 | BC9: 27480305411 | BD9: 123453937801 | BE9: =(BC9/BD9)*100 -> 22.259562 | BF9: 78994861330 | BG9: 111499255878 | BH9: =(BF9/BG9)*100 -> 70.847882 | BI9: 4520799735 | BJ9: 111499255878 | BK9: =(BI9/BJ9)*100 -> 4.054556 | BL9: 34095919555 | BM9: 111499255878 | BN9: =(BL9/BM9)*100 -> 30.579504
A10: 17 | B10: Kulit. Barang dari Kulit dan Alas Kaki | C10: 43.65 | D10: 5271909752 | E10: 19291362686 | F10: =(D10/E10)*100 -> 27.327825 | G10: 2168364179 | H10: 19291362686 | I10: =(G10/H10)*100 -> 11.240078 | J10: 6276885092 | K10: 19291362686 | L10: =(J10/K10)*100 -> 32.537282 | M10: 14898068620 | N10: 45135385140 | O10: =(M10/N10)*100 -> 33.007514 | P10: 2218624184 | Q10: 45135385140 | R10: =(P10/Q10)*100 -> 4.9154874 | S10: 17436654368 | T10: 45135385140 | U10: =(S10/T10)*100 -> 38.631894 | V10: 22597399231 | W10: 62479497910 | X10: =(V10/W10)*100 -> 36.167703 | Y10: 6550116860 | Z10: 62479497910 | AA10: =(Y10/Z10)*100 -> 10.483626 | AB10: 16529659687 | AC10: 62479497910 | AD10: =(AB10/AC10)*100 -> 26.456134 | AE10: 14.116.387.978 | AF10: 33.706.358.851 | AG10: =(AE10/AF10)*100 -> 41.880489 | AH10: 9690422423 | AI10: 33706358851 | AJ10: =(AH10/AI10)*100 -> 28.749538 | AK10: 17887443277 | AL10: 33706358851 | AM10: =(AK10/AL10)*100 -> 53.068453 | AN10: 19639881463 | AO10: 44989759308 | AP10: =(AN10/AO10)*100 -> 43.654115 | AQ10: 1326130389 | AR10: 44989759308 | AS10: =(AQ10/AR10)*100 -> 2.9476272 | AT10: 18615197029 | AU10: 44989759308 | AV10: =(AT10/AU10)*100 -> 41.376521 | AW10: 44522900685 | AX10: 85904995039 | AY10: =(AW10/AX10)*100 -> 51.82807 | AZ10: 750747107 | BA10: 85904995039 | BB10: =(AZ10/BA10)*100 -> 0.87392719 | BC10: 24340707012 | BD10: 85904995039 | BE10: =(BC10/BD10)*100 -> 28.334449 | BF10: 29062702170 | BG10: 83311090422 | BH10: =(BF10/BG10)*100 -> 34.884554 | BI10: 1868834910 | BJ10: 83311090422 | BK10: =(BI10/BJ10)*100 -> 2.2432006 | BL10: 28483216145 | BM10: 83311090422 | BN10: =(BL10/BM10)*100 -> 34.188985
A11: 16 | B11: Kayu. Barang dari Kayu dan Gabus (Tidak Termasuk Furnitur) dan Barang Anyaman dari Bambu. Rotan dan Sejenisnya | C11: 69.82 | D11: 1805316173 | E11: 26168751563 | F11: =(D11/E11)*100 -> 6.8987478 | G11: 2389417584 | H11: 26168751563 | I11: =(G11/H11)*100 -> 9.1308046 | J11: 6922174185 | K11: 26168751563 | L11: =(J11/K11)*100 -> 26.452061 | M11: 3190894024 | N11: 50340424570 | O11: =(M11/N11)*100 -> 6.3386315 | P11: 4899507625 | Q11: 50340424570 | R11: =(P11/Q11)*100 -> 9.7327499 | S11: 11380024997 | T11: 50340424570 | U11: =(S11/T11)*100 -> 22.606136 | V11: 3039748462 | W11: 58147193091 | X11: =(V11/W11)*100 -> 5.2276788 | Y11: 3152483980 | Z11: 58147193091 | AA11: =(Y11/Z11)*100 -> 5.4215583 | AB11: 9786654918 | AC11: 58147193091 | AD11: =(AB11/AC11)*100 -> 16.830829 | AE11: 2.096.227.616 | AF11: 44.523.382.282 | AG11: =(AE11/AF11)*100 -> 4.70815 | AH11: 2895407194 | AI11: 44523382282 | AJ11: =(AH11/AI11)*100 -> 6.503116 | AK11: 10062621698 | AL11: 44523382282 | AM11: =(AK11/AL11)*100 -> 22.600758 | AN11: 1977861871 | AO11: 40183723709 | AP11: =(AN11/AO11)*100 -> 4.9220473 | AQ11: 1754651344 | AR11: 40183723709 | AS11: =(AQ11/AR11)*100 -> 4.3665723 | AT11: 9024322040 | AU11: 40183723709 | AV11: =(AT11/AU11)*100 -> 22.457655 | AW11: 1803103409 | AX11: 39090409192 | AY11: =(AW11/AX11)*100 -> 4.6126491 | AZ11: 2024079963 | BA11: 39090409192 | BB11: =(AZ11/BA11)*100 -> 5.1779452 | BC11: 10062438512 | BD11: 39090409192 | BE11: =(BC11/BD11)*100 -> 25.741451 | BF11: 2354892702 | BG11: 36520781676 | BH11: =(BF11/BG11)*100 -> 6.4480895 | BI11: 2610949718 | BJ11: 36520781676 | BK11: =(BI11/BJ11)*100 -> 7.1492164 | BL11: 9499387842 | BM11: 36520781676 | BN11: =(BL11/BM11)*100 -> 26.010911
A12: 17 | B12: Kertas dan Barang dari Kertas | C12: 26.22 | D12: 11490049958 | E12: 77908130744 | F12: =(D12/E12)*100 -> 14.748204 | G12: 12137230717 | H12: 77908130744 | I12: =(G12/H12)*100 -> 15.578901 | J12: 6179589162 | K12: 77908130744 | L12: =(J12/K12)*100 -> 7.9318925 | M12: 7596903519 | N12: 62237992663 | O12: =(M12/N12)*100 -> 12.206216 | P12: 8625821665 | Q12: 62237992663 | R12: =(P12/Q12)*100 -> 13.859415 | S12: 11113748890 | T12: 62237992663 | U12: =(S12/T12)*100 -> 17.856856 | V12: 7868743129 | W12: 85346266442 | X12: =(V12/W12)*100 -> 9.219786 | Y12: 10948469269 | Z12: 85346266442 | AA12: =(Y12/Z12)*100 -> 12.828293 | AB12: 9438364872 | AC12: 85346266442 | AD12: =(AB12/AC12)*100 -> 11.058908 | AE12: 15.908.985.348 | AF12: 141.001.576.900 | AG12: =(AE12/AF12)*100 -> 11.282842 | AH12: 4126842703 | AI12: 141001576900 | AJ12: =(AH12/AI12)*100 -> 2.9268061 | AK12: 9996353898 | AL12: 141001576900 | AM12: =(AK12/AL12)*100 -> 7.0895334 | AN12: 16185710273 | AO12: 109371923119 | AP12: =(AN12/AO12)*100 -> 14.79878 | AQ12: 10855328977 | AR12: 109371923119 | AS12: =(AQ12/AR12)*100 -> 9.9251514 | AT12: 8605683715 | AU12: 109371923119 | AV12: =(AT12/AU12)*100 -> 7.868275 | AW12: 15729019504 | AX12: 127183505643 | AY12: =(AW12/AX12)*100 -> 12.367185 | AZ12: 5793540148 | BA12: 127183505643 | BB12: =(AZ12/BA12)*100 -> 4.5552606 | BC12: 12881537539 | BD12: 127183505643 | BE12: =(BC12/BD12)*100 -> 10.128308 | BF12: 17723844796 | BG12: 140217073693 | BH12: =(BF12/BG12)*100 -> 12.64029 | BI12: 9793538478 | BJ12: 140217073693 | BK12: =(BI12/BJ12)*100 -> 6.9845549 | BL12: 13287518873 | BM12: 140217073693 | BN12: =(BL12/BM12)*100 -> 9.4763915
A13: 18 | B13: Pencetakan dan Reproduksi Media Rekaman | C13: 22.25 | D13: 1285008755 | E13: 17941712752 | F13: =(D13/E13)*100 -> 7.1621298 | G13: 1827350553 | H13: 17941712752 | I13: =(G13/H13)*100 -> 10.184928 | J13: 2921366461 | K13: 17941712752 | L13: =(J13/K13)*100 -> 16.282539 | M13: 777221601 | N13: 13879946491 | O13: =(M13/N13)*100 -> 5.5996008 | P13: 1079627023 | Q13: 13879946491 | R13: =(P13/Q13)*100 -> 7.7783227 | S13: 8937060595 | T13: 13879946491 | U13: =(S13/T13)*100 -> 64.388293 | V13: 1717392387 | W13: 23576492335 | X13: =(V13/W13)*100 -> 7.2843422 | Y13: 1138224097 | Z13: 23576492335 | AA13: =(Y13/Z13)*100 -> 4.8277924 | AB13: 3119782668 | AC13: 23576492335 | AD13: =(AB13/AC13)*100 -> 13.232599 | AE13: 3.761.765.184 | AF13: 32.776.666.059 | AG13: =(AE13/AF13)*100 -> 11.476961 | AH13: 569535809 | AI13: 32776666059 | AJ13: =(AH13/AI13)*100 -> 1.7376258 | AK13: 4019006393 | AL13: 32776666059 | AM13: =(AK13/AL13)*100 -> 12.261791 | AN13: 6011587603 | AO13: 25802739919 | AP13: =(AN13/AO13)*100 -> 23.298253 | AQ13: 405694143 | AR13: 25802739919 | AS13: =(AQ13/AR13)*100 -> 1.5722909 | AT13: 3466754694 | AU13: 25802739919 | AV13: =(AT13/AU13)*100 -> 13.435607 | AW13: 967592073 | AX13: 14369316239 | AY13: =(AW13/AX13)*100 -> 6.7337378 | AZ13: 265710054 | BA13: 14369316239 | BB13: =(AZ13/BA13)*100 -> 1.8491489 | BC13: 3642164724 | BD13: 14369316239 | BE13: =(BC13/BD13)*100 -> 25.34682 | BF13: 1492578830 | BG13: 14483552618 | BH13: =(BF13/BG13)*100 -> 10.305336 | BI13: 446407753 | BJ13: 14483552618 | BK13: =(BI13/BJ13)*100 -> 3.0821703 | BL13: 3962681575 | BM13: 14483552618 | BN13: =(BL13/BM13)*100 -> 27.359873
A14: 19 | B14: Produk dari Batu Bara dan Pengilangan Minyak Bumi | C14: 38.05 | D14: 289975043 | E14: 2419126048 | F14: =(D14/E14)*100 -> 11.986769 | G14: 602955813 | H14: 2419126048 | I14: =(G14/H14)*100 -> 24.924531 | J14: 336034994 | K14: 2419126048 | L14: =(J14/K14)*100 -> 13.89076 | M14: 7186651363 | N14: 35135836134 | O14: =(M14/N14)*100 -> 20.453907 | P14: 1295724119 | Q14: 35135836134 | R14: =(P14/Q14)*100 -> 3.6877566 | S14: 1855763846 | T14: 35135836134 | U14: =(S14/T14)*100 -> 5.281684 | V14: 62416036113 | W14: 214427916528 | X14: =(V14/W14)*100 -> 29.108167 | Y14: 412323772 | Z14: 214427916528 | AA14: =(Y14/Z14)*100 -> 0.19229015 | AB14: 2480963339 | AC14: 214427916528 | AD14: =(AB14/AC14)*100 -> 1.1570151 | AE14: 40.107.530.108 | AF14: 174.299.379.900 | AG14: =(AE14/AF14)*100 -> 23.010713 | AH14: 1098711667 | AI14: 174299379900 | AJ14: =(AH14/AI14)*100 -> 0.63035891 | AK14: 1480730153 | AL14: 174299379900 | AM14: =(AK14/AL14)*100 -> 0.84953266 | AN14: 38239629656 | AO14: 164432696705 | AP14: =(AN14/AO14)*100 -> 23.25549 | AQ14: 6480603672 | AR14: 164432696705 | AS14: =(AQ14/AR14)*100 -> 3.9411892 | AT14: 3832943139 | AU14: 164432696705 | AV14: =(AT14/AU14)*100 -> 2.3310103 | AW14: 12322886793 | AX14: 157260060226 | AY14: =(AW14/AX14)*100 -> 7.8359927 | AZ14: 1138988971 | BA14: 157260060226 | BB14: =(AZ14/BA14)*100 -> 0.72427097 | BC14: 2372756890 | BD14: 157260060226 | BE14: =(BC14/BD14)*100 -> 1.5088109 | BF14: 62057216280 | BG14: 175886168800 | BH14: =(BF14/BG14)*100 -> 35.282602 | BI14: 2227161026 | BJ14: 175886168800 | BK14: =(BI14/BJ14)*100 -> 1.2662514 | BL14: 2676687632 | BM14: 175886168800 | BN14: =(BL14/BM14)*100 -> 1.5218295
A15: 20 | B15: Bahan Kimia dan Barang dari Bahan Kimia | C15: 32.9 | D15: 73366527169 | E15: 203793597646 | F15: =(D15/E15)*100 -> 36.000408 | G15: 38909532809 | H15: 203793597646 | I15: =(G15/H15)*100 -> 19.092618 | J15: 11412638739 | K15: 203793597646 | L15: =(J15/K15)*100 -> 5.6000968 | M15: 34066239545 | N15: 161143607608 | O15: =(M15/N15)*100 -> 21.140298 | P15: 19443370583 | Q15: 161143607608 | R15: =(P15/Q15)*100 -> 12.065865 | S15: 14221310629 | T15: 161143607608 | U15: =(S15/T15)*100 -> 8.8252403 | V15: 50140118015 | W15: 167925344861 | X15: =(V15/W15)*100 -> 29.858577 | Y15: 14938492469 | Z15: 167925344861 | AA15: =(Y15/Z15)*100 -> 8.8959129 | AB15: 16227750570 | AC15: 167925344861 | AD15: =(AB15/AC15)*100 -> 9.6636696 | AE15: 86.158.266.922 | AF15: 316.663.828.393 | AG15: =(AE15/AF15)*100 -> 27.208118 | AH15: 18500288090 | AI15: 316663828393 | AJ15: =(AH15/AI15)*100 -> 5.8422486 | AK15: 16884917296 | AL15: 316663828393 | AM15: =(AK15/AL15)*100 -> 5.3321269 | AN15: 166190515662 | AO15: 370262558962 | AP15: =(AN15/AO15)*100 -> 44.884505 | AQ15: 13503294173 | AR15: 370262558962 | AS15: =(AQ15/AR15)*100 -> 3.646951 | AT15: 16546330054 | AU15: 370262558962 | AV15: =(AT15/AU15)*100 -> 4.4688099 | AW15: 134155361072 | AX15: 475347418009 | AY15: =(AW15/AX15)*100 -> 28.222592 | AZ15: 17470925411 | BA15: 475347418009 | BB15: =(AZ15/BA15)*100 -> 3.6754013 | BC15: 21246502193 | BD15: 475347418009 | BE15: =(BC15/BD15)*100 -> 4.4696787 | BF15: 110898654270 | BG15: 389800120314 | BH15: =(BF15/BG15)*100 -> 28.450133 | BI15: 17218001526 | BJ15: 389800120314 | BK15: =(BI15/BJ15)*100 -> 4.417136 | BL15: 20123376679 | BM15: 389800120314 | BN15: =(BL15/BM15)*100 -> 5.162486
A16: 21 | B16: Farmasi. Produk Obat Kimia dan Obat Tradisional | C16: 18.1 | D16: 4056263220 | E16: 10552006786 | F16: =(D16/E16)*100 -> 38.440681 | G16: 2073209006 | H16: 10552006786 | I16: =(G16/H16)*100 -> 19.647533 | J16: 2403853862 | K16: 10552006786 | L16: =(J16/K16)*100 -> 22.781011 | M16: 9888651276 | N16: 20033844141 | O16: =(M16/N16)*100 -> 49.359729 | P16: 752791525 | Q16: 20033844141 | R16: =(P16/Q16)*100 -> 3.757599 | S16: 5181342477 | T16: 20033844141 | U16: =(S16/T16)*100 -> 25.862947 | V16: 11670519069 | W16: 35282058742 | X16: =(V16/W16)*100 -> 33.077772 | Y16: 1801854198 | Z16: 35282058742 | AA16: =(Y16/Z16)*100 -> 5.1069985 | AB16: 5982275806 | AC16: 35282058742 | AD16: =(AB16/AC16)*100 -> 16.955575 | AE16: 13.779.517.969 | AF16: 32.441.599.259 | AG16: =(AE16/AF16)*100 -> 42.474842 | AH16: 815033164 | AI16: 32441599259 | AJ16: =(AH16/AI16)*100 -> 2.5123088 | AK16: 6886286678 | AL16: 32441599259 | AM16: =(AK16/AL16)*100 -> 21.226718 | AN16: 15051989754 | AO16: 41106422321 | AP16: =(AN16/AO16)*100 -> 36.617124 | AQ16: 1888872802 | AR16: 41106422321 | AS16: =(AQ16/AR16)*100 -> 4.5950795 | AT16: 6316781868 | AU16: 41106422321 | AV16: =(AT16/AU16)*100 -> 15.366898 | AW16: 24414522480 | AX16: 50614988169 | AY16: =(AW16/AX16)*100 -> 48.235757 | AZ16: 817530864 | BA16: 50614988169 | BB16: =(AZ16/BA16)*100 -> 1.6151952 | BC16: 7014270785 | BD16: 50614988169 | BE16: =(BC16/BD16)*100 -> 13.85809 | BF16: 23964728565 | BG16: 46349835948 | BH16: =(BF16/BG16)*100 -> 51.70402 | BI16: 1197991347 | BJ16: 46349835948 | BK16: =(BI16/BJ16)*100 -> 2.5846722 | BL16: 6780825905 | BM16: 46349835948 | BN16: =(BL16/BM16)*100 -> 14.629665
... A28: 33 | B28: Jasa Reparasi dan Pemasangan Mesin dan Peralatan | C28: 3.33 | D28: 367686343 | E28: 999575416 | F28: =(D28/E28)*100 -> 36.784252 | G28: 401258477 | H28: 999575416 | I28: =(G28/H28)*100 -> 40.142892 | J28: 700730026 | K28: 999575416 | L28: =(J28/K28)*100 -> 70.102767 | M28: 1317914302 | N28: 6465667393 | O28: =(M28/N28)*100 -> 20.383268 | P28: 525321136 | Q28: 6465667393 | R28: =(P28/Q28)*100 -> 8.1247782 | S28: 2243626127 | T28: 6465667393 | U28: =(S28/T28)*100 -> 34.700612 | V28: 24566279 | W28: 6246144097 | X28: =(V28/W28)*100 -> 0.39330311 | Y28: 316632706 | Z28: 6246144097 | AA28: =(Y28/Z28)*100 -> 5.0692507 | AB28: 1403007192 | AC28: 6246144097 | AD28: =(AB28/AC28)*100 -> 22.461973 | AE28: 699.372.084 | AF28: 9.130.443.027 | AG28: =(AE28/AF28)*100 -> 7.6597826 | AH28: 1585070166 | AI28: 9130443027 | AJ28: =(AH28/AI28)*100 -> 17.360277 | AK28: 1818751015 | AL28: 9130443027 | AM28: =(AK28/AL28)*100 -> 19.919636 | AN28: 331247619 | AO28: 9533159566 | AP28: =(AN28/AO28)*100 -> 3.4746887 | AQ28: 214846128 | AR28: 9533159566 | AS28: =(AQ28/AR28)*100 -> 2.2536718 | AT28: 1582285603 | AU28: 9533159566 | AV28: =(AT28/AU28)*100 -> 16.597704 | AW28: 334365823 | AX28: 1377969527 | AY28: =(AW28/AX28)*100 -> 24.26511 | AZ28: 656789619 | BA28: 1377969527 | BB28: =(AZ28/BA28)*100 -> 47.663581 | BC28: 3021417555 | BD28: 1377969527 | BE28: =(BC28/BD28)*100 -> 219.26592 | BF28: 1746579747 | BG28: 4771167542 | BH28: =(BF28/BG28)*100 -> 36.606967 | BI28: 872106091 | BJ28: 4771167542 | BK28: =(BI28/BJ28)*100 -> 18.278673 | BL28: 2272369460 | BM28: 4771167542 | BN28: =(BL28/BM28)*100 -> 47.627115
A31: Per Provinsi
A32: Kode Prov | B32: Uraian Deskripsi | C32: 2015 | M32: 2017 | V32: 2018 | AE32: 2019 | AN32: 2020 | AW32: 2021 | BF32: 2022
C33: Export Share | D33: RIMVCU15 | E33: RTLVCU15 | F33: Import Exposure | G33: energy_cost | H33: RTLVCU15 | I33: Energy Share | J33: labour_cost | K33: RTLVCU15 | L33: Labour Intensity | M33: RIMVCU17 | N33: RTLVCU17 | O33: Import Exposure | P33: energy_cost | Q33: RTLVCU17 | R33: Energy Share | S33: labour_cost | T33: RTLVCU17 | U33: Labour Intensity | V33: RIMVCU | W33: RTLVCU | X33: Import Exposure | Y33: energy_cost | Z33: RTLVCU | AA33: Energy Share | AB33: labour_cost | AC33: RTLVCU | AD33: Labour Intensity | AE33: RIMVCU | AF33: RTLVCU | AG33: Import Exposure | AH33: energy_cost | AI33: RTLVCU | AJ33: Energy Share | AK33: labour_cost | AL33: RTLVCU | AM33: Labour Intensity | AN33: RIMVCU | AO33: RTLVCU | AP33: Import Exposure | AQ33: energy_cost | AR33: RTLVCU | AS33: Energy Share | AT33: labour_cost | AU33: RTLVCU | AV33: Labour Intensity | AW33: RIMVCU | AX33: RTLVCU | AY33: Import Exposure | AZ33: energy_cost | BA33: RTLVCU | BB33: Energy Share | BC33: labour_cost | BD33: RTLVCU | BE33: Labour Intensity | BF33: RIMVCU | BG33: RTLVCU | BH33: Exposure Import | BI33: energy_cost | BJ33: RTLVCU | BK33: Energy Share | BL33: labour_cost | BM33: RTLVCU | BN33: Labour Intensity
A34: 11 | B34: Aceh | C34: 52.56 | D34: 170231335 | E34: 8820916624 | F34: =(D34/E34)*100 -> 1.9298599 | G34: 2018383901 | H34: 8820916624 | I34: =(G34/H34)*100 -> 22.881793 | J34: 690419475 | K34: 8820916624 | L34: =(J34/K34)*100 -> 7.8270718 | M34: 560187181 | N34: 10561137837 | O34: =(M34/N34)*100 -> 5.3042313 | P34: 243922316 | Q34: 10561137837 | R34: =(P34/Q34)*100 -> 2.3096216 | S34: 3.8606971e+08 | T34: 10561137837 | U34: =(S34/T34)*100 -> 3.6555693 | V34: 23336962 | W34: 7051187039 | X34: =(V34/W34)*100 -> 0.33096501 | Y34: 276016573 | Z34: 7051187039 | AA34: =(Y34/Z34)*100 -> 3.9144696 | AB34: 831047940 | AC34: 7051187039 | AD34: =(AB34/AC34)*100 -> 11.78593 | AE34: 48822112 | AF34: 8047417222 | AG34: =(AE34/AF34)*100 -> 0.60668051 | AH34: 373719903 | AI34: 8047417222 | AJ34: =(AH34/AI34)*100 -> 4.6439732 | AK34: 775270171 | AL34: 8047417222 | AM34: =(AK34/AL34)*100 -> 9.6337763 | AN34: 177589427 | AO34: 7949097525 | AP34: =(AN34/AO34)*100 -> 2.2340829 | AQ34: 191143710 | AR34: 7949097525 | AS34: =(AQ34/AR34)*100 -> 2.4045964 | AT34: 528680869 | AU34: 7949097525 | AV34: =(AT34/AU34)*100 -> 6.6508288 | AW34: 29051068 | AX34: 10365427235 | AY34: =(AW34/AX34)*100 -> 0.28026889 | AZ34: 261606698 | BA34: 10365427235 | BB34: =(AZ34/BA34)*100 -> 2.523839 | BC34: 629468564 | BD34: 10365427235 | BE34: =(BC34/BD34)*100 -> 6.0727701 | BF34: 164026402 | BG34: 9719756213 | BH34: =(BF34/BG34)*100 -> 1.6875567 | BI34: 367806643 | BJ34: 9719756213 | BK34: =(BI34/BJ34)*100 -> 3.7841139 | BL34: 637231492 | BM34: 9719756213 | BN34: =(BL34/BM34)*100 -> 6.556044
A35: 12 | B35: Sumatera Utara | C35: 73.708539 | D35: 6823373210 | E35: 100356505678 | F35: =(D35/E35)*100 -> 6.7991339 | G35: 3702754343 | H35: 100356505678 | I35: =(G35/H35)*100 -> 3.6896007 | J35: 5548872937 | K35: 100356505678 | L35: =(J35/K35)*100 -> 5.5291612 | M35: 12901656695 | N35: 213861480323 | O35: =(M35/N35)*100 -> 6.0327164 | P35: 5987544954 | Q35: 213861480323 | R35: =(P35/Q35)*100 -> 2.7997304 | S35: 1.0617311e+10 | T35: 213861480323 | U35: =(S35/T35)*100 -> 4.9645737 | V35: 17335567949 | W35: 158409403320 | X35: =(V35/W35)*100 -> 10.943522 | Y35: 5488080889 | Z35: 158409403320 | AA35: =(Y35/Z35)*100 -> 3.4644919 | AB35: 9055652434 | AC35: 158409403320 | AD35: =(AB35/AC35)*100 -> 5.7166129 | AE35: 19571798149 | AF35: 163340830845 | AG35: =(AE35/AF35)*100 -> 11.982184 | AH35: 4774982432 | AI35: 163340830845 | AJ35: =(AH35/AI35)*100 -> 2.9233244 | AK35: 10383095645 | AL35: 163340830845 | AM35: =(AK35/AL35)*100 -> 6.3567055 | AN35: 15610218354 | AO35: 153691817188 | AP35: =(AN35/AO35)*100 -> 10.156831 | AQ35: 4570513315 | AR35: 153691817188 | AS35: =(AQ35/AR35)*100 -> 2.973817 | AT35: 9320056473 | AU35: 153691817188 | AV35: =(AT35/AU35)*100 -> 6.0641202 | AW35: 19266218953 | AX35: 174866906441 | AY35: =(AW35/AX35)*100 -> 11.017647 | AZ35: 4613283992 | BA35: 174866906441 | BB35: =(AZ35/BA35)*100 -> 2.6381687 | BC35: 10241245954 | BD35: 174866906441 | BE35: =(BC35/BD35)*100 -> 5.8565947 | BF35: 14540920982 | BG35: 182599712133 | BH35: =(BF35/BG35)*100 -> 7.9632771 | BI35: 5414831810 | BJ35: 182599712133 | BK35: =(BI35/BJ35)*100 -> 2.9654109 | BL35: 9439814473 | BM35: 182599712133 | BN35: =(BL35/BM35)*100 -> 5.1696765
A36: 13 | B36: Sumatera Barat | C36: 62.238103 | D36: 154508381 | E36: 21079471667 | F36: =(D36/E36)*100 -> 0.73298033 | G36: 2313231872 | H36: 21079471667 | I36: =(G36/H36)*100 -> 10.973861 | J36: 1682839880 | K36: 21079471667 | L36: =(J36/K36)*100 -> 7.9833115 | M36: 180047902 | N36: 32205882157 | O36: =(M36/N36)*100 -> 0.55905285 | P36: 2171976676 | Q36: 32205882157 | R36: =(P36/Q36)*100 -> 6.7440372 | S36: 1.7362915e+09 | T36: 32205882157 | U36: =(S36/T36)*100 -> 5.3912249 | V36: 866634300 | W36: 27613157088 | X36: =(V36/W36)*100 -> 3.1384832 | Y36: 2142877887 | Z36: 27613157088 | AA36: =(Y36/Z36)*100 -> 7.7603509 | AB36: 2077874517 | AC36: 27613157088 | AD36: =(AB36/AC36)*100 -> 7.5249437 | AE36: 1429072456 | AF36: 25954417520 | AG36: =(AE36/AF36)*100 -> 5.5060856 | AH36: 2220037994 | AI36: 25954417520 | AJ36: =(AH36/AI36)*100 -> 8.5536036 | AK36: 1645563759 | AL36: 25954417520 | AM36: =(AK36/AL36)*100 -> 6.3402069 | AN36: 1081866390 | AO36: 24677624764 | AP36: =(AN36/AO36)*100 -> 4.3839972 | AQ36: 1866934159 | AR36: 24677624764 | AS36: =(AQ36/AR36)*100 -> 7.5652911 | AT36: 1276895571 | AU36: 24677624764 | AV36: =(AT36/AU36)*100 -> 5.174305 | AW36: 1000251558 | AX36: 28571098154 | AY36: =(AW36/AX36)*100 -> 3.5009209 | AZ36: 1975859118 | BA36: 28571098154 | BB36: =(AZ36/BA36)*100 -> 6.9155869 | BC36: 1448222670 | BD36: 28571098154 | BE36: =(BC36/BD36)*100 -> 5.068838 | BF36: 350385776 | BG36: 36479040340 | BH36: =(BF36/BG36)*100 -> 0.96051259 | BI36: 1880045511 | BJ36: 36479040340 | BK36: =(BI36/BJ36)*100 -> 5.1537691 | BL36: 839251955 | BM36: 36479040340 | BN36: =(BL36/BM36)*100 -> 2.3006415
A37: 14 | B37: Riau | C37: 63.8541 | D37: 605524297 | E37: 128803599951 | F37: =(D37/E37)*100 -> 0.47011442 | G37: 1788790913 | H37: 128803599951 | I37: =(G37/H37)*100 -> 1.388774 | J37: 3120205109 | K37: 128803599951 | L37: =(J37/K37)*100 -> 2.4224518 | M37: 1973177933 | N37: 180757531642 | O37: =(M37/N37)*100 -> 1.0916159 | P37: 3611098021 | Q37: 180757531642 | R37: =(P37/Q37)*100 -> 1.997758 | S37: 5.2263905e+09 | T37: 180757531642 | U37: =(S37/T37)*100 -> 2.8913819 | V37: 13846439885 | W37: 260908803824 | X37: =(V37/W37)*100 -> 5.3070037 | Y37: 6207900656 | Z37: 260908803824 | AA37: =(Y37/Z37)*100 -> 2.3793374 | AB37: 6494878213 | AC37: 260908803824 | AD37: =(AB37/AC37)*100 -> 2.4893289 | AE37: 8678927364 | AF37: 258652200242 | AG37: =(AE37/AF37)*100 -> 3.3554431 | AH37: 3402348821 | AI37: 258652200242 | AJ37: =(AH37/AI37)*100 -> 1.3154146 | AK37: 6193364348 | AL37: 258652200242 | AM37: =(AK37/AL37)*100 -> 2.3944758 | AN37: 9.2584831e+09 | AO37: 2.4082823e+11 | AP37: =(AN37/AO37)*100 -> 3.8444344 | AQ37: 4241874204 | AR37: 2.4082823e+11 | AS37: =(AQ37/AR37)*100 -> 1.7613692 | AT37: 5030239921 | AU37: 2.4082823e+11 | AV37: =(AT37/AU37)*100 -> 2.0887252 | AW37: 4490077334 | AX37: 343479837631 | AY37: =(AW37/AX37)*100 -> 1.3072317 | AZ37: 4064445277 | BA37: 343479837631 | BB37: =(AZ37/BA37)*100 -> 1.1833141 | BC37: 6228610512 | BD37: 343479837631 | BE37: =(BC37/BD37)*100 -> 1.8133846 | BF37: 2948704684 | BG37: 387664580703 | BH37: =(BF37/BG37)*100 -> 0.76063299 | BI37: 6365596074 | BJ37: 387664580703 | BK37: =(BI37/BJ37)*100 -> 1.6420371 | BL37: 6715318481 | BM37: 387664580703 | BN37: =(BL37/BM37)*100 -> 1.7322497
A38: 17 | B38: Jambi | C38: 71.364534 | D38: 159394465 | E38: 34050936779 | F38: =(D38/E38)*100 -> 0.46810596 | G38: 1921771024 | H38: 34050936779 | I38: =(G38/H38)*100 -> 5.6438125 | J38: 1104690480 | K38: 34050936779 | L38: =(J38/K38)*100 -> 3.2442293 | M38: 1577144035 | N38: 35247166973 | O38: =(M38/N38)*100 -> 4.4745271 | P38: 1277698982 | Q38: 35247166973 | R38: =(P38/Q38)*100 -> 3.6249693 | S38: 1.0795119e+09 | T38: 35247166973 | U38: =(S38/T38)*100 -> 3.0626912 | V38: 15265873 | W38: 23031999680 | X38: =(V38/W38)*100 -> 0.066281145 | Y38: 2091550041 | Z38: 23031999680 | AA38: =(Y38/Z38)*100 -> 9.0810614 | AB38: 1204651874 | AC38: 23031999680 | AD38: =(AB38/AC38)*100 -> 5.2303399 | AE38: 20305852 | AF38: 30526160994 | AG38: =(AE38/AF38)*100 -> 0.066519508 | AH38: 987711711 | AI38: 30526160994 | AJ38: =(AH38/AI38)*100 -> 3.2356237 | AK38: 1348361848 | AL38: 30526160994 | AM38: =(AK38/AL38)*100 -> 4.4170698 | AN38: 73364809 | AO38: 31183737733 | AP38: =(AN38/AO38)*100 -> 0.23526625 | AQ38: 503635135 | AR38: 31183737733 | AS38: =(AQ38/AR38)*100 -> 1.615057 | AT38: 1267660939 | AU38: 31183737733 | AV38: =(AT38/AU38)*100 -> 4.0651347 | AW38: 337175150 | AX38: 32874083384 | AY38: =(AW38/AX38)*100 -> 1.0256564 | AZ38: 577347733 | BA38: 32874083384 | BB38: =(AZ38/BA38)*100 -> 1.7562398 | BC38: 1516940734 | BD38: 32874083384 | BE38: =(BC38/BD38)*100 -> 4.6143971 | BF38: 344891575 | BG38: 35463924503 | BH38: =(BF38/BG38)*100 -> 0.97251384 | BI38: 575184457 | BJ38: 35463924503 | BK38: =(BI38/BJ38)*100 -> 1.6218861 | BL38: 1802286128 | BM38: 35463924503 | BN38: =(BL38/BM38)*100 -> 5.0820267
A39: 16 | B39: Sumatera Selatan | C39: 82.283256 | D39: 258634503 | E39: 26273811083 | F39: =(D39/E39)*100 -> 0.98438138 | G39: 1180893168 | H39: 26273811083 | I39: =(G39/H39)*100 -> 4.4945637 | J39: 2138585482 | K39: 26273811083 | L39: =(J39/K39)*100 -> 8.139609 | M39: 530336409 | N39: 57852404400 | O39: =(M39/N39)*100 -> 0.91670591 | P39: 3490069458 | Q39: 57852404400 | R39: =(P39/Q39)*100 -> 6.0327129 | S39: 3.2628311e+09 | T39: 57852404400 | U39: =(S39/T39)*100 -> 5.639923 | V39: 8824115765 | W39: 65213527147 | X39: =(V39/W39)*100 -> 13.531113 | Y39: 1750038079 | Z39: 65213527147 | AA39: =(Y39/Z39)*100 -> 2.6835507 | AB39: 3599144598 | AC39: 65213527147 | AD39: =(AB39/AC39)*100 -> 5.5190154 | AE39: 7456294265 | AF39: 79847272814 | AG39: =(AE39/AF39)*100 -> 9.3381953 | AH39: 3593468329 | AI39: 79847272814 | AJ39: =(AH39/AI39)*100 -> 4.5004271 | AK39: 4515749029 | AL39: 79847272814 | AM39: =(AK39/AL39)*100 -> 5.6554831 | AN39: 5.453463e+09 | AO39: 6.8028879e+10 | AP39: =(AN39/AO39)*100 -> 8.0163941 | AQ39: 3582016760 | AR39: 6.8028879e+10 | AS39: =(AQ39/AR39)*100 -> 5.2654355 | AT39: 4226727059 | AU39: 6.8028879e+10 | AV39: =(AT39/AU39)*100 -> 6.2131364 | AW39: 22276393405 | AX39: 105537259897 | AY39: =(AW39/AX39)*100 -> 21.10761 | AZ39: 4750382960 | BA39: 105537259897 | BB39: =(AZ39/BA39)*100 -> 4.501143 | BC39: 6394867736 | BD39: 105537259897 | BE39: =(BC39/BD39)*100 -> 6.059346 | BF39: 4675770854 | BG39: 78052106215 | BH39: =(BF39/BG39)*100 -> 5.9905761 | BI39: 4707777162 | BJ39: 78052106215 | BK39: =(BI39/BJ39)*100 -> 6.0315825 | BL39: 5030360921 | BM39: 78052106215 | BN39: =(BL39/BM39)*100 -> 6.4448753
A40: 17 | B40: Bengkulu | C40: 86.892 | D40: 438931 | E40: 5691080106 | F40: =(D40/E40)*100 -> 0.0077126133 | G40: 103008362 | H40: 5691080106 | I40: =(G40/H40)*100 -> 1.8099967 | J40: 214969441 | K40: 5691080106 | L40: =(J40/K40)*100 -> 3.7773048 | M40: 19093368 | N40: 8701128568 | O40: =(M40/N40)*100 -> 0.21943553 | P40: 128897621 | Q40: 8701128568 | R40: =(P40/Q40)*100 -> 1.4813897 | S40: 386334964 | T40: 8701128568 | U40: =(S40/T40)*100 -> 4.4400558 | V40: 4072119 | W40: 7310641012 | X40: =(V40/W40)*100 -> 0.055701258 | Y40: 159266897 | Z40: 7310641012 | AA40: =(Y40/Z40)*100 -> 2.1785627 | AB40: 267852619 | AC40: 7310641012 | AD40: =(AB40/AC40)*100 -> 3.6638732 | AE40: 33952386 | AF40: 6870674414 | AG40: =(AE40/AF40)*100 -> 0.4941638 | AH40: 120030601 | AI40: 6870674414 | AJ40: =(AH40/AI40)*100 -> 1.7469988 | AK40: 355713228 | AL40: 6870674414 | AM40: =(AK40/AL40)*100 -> 5.177268 | AN40: 834784 | AO40: 7449291086 | AP40: =(AN40/AO40)*100 -> 0.011206221 | AQ40: 96650202 | AR40: 7449291086 | AS40: =(AQ40/AR40)*100 -> 1.2974416 | AT40: 309240223 | AU40: 7449291086 | AV40: =(AT40/AU40)*100 -> 4.1512705 | AW40: 1399332 | AX40: 9538541699 | AY40: =(AW40/AX40)*100 -> 0.014670293 | AZ40: 136158976 | BA40: 9538541699 | BB40: =(AZ40/BA40)*100 -> 1.4274611 | BC40: 293159462 | BD40: 9538541699 | BE40: =(BC40/BD40)*100 -> 3.0734201 | BF40: 510031 | BG40: 11023136204 | BH40: =(BF40/BG40)*100 -> 0.0046269137 | BI40: 154098693 | BJ40: 11023136204 | BK40: =(BI40/BJ40)*100 -> 1.3979569 | BL40: 312874398 | BM40: 11023136204 | BN40: =(BL40/BM40)*100 -> 2.8383428
A41: 18 | B41: Lampung | C41: 66.907639 | D41: 4166076470 | E41: 31337148301 | F41: =(D41/E41)*100 -> 13.29437 | G41: 1762565217 | H41: 31337148301 | I41: =(G41/H41)*100 -> 5.6245233 | J41: 1870689809 | K41: 31337148301 | L41: =(J41/K41)*100 -> 5.9695598 | M41: 3439461386 | N41: 38396736101 | O41: =(M41/N41)*100 -> 8.9576921 | P41: 3097437113 | Q41: 38396736101 | R41: =(P41/Q41)*100 -> 8.0669281 | S41: 2.3004224e+09 | T41: 38396736101 | U41: =(S41/T41)*100 -> 5.9911926 | V41: 3216856049 | W41: 35411911446 | X41: =(V41/W41)*100 -> 9.0841073 | Y41: 2301325596 | Z41: 35411911446 | AA41: =(Y41/Z41)*100 -> 6.4987331 | AB41: 2594302062 | AC41: 35411911446 | AD41: =(AB41/AC41)*100 -> 7.3260718 | AE41: 4378919510 | AF41: 38639822949 | AG41: =(AE41/AF41)*100 -> 11.332659 | AH41: 777880507 | AI41: 38639822949 | AJ41: =(AH41/AI41)*100 -> 2.0131575 | AK41: 2810107487 | AL41: 38639822949 | AM41: =(AK41/AL41)*100 -> 7.2725682 | AN41: 6074567665 | AO41: 36430283373 | AP41: =(AN41/AO41)*100 -> 16.6745 | AQ41: 1843186933 | AR41: 36430283373 | AS41: =(AQ41/AR41)*100 -> 5.0594911 | AT41: 2609004560 | AU41: 36430283373 | AV41: =(AT41/AU41)*100 -> 7.1616367 | AW41: 3190587221 | AX41: 49599932807 | AY41: =(AW41/AX41)*100 -> 6.4326442 | AZ41: 1018284951 | BA41: 49599932807 | BB41: =(AZ41/BA41)*100 -> 2.0529966 | BC41: 2323858803 | BD41: 49599932807 | BE41: =(BC41/BD41)*100 -> 4.6852055 | BF41: 4516834601 | BG41: 48067207842 | BH41: =(BF41/BG41)*100 -> 9.3969149 | BI41: 1818641239 | BJ41: 48067207842 | BK41: =(BI41/BJ41)*100 -> 3.7835383 | BL41: 2578383701 | BM41: 48067207842 | BN41: =(BL41/BM41)*100 -> 5.3641221
A42: 19 | B42: Bangka Belitung | C42: 88.029707 | D42: 49971091 | E42: 12690537554 | F42: =(D42/E42)*100 -> 0.39376654 | G42: 661562991 | H42: 12690537554 | I42: =(G42/H42)*100 -> 5.2130415 | J42: 534934163 | K42: 12690537554 | L42: =(J42/K42)*100 -> 4.2152207 | M42: 32666555 | N42: 12187765281 | O42: =(M42/N42)*100 -> 0.26802744 | P42: 257403107 | Q42: 12187765281 | R42: =(P42/Q42)*100 -> 2.1119795 | S42: 1.0182745e+09 | T42: 12187765281 | U42: =(S42/T42)*100 -> 8.354891 | V42: 146957047 | W42: 12414051167 | X42: =(V42/W42)*100 -> 1.183796 | Y42: 341885736 | Z42: 12414051167 | AA42: =(Y42/Z42)*100 -> 2.7540223 | AB42: 585145137 | AC42: 12414051167 | AD42: =(AB42/AC42)*100 -> 4.7135712 | AE42: 121798212 | AF42: 20336163833 | AG42: =(AE42/AF42)*100 -> 0.59892423 | AH42: 385314491 | AI42: 20336163833 | AJ42: =(AH42/AI42)*100 -> 1.8947255 | AK42: 600185645 | AL42: 20336163833 | AM42: =(AK42/AL42)*100 -> 2.9513218 | AN42: 253289443 | AO42: 17555958382 | AP42: =(AN42/AO42)*100 -> 1.4427549 | AQ42: 357294758 | AR42: 17555958382 | AS42: =(AQ42/AR42)*100 -> 2.0351766 | AT42: 570631096 | AU42: 17555958382 | AV42: =(AT42/AU42)*100 -> 3.2503557 | AW42: 72049339 | AX42: 17983119211 | AY42: =(AW42/AX42)*100 -> 0.40064984 | AZ42: 353849222 | BA42: 17983119211 | BB42: =(AZ42/BA42)*100 -> 1.9676743 | BC42: 721983079 | BD42: 17983119211 | BE42: =(BC42/BD42)*100 -> 4.0147823 | BF42: 43066649 | BG42: 20212280463 | BH42: =(BF42/BG42)*100 -> 0.2130717 | BI42: 342001363 | BJ42: 20212280463 | BK42: =(BI42/BJ42)*100 -> 1.6920474 | BL42: 776898124 | BM42: 20212280463 | BN42: =(BL42/BM42)*100 -> 3.8436936
A43: 21 | B43: Kepulauan Riau | C43: 77.710719 | D43: 19326380899 | E43: 50506020966 | F43: =(D43/E43)*100 -> 38.265499 | G43: 7368725475 | H43: 50506020966 | I43: =(G43/H43)*100 -> 14.589796 | J43: 8800165764 | K43: 50506020966 | L43: =(J43/K43)*100 -> 17.423993 | M43: 20731690097 | N43: 34220269930 | O43: =(M43/N43)*100 -> 60.58307 | P43: 3018681666 | Q43: 34220269930 | R43: =(P43/Q43)*100 -> 8.8213263 | S43: 1.1067739e+10 | T43: 34220269930 | U43: =(S43/T43)*100 -> 32.34264 | V43: 20432326926 | W43: 30100793302 | X43: =(V43/W43)*100 -> 67.879696 | Y43: 9094342470 | Z43: 30100793302 | AA43: =(Y43/Z43)*100 -> 30.212966 | AB43: 12349099895 | AC43: 30100793302 | AD43: =(AB43/AC43)*100 -> 41.025829 | AE43: 24076824834 | AF43: 48897110400 | AG43: =(AE43/AF43)*100 -> 49.23977 | AH43: 2848868027 | AI43: 48897110400 | AJ43: =(AH43/AI43)*100 -> 5.8262503 | AK43: 10342515953 | AL43: 48897110400 | AM43: =(AK43/AL43)*100 -> 21.151589 | AN43: 30439088349 | AO43: 49459314084 | AP43: =(AN43/AO43)*100 -> 61.543693 | AQ43: 2265954591 | AR43: 49459314084 | AS43: =(AQ43/AR43)*100 -> 4.5814517 | AT43: 10314238422 | AU43: 49459314084 | AV43: =(AT43/AU43)*100 -> 20.853986 | AW43: 24990516372 | AX43: 50010117892 | AY43: =(AW43/AX43)*100 -> 49.970921 | AZ43: 2965040301 | BA43: 50010117892 | BB43: =(AZ43/BA43)*100 -> 5.9288808 | BC43: 13288696191 | BD43: 50010117892 | BE43: =(BC43/BD43)*100 -> 26.572015 | BF43: 41576423645 | BG43: 78983942695 | BH43: =(BF43/BG43)*100 -> 52.639084 | BI43: 8120206762 | BJ43: 78983942695 | BK43: =(BI43/BJ43)*100 -> 10.280832 | BL43: 13092544499 | BM43: 78983942695 | BN43: =(BL43/BM43)*100 -> 16.57621
A44: 31 | B44: Dki Jakarta | C44: 38.218827 | D44: 33003795111 | E44: 108749180537 | F44: =(D44/E44)*100 -> 30.348546 | G44: 24985374334 | H44: 108749180537 | I44: =(G44/H44)*100 -> 22.97523 | J44: 14953515216 | K44: 108749180537 | L44: =(J44/K44)*100 -> 13.750462 | M44: 51912524151 | N44: 243673722744 | O44: =(M44/N44)*100 -> 21.304113 | P44: 21844229056 | Q44: 243673722744 | R44: =(P44/Q44)*100 -> 8.9645403 | S44: 2.3709926e+10 | T44: 243673722744 | U44: =(S44/T44)*100 -> 9.7301938 | V44: 65495059855 | W44: 290740116606 | X44: =(V44/W44)*100 -> 22.527012 | Y44: 18165101910 | Z44: 290740116606 | AA44: =(Y44/Z44)*100 -> 6.2478829 | AB44: 21697057790 | AC44: 290740116606 | AD44: =(AB44/AC44)*100 -> 7.4626983 | AE44: 70420943198 | AF44: 236341131097 | AG44: =(AE44/AF44)*100 -> 29.796313 | AH44: 5510259819 | AI44: 236341131097 | AJ44: =(AH44/AI44)*100 -> 2.3314858 | AK44: 18525650970 | AL44: 236341131097 | AM44: =(AK44/AL44)*100 -> 7.8385218 | AN44: 89814765158 | AO44: 229557868238 | AP44: =(AN44/AO44)*100 -> 39.125109 | AQ44: 4001738938 | AR44: 229557868238 | AS44: =(AQ44/AR44)*100 -> 1.7432375 | AT44: 14678632300 | AU44: 229557868238 | AV44: =(AT44/AU44)*100 -> 6.3943059 | AW44: 97452609563 | AX44: 255400157092 | AY44: =(AW44/AX44)*100 -> 38.156832 | AZ44: 4872880187 | BA44: 255400157092 | BB44: =(AZ44/BA44)*100 -> 1.9079394 | BC44: 17009392360 | BD44: 255400157092 | BE44: =(BC44/BD44)*100 -> 6.6598989 | BF44: 97959279823 | BG44: 233267091854 | BH44: =(BF44/BG44)*100 -> 41.99447 | BI44: 5198171936 | BJ44: 233267091854 | BK44: =(BI44/BJ44)*100 -> 2.2284206 | BL44: 16213365459 | BM44: 233267091854 | BN44: =(BL44/BM44)*100 -> 6.9505584
A45: 32 | B45: Jawa Barat | C45: 36.321702 | D45: 212126496037 | E45: 555900912113 | F45: =(D45/E45)*100 -> 38.159048 | G45: 94017921364 | H45: 555900912113 | I45: =(G45/H45)*100 -> 16.912712 | J45: 58350833412 | K45: 555900912113 | L45: =(J45/K45)*100 -> 10.496625 | M45: 1.8382914e+11 | N45: 6.4266214e+11 | O45: =(M45/N45)*100 -> 28.60432 | P45: 65201035104 | Q45: 6.4266214e+11 | R45: =(P45/Q45)*100 -> 10.145461 | S45: 1.1079985e+11 | T45: 6.4266214e+11 | U45: =(S45/T45)*100 -> 17.240763 | V45: 294243973882 | W45: 916733574372 | X45: =(V45/W45)*100 -> 32.097 | Y45: 76454565395 | Z45: 916733574372 | AA45: =(Y45/Z45)*100 -> 8.3398893 | AB45: 116979276245 | AC45: 916733574372 | AD45: =(AB45/AC45)*100 -> 12.760444 | AE45: 300764061542 | AF45: 989253528015 | AG45: =(AE45/AF45)*100 -> 30.403133 | AH45: 38843017200 | AI45: 989253528015 | AJ45: =(AH45/AI45)*100 -> 3.9264977 | AK45: 112343973489 | AL45: 989253528015 | AM45: =(AK45/AL45)*100 -> 11.356439 | AN45: 3.5552625e+11 | AO45: 9.6597369e+11 | AP45: =(AN45/AO45)*100 -> 36.804962 | AQ45: 29285619144 | AR45: 9.6597369e+11 | AS45: =(AQ45/AR45)*100 -> 3.0317202 | AT45: 99993852335 | AU45: 9.6597369e+11 | AV45: =(AT45/AU45)*100 -> 10.351612 | AW45: 338483891681 | AX45: 879253348021 | AY45: =(AW45/AX45)*100 -> 38.496742 | AZ45: 27476331033 | BA45: 879253348021 | BB45: =(AZ45/BA45)*100 -> 3.1249618 | BC45: 108528620420 | BD45: 879253348021 | BE45: =(BC45/BD45)*100 -> 12.343271 | BF45: 338774009532 | BG45: 877205884586 | BH45: =(BF45/BG45)*100 -> 38.619669 | BI45: 39645397514 | BJ45: 877205884586 | BK45: =(BI45/BJ45)*100 -> 4.5195088 | BL45: 1.1332355e+11 | BM45: 877205884586 | BN45: =(BL45/BM45)*100 -> 12.918695
... A64: 81 | B64: Maluku | C64: 93.843571 | D64: 1517885 | E64: 1930093812 | F64: =(D64/E64)*100 -> 0.078643069 | G64: 140936724 | H64: 1930093812 | I64: =(G64/H64)*100 -> 7.302066 | J64: 121885904 | K64: 1930093812 | L64: =(J64/K64)*100 -> 6.3150249 | M64: 460659 | N64: 227231198 | O64: =(M64/N64)*100 -> 0.202727 | P64: 32492655 | Q64: 227231198 | R64: =(P64/Q64)*100 -> 14.299381 | S64: 84593914 | T64: 227231198 | U64: =(S64/T64)*100 -> 37.228125 | V64: 1124481 | W64: 451696611 | X64: =(V64/W64)*100 -> 0.24894608 | Y64: 19742574 | Z64: 451696611 | AA64: =(Y64/Z64)*100 -> 4.3707598 | AB64: 85700431 | AC64: 451696611 | AD64: =(AB64/AC64)*100 -> 18.973007 | AE64: 1529338 | AF64: 323227714 | AG64: =(AE64/AF64)*100 -> 0.47314569 | AH64: 15978104 | AI64: 323227714 | AJ64: =(AH64/AI64)*100 -> 4.9432964 | AK64: 86817203 | AL64: 323227714 | AM64: =(AK64/AL64)*100 -> 26.859455 | AN64: 15240 | AO64: 294947274 | AP64: =(AN64/AO64)*100 -> 0.0051670252 | AQ64: 19960817 | AR64: 294947274 | AS64: =(AQ64/AR64)*100 -> 6.7675882 | AT64: 90946777 | AU64: 294947274 | AV64: =(AT64/AU64)*100 -> 30.834927 | AW64: 567015491 | AX64: 1598410397 | AY64: =(AW64/AX64)*100 -> 35.473711 | AZ64: 290187536 | BA64: 1598410397 | BB64: =(AZ64/BA64)*100 -> 18.154758 | BC64: 233118793 | BD64: 1598410397 | BE64: =(BC64/BD64)*100 -> 14.584414 | BF64: 26755469 | BG64: 801376983 | BH64: =(BF64/BG64)*100 -> 3.338687 | BI64: 916178598 | BJ64: 801376983 | BK64: =(BI64/BJ64)*100 -> 114.32554 | BL64: 397494564 | BM64: 801376983 | BN64: =(BL64/BM64)*100 -> 49.601445
A65: 82 | B65: Maluku Utara | D65: 0 | E65: 63824681 | F65: =(D65/E65)*100 -> 0 | G65: 12728634 | H65: 63824681 | I65: =(G65/H65)*100 -> 19.943122 | J65: 13066606 | K65: 63824681 | L65: =(J65/K65)*100 -> 20.472654 | M65: 10410376 | N65: 50556312 | O65: =(M65/N65)*100 -> 20.591644 | P65: 2589553 | Q65: 50556312 | R65: =(P65/Q65)*100 -> 5.1221161 | S65: 20801409 | T65: 50556312 | U65: =(S65/T65)*100 -> 41.145029 | V65: 775599602 | W65: 1905136410 | X65: =(V65/W65)*100 -> 40.710975 | Y65: 94110776 | Z65: 1905136410 | AA65: =(Y65/Z65)*100 -> 4.9398445 | AB65: 181195731 | AC65: 1905136410 | AD65: =(AB65/AC65)*100 -> 9.5109059 | AE65: 404628742 | AF65: 2462740028 | AG65: =(AE65/AF65)*100 -> 16.430023 | AH65: 25276465 | AI65: 2462740028 | AJ65: =(AH65/AI65)*100 -> 1.0263554 | AK65: 116309558 | AL65: 2462740028 | AM65: =(AK65/AL65)*100 -> 4.7227704 | AN65: 1486966427 | AO65: 10079458410 | AP65: =(AN65/AO65)*100 -> 14.752444 | AQ65: 54432858 | AR65: 10079458410 | AS65: =(AQ65/AR65)*100 -> 0.54003753 | AT65: 122419349 | AU65: 10079458410 | AV65: =(AT65/AU65)*100 -> 1.2145429 | AW65: 1038832527 | AX65: 22125409342 | AY65: =(AW65/AX65)*100 -> 4.6952014 | AZ65: 251782861 | BA65: 22125409342 | BB65: =(AZ65/BA65)*100 -> 1.1379806 | BC65: 374205441 | BD65: 22125409342 | BE65: =(BC65/BD65)*100 -> 1.6912927 | BF65: 895128116 | BG65: 22926855638 | BH65: =(BF65/BG65)*100 -> 3.9042777 | BI65: 1249103553 | BJ65: 22926855638 | BK65: =(BI65/BJ65)*100 -> 5.4482114 | BL65: 4137469807 | BM65: 22926855638 | BN65: =(BL65/BM65)*100 -> 18.04639
A66: 91 | B66: Papua Barat | C66: 80.656 | D66: 168437638 | E66: 4533338843 | F66: =(D66/E66)*100 -> 3.7155316 | G66: 488815534 | H66: 4533338843 | I66: =(G66/H66)*100 -> 10.782682 | J66: 188206977 | K66: 4533338843 | L66: =(J66/K66)*100 -> 4.1516194 | M66: 100488209 | N66: 5135081246 | O66: =(M66/N66)*100 -> 1.9568962 | P66: 155068264 | Q66: 5135081246 | R66: =(P66/Q66)*100 -> 3.0197821 | S66: 210442937 | T66: 5135081246 | U66: =(S66/T66)*100 -> 4.0981423 | V66: 699501526 | W66: 3565520622 | X66: =(V66/W66)*100 -> 19.618496 | Y66: 291838524 | Z66: 3565520622 | AA66: =(Y66/Z66)*100 -> 8.1850185 | AB66: 222288739 | AC66: 3565520622 | AD66: =(AB66/AC66)*100 -> 6.2343978 | AE66: 28130651 | AF66: 4915385354 | AG66: =(AE66/AF66)*100 -> 0.57229798 | AH66: 279327698 | AI66: 4915385354 | AJ66: =(AH66/AI66)*100 -> 5.6827223 | AK66: 315373637 | AL66: 4915385354 | AM66: =(AK66/AL66)*100 -> 6.4160511 | AN66: 3.4228106e+08 | AO66: 2.9586185e+09 | AP66: =(AN66/AO66)*100 -> 11.568949 | AQ66: 447846013 | AR66: 2.9586185e+09 | AS66: =(AQ66/AR66)*100 -> 15.136998 | AT66: 314627915 | AU66: 2.9586185e+09 | AV66: =(AT66/AU66)*100 -> 10.634285 | AW66: 8316225 | AX66: 1803438194 | AY66: =(AW66/AX66)*100 -> 0.46113169 | AZ66: 79733737 | BA66: 1803438194 | BB66: =(AZ66/BA66)*100 -> 4.4212071 | BC66: 247544171 | BD66: 1803438194 | BE66: =(BC66/BD66)*100 -> 13.726235 | BF66: 6800370 | BG66: 1574140661 | BH66: =(BF66/BG66)*100 -> 0.43200523 | BI66: 107479087 | BJ66: 1574140661 | BK66: =(BI66/BJ66)*100 -> 6.8277943 | BL66: 250796601 | BM66: 1574140661 | BN66: =(BL66/BM66)*100 -> 15.932287
A67: 92 | B67: Papua Barat Daya
A68: 94 | B68: Papua | C68: 67.930431 | D68: 389559 | E68: 3901144253 | F68: =(D68/E68)*100 -> 0.0099857625 | G68: 274671915 | H68: 3901144253 | I68: =(G68/H68)*100 -> 7.0408039 | J68: 242761760 | K68: 3901144253 | L68: =(J68/K68)*100 -> 6.2228347 | M68: 95796952 | N68: 7659734750 | O68: =(M68/N68)*100 -> 1.2506563 | P68: 146522178 | Q68: 7659734750 | R68: =(P68/Q68)*100 -> 1.9128884 | S68: 6.4835787e+08 | T68: 7659734750 | U68: =(S68/T68)*100 -> 8.4644951 | V68: 283398960 | W68: 9786692939 | X68: =(V68/W68)*100 -> 2.8957582 | Y68: 260555384 | Z68: 9786692939 | AA68: =(Y68/Z68)*100 -> 2.6623435 | AB68: 387787563 | AC68: 9786692939 | AD68: =(AB68/AC68)*100 -> 3.9623963 | AE68: 18396129 | AF68: 4224258662 | AG68: =(AE68/AF68)*100 -> 0.43548775 | AH68: 63824108 | AI68: 4224258662 | AJ68: =(AH68/AI68)*100 -> 1.5108949 | AK68: 426203262 | AL68: 4224258662 | AM68: =(AK68/AL68)*100 -> 10.089422 | AN68: 25410004 | AO68: 3410107108 | AP68: =(AN68/AO68)*100 -> 0.745138 | AQ68: 27879080 | AR68: 3410107108 | AS68: =(AQ68/AR68)*100 -> 0.81754265 | AT68: 301596533 | AU68: 3410107108 | AV68: =(AT68/AU68)*100 -> 8.8441953 | AW68: 21147595 | AX68: 2314177009 | AY68: =(AW68/AX68)*100 -> 0.91382789 | AZ68: 121055084 | BA68: 2314177009 | BB68: =(AZ68/BA68)*100 -> 5.2310209 | BC68: 366046431 | BD68: 2314177009 | BE68: =(BC68/BD68)*100 -> 15.817564 | BF68: 1647101 | BG68: 5295992175 | BH68: =(BF68/BG68)*100 -> 0.031100896 | BI68: 206473717 | BJ68: 5295992175 | BK68: =(BI68/BJ68)*100 -> 3.8986787 | BL68: 834487294 | BM68: 5295992175 | BN68: =(BL68/BM68)*100 -> 15.756959
A69: 95 | B69: Papua Selatan
A70: 96 | B70: Papua Tengah
A71: 97 | B71: Papua Pegunungan

Sheet Heat Map
B1: Heat Map
B3: Kode KBLI | C3: Uraian Deskripsi | D3: Export Share | E3: Import Exposure | F3: Energy Share | G3: Labour Intensity
B4: 10 | C4: Makanan | D4: 57.76 | E4: 8.022286 | F4: 1.7244097 | G4: 3.7494466
B5: 11 | C5: Minuman | D5: 12.08 | E5: 14.659392 | F5: 9.6004284 | G5: 23.955096
B6: 12 | C6: Pengolahan Tembakau | D6: 49.95 | E6: 6.8926004 | F6: 0.83883462 | G6: 11.533097
B7: 13 | C7: Tekstil | D7: 40.83 | E7: 34.801635 | F7: 8.3422448 | G7: 13.701183
B8: 14 | C8: Pakaian Jadi | D8: 62.03 | E8: 70.847882 | F8: 4.054556 | G8: 30.579504
B9: 17 | C9: Kulit. Barang dari Kulit dan Alas Kaki | D9: 43.65 | E9: 34.884554 | F9: 2.2432006 | G9: 34.188985
B10: 16 | C10: Kayu. Barang dari Kayu dan Gabus (Tidak Termasuk Furnitur) dan Barang Anyaman dari Bambu. Rotan dan Sejenisnya | D10: 69.82 | E10: 6.4480895 | F10: 7.1492164 | G10: 26.010911
B11: 17 | C11: Kertas dan Barang dari Kertas/ | D11: 26.22 | E11: 11.21393 | F11: 6.9845549 | G11: 9.4763915
B12: 18 | C12: Pencetakan dan Reproduksi Media Rekaman | D12: 22.25 | E12: 10.305336 | F12: 3.0821703 | G12: 27.359873
B13: 19 | C13: Produk dari Batu Bara dan Pengilangan Minyak Bumi | D13: 38.05 | E13: 39.809315 | F13: 1.4287098 | G13: 1.7170783
B14: 20 | C14: Bahan Kimia dan Barang dari Bahan Kimia | D14: 32.9 | E14: 28.450133 | F14: 3.9040525 | G14: 5.162486
B15: 21 | C15: Farmasi. Produk Obat Kimia dan Obat Tradisional | D15: 18.1 | E15: 51.70402 | F15: 2.5846722 | G15: 14.629665
... B27: 33 | C27: Jasa Reparasi dan Pemasangan Mesin dan Peralatan | D27: 3.33 | E27: 36.606967 | F27: 18.278673 | G27: 47.627115
B30: IBS 2015
B31: Kode KBLI | C31: Uraian Deskripsi | D31: Export Share | E31: Import Exposure | F31: Energy Share | G31: Labour Intensity
B32: 10 | C32: Makanan | D32: 57.76 | E32: 9.3194574 | F32: 10.286595 | G32: 4.249545
B33: 11 | C33: Minuman | D33: 12.08 | E33: 13.526406 | F33: 18.341961 | G33: 20.340764
B34: 12 | C34: Pengolahan Tembakau | D34: 49.95 | E34: 4.6059027 | F34: 5.2597781 | G34: 10.040084
B35: 13 | C35: Tekstil | D35: 40.83 | E35: 21.033361 | F35: 26.924796 | G35: 8.5763398
B36: 14 | C36: Pakaian Jadi | D36: 62.03 | E36: 31.878659 | F36: 40.379095 | G36: 24.345768
B37: 17 | C37: Kulit. Barang dari Kulit dan Alas Kaki | D37: 43.65 | E37: 21.9641 | F37: 27.327825 | G37: 32.537282
B38: 16 | C38: Kayu. Barang dari Kayu dan Gabus (Tidak Termasuk Furnitur) dan Barang Anyaman dari Bambu. Rotan dan Sejenisnya | D38: 69.82 | E38: 5.8598678 | F38: 6.8987478 | G38: 26.452061
B39: 17 | C39: Kertas dan Barang dari Kertas/ | D39: 26.22 | E39: 12.16891 | F39: 14.748204 | G39: 7.9318925
B40: 18 | C40: Pencetakan dan Reproduksi Media Rekaman | D40: 22.25 | E40: 6.814107 | F40: 8.0606694 | G40: 18.325299
B41: 19 | C41: Produk dari Batu Bara dan Pengilangan Minyak Bumi | D41: 38.05 | E41: 9.1879245 | F41: 11.986769 | G41: 13.89076
B42: 20 | C42: Bahan Kimia dan Barang dari Bahan Kimia | D42: 32.9 | E42: 27.708984 | F42: 36.000408 | G42: 5.6000968
B43: 21 | C43: Farmasi. Produk Obat Kimia dan Obat Tradisional | D43: 18.1 | E43: 22.303983 | F43: 38.440681 | G43: 22.781011
... B55: 33 | C55: Jasa Reparasi dan Pemasangan Mesin dan Peralatan | D55: 3.33 | E55: 20.741039 | F55: 36.784252 | G55: 70.102767
B58: IBS 2022
B59: Kode KBLI | C59: Uraian Deskripsi | D59: Import Exposure | E59: Energy Share | F59: Labour Intensity | J59: Kode Provinsi | K59: Uraian Deskripsi | L59: Exposure Import | M59: Energy Share | N59: Labour Intensity
B60: 10 | C60: Makanan | D60: 8.022286 | E60: 1.7244097 | F60: 3.7494466 | J60: 11 | K60: Aceh | L60: 1.6875567 | M60: 3.7841139 | N60: 6.556044
B61: 11 | C61: Minuman | D61: 14.659392 | E61: 9.6004284 | F61: 23.955096 | J61: 12 | K61: Sumatera Utara | L61: 7.9632771 | M61: 2.9654109 | N61: 5.1696765
B62: 12 | C62: Pengolahan Tembakau | D62: 6.8926004 | E62: 0.83883462 | F62: 11.533097 | J62: 13 | K62: Sumatera Barat | L62: 0.96051259 | M62: 5.1537691 | N62: 2.3006415
B63: 13 | C63: Tekstil | D63: 34.801635 | E63: 8.3422448 | F63: 13.701183 | J63: 14 | K63: Riau | L63: 0.76063299 | M63: 1.6420371 | N63: 1.7322497
B64: 14 | C64: Pakaian Jadi | D64: 70.847882 | E64: 4.054556 | F64: 30.579504 | J64: 17 | K64: Jambi | L64: 0.97251384 | M64: 1.6218861 | N64: 5.0820267
B65: 17 | C65: Kulit. Barang dari Kulit dan Alas Kaki | D65: 34.884554 | E65: 2.2432006 | F65: 34.188985 | J65: 16 | K65: Sumatera Selatan | L65: 5.9905761 | M65: 6.0315825 | N65: 6.4448753
B66: 16 | C66: Kayu. Barang dari Kayu dan Gabus (Tidak Termasuk Furnitur) dan Barang Anyaman dari Bambu. Rotan dan Sejenisnya | D66: 6.4480895 | E66: 7.1492164 | F66: 26.010911 | J66: 17 | K66: Bengkulu | L66: 0.0046269137 | M66: 1.3979569 | N66: 2.8383428
B67: 17 | C67: Kertas dan Barang dari Kertas/ | D67: 11.21393 | E67: 6.9845549 | F67: 9.4763915 | J67: 18 | K67: Lampung | L67: 9.3969149 | M67: 3.7835383 | N67: 5.3641221
B68: 18 | C68: Pencetakan dan Reproduksi Media Rekaman | D68: 10.305336 | E68: 3.0821703 | F68: 27.359873 | J68: 19 | K68: Bangka Belitung | L68: 0.2130717 | M68: 1.6920474 | N68: 3.8436936
B69: 19 | C69: Produk dari Batu Bara dan Pengilangan Minyak Bumi | D69: 39.809315 | E69: 1.4287098 | F69: 1.7170783 | J69: 21 | K69: Kepulauan Riau | L69: 52.639084 | M69: 10.280832 | N69: 16.57621
B70: 20 | C70: Bahan Kimia dan Barang dari Bahan Kimia | D70: 28.450133 | E70: 3.9040525 | F70: 5.162486 | J70: 31 | K70: Dki Jakarta | L70: 41.99447 | M70: 2.2284206 | N70: 6.9505584
B71: 21 | C71: Farmasi. Produk Obat Kimia dan Obat Tradisional | D71: 51.70402 | E71: 2.5846722 | F71: 14.629665 | J71: 32 | K71: Jawa Barat | L71: 38.619669 | M71: 4.5195088 | N71: 12.918695
... B83: 33 | C83: Jasa Reparasi dan Pemasangan Mesin dan Peralatan | D83: 36.606967 | E83: 18.278673 | F83: 47.627115 | J83: 65 | K83: Kalimantan Utara | L83: 0.00013721917 | M83: 1.599864 | N83: 13.786931
J84: 71 | K84: Sulawesi Utara | L84: 1.0120689 | M84: 3.3716697 | N84: 5.0443981
J85: 72 | K85: Sulawesi Tengah | L85: 23.940798 | M85: 8.6277216 | N85: 3.5546786
J86: 73 | K86: Sulawesi Selatan | L86: 14.274309 | M86: 17.717013 | N86: 8.0368133
J87: 74 | K87: Sulawesi Tenggara | L87: 0.042632967 | M87: 8.0818564 | N87: 7.7072353
J88: 75 | K88: Gorontalo | L88: 0.030996533 | M88: 3.2754 | N88: 12.239237
J89: 76 | K89: Sulawesi Barat | L89: 0.006481779 | M89: 0.87029949 | N89: 0.9676579
J90: 81 | K90: Maluku | L90: 3.338687 | M90: 114.32554 | N90: 49.601445
J91: 82 | K91: Maluku Utara | L91: 3.9042777 | M91: 5.4482114 | N91: 18.04639
J92: 91 | K92: Papua Barat | L92: 0.43200523 | M92: 6.8277943 | N92: 17.9
J93: 94 | K93: Papua | L93: 0.031100896 | M93: 3.8986787 | N93: 17.8

Sheet Kode KBLI 2 Digit
A1: Kode 2 Digit dan Lapangan Usaha Perusahaan Industri Besar dan Sedang
A2: KBLI | B2: DESKRIPSI
A3: 10 | B3: INDUSTRI MAKANAN
A4: 11 | B4: INDUSTRI MINUMAN
A5: 12 | B5: INDUSTRI PENGOLAHAN TEMBAKAU
A6: 13 | B6: INDUSTRI TEKSTIL
A7: 14 | B7: INDUSTRI PAKAIAN JADI
A8: 15 | B8: INDUSTRI KULIT, BARANG DARI KULIT DAN ALAS KAKI
A9: 16 | B9: INDUSTRI KAYU, BARANG DARI KAYU DAN GABUS (TIDAK TERMASUK FURNITUR) DAN BARANG ANYAMAN DARI BAMBU, ROTAN DAN SEJENISNYA
A10: 17 | B10: INDUSTRI KERTAS DAN BARANG DARI KERTAS
A11: 18 | B11: INDUSTRI PENCETAKAN DAN REPRODUKSI MEDIA REKAMAN
A12: 19 | B12: INDUSTRI PRODUK DARI BATU BARA DAN PENGILANGAN MINYAK BUMI
A13: 20 | B13: INDUSTRI BAHAN KIMIA DAN BARANG DARI BAHAN KIMIA
A14: 21 | B14: INDUSTRI FARMASI, PRODUK OBAT KIMIA DAN OBAT TRADISIONAL
... A26: 33 | B26: REPARASI DAN PEMASANGAN MESIN DAN PERALATAN
A28: Sumber : Badan Pusat Statistik, KBLI 2015

Sheet Sheet1
A1: Sektor | B1: Kode Perusahaan | C1: Nama Perusahaan | D1: Lokasi | E1: Core Business | F1: Jumlah Pekerja | G1: Biaya Input | H1: Satuan | I1: Kurs | J1: Biaya Operasional | Q1: Penjualan
J2: Biaya Operasional | K2: Biaya Tenaga Kerja | L2: Biaya Energi | M2: Impor Bahan Baku | N2: % Labour Cost | O2: % Energy Cost | P2: % Import | Q2: Total Penjualan | R2: Ekspor | S2: Penjualan Domestik | T2: % Export Sales | U2: % Domestic Sales
A3: Tekstil | B3: POLU | C3: PT. Golden Flower Tbk | F3: 3500 | G3: 201044 | H3: IDR Juta | J3: =136129.992327+3159.1337+34174.993815 -> 173464.12 | K3: =42807.048615+4966.338278+1803.319667+344.3178+5422.8588 -> 55343.883 | L3: N/A | M3: N/A | N3: =(K3/J3)*100 -> 31.90509 | O3: - | Q3: 176.480.92 | R3: 99.918.95 | S3: 56.561.97 | T3: =(R3/Q3)*100 -> #VALUE! | U3: =(S3/Q3)*100 -> #VALUE!
B4: INDR | C4: PT. Indo-Rama Synthetics Tbk | F4: 6760 | G4: 201044 | H4: USD | J4: =766641900+5001005+18254749 -> 789897654 | K4: =67507025+5643865 -> 73150890 | L4: 72.500.337.00 | M4: N/A | N4: =(K4/J4)*100 -> 9.2608061 | O4: =(L4/J4)*100 -> #VALUE! | Q4: 778.767.632.00 | R4: 446.393.677.00 | S4: 332.373.955.00 | T4: =(R4/Q4)*100 -> #VALUE! | U4: =(S4/Q4)*100 -> #VALUE!
A6: Alas Kaki | B6: BATA | C6: PT. Sepatu Bata Tbk
A9: Elektronik (KBLI 26 & 27) | B9: DCII | C9: PT. DCI Indonesia Tbk | D9: Jawa Barat | F9: 124 | G9: 250894 | H9: IDR Miliar | J9: =5.297+125.66+1.31 -> 132.267 | K9: 79.688 | L9: 457.76 | M9: N/A | N9: =(K9/J9)*100 -> 60.247832 | O9: =(L9/J9)*100 -> 346.08784 | T9: =(R9/Q9)*100 -> #DIV/0! | U9: =(S9/Q9)*100 -> #DIV/0!
B10: GOTO | C10: PT. GoTo Gojek Tokopedia Tbk | F10: 3505 | G10: 250894 | H10: IDR Miliar | J10: =3989.253+3090.124+2152.272+974.464 -> 10206.113 | K10: 3.612.66 | L10: N/A | M10: N/A | N10: =(K10/J10)*100 -> #VALUE! | O10: - | T10: =(R10/Q10)*100 -> #DIV/0! | U10: =(S10/Q10)*100 -> #DIV/0!
B11: MTDL | C11: PT. Metrodata Electronics Tbk | D11: Jawa Barat | F11: 4290 | G11: 250894 | H11: IDR Miliar | J11: 343.626 | K11: 732.343 | L11: N/A | M11: N/A | N11: =(K11/J11)*100 -> 213.12212 | O11: - | T11: =(R11/Q11)*100 -> #DIV/0! | U11: =(S11/Q11)*100 -> #DIV/0!
A12: Otomotif (KBLI 29) | B12: ASII | C12: PT. Astra International Tbk | D12: Jawa Barat dan DKI Jakarta | G12: 225126 | N12: =(K12/J12)*100 -> #DIV/0! | O12: =(L12/J12)*100 -> #DIV/0! | T12: =(R12/Q12)*100 -> #DIV/0! | U12: =(S12/Q12)*100 -> #DIV/0!
B13: IMAS | C13: PT. Indomobil Sukses Internasional Tbk | F13: 8550 | G13: 225126 | J13: =24292469+4335254 -> 28627723 | K13: =51112+669605+1046339 -> 1767056 | L13: 4172540 | M13: N/A | N13: =(K13/J13)*100 -> 6.1725342 | O13: =(L13/J13)*100 -> 14.575172 | Q13: 30505483 | R13: N/A | S13: N/A | T13: - | U13: -
B14: VKTR | C14: PT. VKTR Teknologi Mobilitas Tbk | F14: 1370 | G14: 225126 | N14: =(K14/J14)*100 -> #DIV/0! | O14: =(L14/J14)*100 -> #DIV/0! | T14: =(R14/Q14)*100 -> #DIV/0! | U14: =(S14/Q14)*100 -> #DIV/0!
A15: Makanan & minuman | B15: INDF | C15: PT. Indofood Sukses Makmur Tbk | F15: 98870 | G15: 1707989 | N15: =(K15/J15)*100 -> #DIV/0! | O15: =(L15/J15)*100 -> #DIV/0! | T15: =(R15/Q15)*100 -> #DIV/0! | U15: =(S15/Q15)*100 -> #DIV/0!
B16: ICBP | C16: PT. Indofood CBP Sukses Makmur Tbk | G16: 1707989 | N16: =(K16/J16)*100 -> #DIV/0! | O16: =(L16/J16)*100 -> #DIV/0! | T16: =(R16/Q16)*100 -> #DIV/0! | U16: =(S16/Q16)*100 -> #DIV/0!
B17: MYOR | C17: PT. Mayora Indah Tbk | G17: 1707989 | N17: =(K17/J17)*100 -> #DIV/0! | O17: =(L17/J17)*100 -> #DIV/0! | T17: =(R17/Q17)*100 -> #DIV/0! | U17: =(S17/Q17)*100 -> #DIV/0!
A18: Perdagangan | B18: AMRT | C18: PT. Sumber Alfaria Trijaya Tbk | E18: Jaringan Minimarket | F18: 98520 | N18: =(K18/J18)*100 -> #DIV/0! | O18: =(L18/J18)*100 -> #DIV/0! | T18: =(R18/Q18)*100 -> #DIV/0! | U18: =(S18/Q18)*100 -> #DIV/0!
B19: MAPI | C19: PT. Mitra Adiperkasa Tbk | D19: Jawa Barat dan DKI Jakarta | F19: 33110 | N19: =(K19/J19)*100 -> #DIV/0! | O19: =(L19/J19)*100 -> #DIV/0! | T19: =(R19/Q19)*100 -> #DIV/0! | U19: =(S19/Q19)*100 -> #DIV/0!
N20: =(K20/J20)*100 -> #DIV/0! | O20: =(L20/J20)*100 -> #DIV/0! | T20: =(R20/Q20)*100 -> #DIV/0! | U20: =(S20/Q20)*100 -> #DIV/0!
A21: Akomodasi & makan-minum | B21: FAST | C21: PT. Fast Food Indonesia Tbk | J21: =1995047.676+2606629.162+665335.32 -> 5267012.2 | K21: =801423.426+390915.032 -> 1192338.5 | N21: =(K21/J21)*100 -> 22.637853 | O21: =(L21/J21)*100 -> 0 | T21: =(R21/Q21)*100 -> #DIV/0! | U21: =(S21/Q21)*100 -> #DIV/0!
B22: MAPB | C22: PT. Map Boga Adiperkasa Tbk | H22: IDR Juta | J22: =112555.49346+151874.309995 -> 264429.8 | K22: 66.810.65 | L22: 34.543.40 | M22: N/A | N22: =(K22/J22)*100 -> #VALUE! | O22: =(L22/J22)*100 -> #VALUE! | Q22: 375.584.19 | R22: N/A | S22: N/A | T22: - | U22: -
B23: PZZA | C23: PT. Sarimelati Kencana Tbk | N23: =(K23/J23)*100 -> #DIV/0! | O23: =(L23/J23)*100 -> #DIV/0! | T23: =(R23/Q23)*100 -> #DIV/0! | U23: =(S23/Q23)*100 -> #DIV/0!
A24: Pertambangan (KBLI 19 & 24) | B24: ANTM | C24: PT. Aneka Tambang Tbk (KBLI 24) | D24: Jawa Barat. Sulawesi Tenggara. Maluku Utara. Kalimantan Barat | E24: Nikel. emas & logam mulia. bauksit | F24: 3890 | G24: 641081 | H24: IDR Miliar | J24: 5.286.32 | K24: 1.449.72 | L24: 800.99 | M24: 60.733.29 | N24: =(K24/J24)*100 -> #VALUE! | O24: =(L24/J24)*100 -> #VALUE! | Q24: =R24+S24 -> #VALUE! | R24: 20.456 | S24: 14.751.60 | T24: =(R24/Q24)*100 -> #VALUE! | U24: =(S24/Q24)*100 -> #VALUE!
B25: ADRO | C25: PT. AlamTri Resources Tbk | D25: NTB | E25: Pertambangan Batu Bara & Mineral: | F25: 10490 | G25: 204148 | H25: USD Ribu | J25: 107.149.00 | K25: 192.765.00 | L25: N/A | M25: N/A | N25: =(K25/J25)*100 -> #VALUE! | O25: - | Q25: =R25+S25 -> #VALUE! | R25: 644.426.00 | S25: 1.209.102.00 | T25: =(R25/Q25)*100 -> #VALUE! | U25: =(S25/Q25)*100 -> #VALUE!
B26: AMMN | C26: PT. Amman Mineral Internasional Tbk | D26: NTB | E26: Pertambangan tembaga dan emas. | F26: 6000 | G26: 641081 | H26: USD Ribu | J26: 162.021.00 | K26: 117.116.00 | L26: N/A | M26: N/A | N26: =(K26/J26)*100 -> #VALUE! | O26: - | Q26: =R26+S26 -> #VALUE! | R26: 1.665.889.00 | S26: 190.632.00 | T26: =(R26/Q26)*100 -> #VALUE! | U26: =(S26/Q26)*100 -> #VALUE!
A27: Perkebunan
N29: =(K29/J29)*100 -> #DIV/0! | O29: =(L29/J29)*100 -> #DIV/0! | T29: =(R29/Q29)*100 -> #DIV/0! | U29: =(S29/Q29)*100 -> #DIV/0!
A30: Logistik | B30: ELPI | C30: PT. Pelayaran Nasional Ekalya Purnamasari Tbk | D30: Jawa Timur dan Kalimantan Timur | F30: 1080 | N30: =(K30/J30)*100 -> #DIV/0! | O30: =(L30/J30)*100 -> #DIV/0! | T30: =(R30/Q30)*100 -> #DIV/0! | U30: =(S30/Q30)*100 -> #DIV/0!
B31: TMAS | C31: PT. Temas Tbk | D31: Jawa Timur dan Kalimantan Timur | F31: 685 | H31: IDR Juta | J31: =3550845+214434 -> 3765279 | K31: =225845+133116 -> 358961 | L31: 1234297 | M31: N/A | N31: =(K31/J31)*100 -> 9.5334502 | O31: =(L31/J31)*100 -> 32.781024 | Q31: 4348392 | R31: N/A | S31: N/A | T31: - | U31: -
B32: SMDR | C32: PT. Samudera Indonesia Tbk | D32: Jawa Timur dan Kalimantan Timur | F32: 5080
